polymer,smiles,n_variants,pred_canonical,mean_pred,std_pred,std_pred_graph_only,max_dev,viol_rate_0_5sigma,viol_rate_1sigma,viol_rate_2sigma
0,*Cc1ccc(COC(=O)CCCCSCCCCC(=O)O*)cc1,30,4.782541936151814,4.757546061175295,0.04569146168125819,8.881784197001252e-16,0.11009743571011565,0.0,0.0,0.0
1,*NC(CCC(=O)OCc1ccc(Cl)cc1)C(*)=O,30,4.388852161462058,4.3757902819956485,0.13080706258626137,8.881784197001252e-16,0.42744297728386904,0.0,0.0,0.0
2,*Oc1ccc(OC(=O)c2ccc(C(*)=O)cc2)cc1C1CCCCCC1,30,3.5649287433800403,3.714961739764781,0.14847004701532002,8.881784197001252e-16,0.40506127851043683,0.0,0.0,0.0
3,*CC(*)n1ccc2ccccc21,30,1.87486008565465,2.478367398090289,0.106816791920137,6.661338147750939e-16,0.7673068151581317,0.0,0.0,0.0
4,*CCOC(=O)Nc1ccc(NC(=O)O*)cc1,30,4.884136770081679,4.816830451980759,0.08214040689818512,8.881784197001252e-16,0.29000003149752285,0.0,0.0,0.0
5,*OC(F)(C(*)(F)F)C(F)(F)F,30,8.647199958994978,8.047106643362444,0.1899419259650457,0.0,0.8781259869840596,0.03333333333333333,0.0,0.0
6,*OC(=O)CCCCCCCC(*)=O,30,6.2668043461400575,6.337895991359603,0.08614967581998147,8.881784197001252e-16,0.21392214985440638,0.0,0.0,0.0
7,*COC(=S)O*,24,4.790721083241003,4.590376509309533,0.09982484885389506,0.0,0.3683069738943825,0.0,0.0,0.0
8,*CCCOC(=O)NCCCCCCNC(=O)O*,30,6.28432899705602,6.160547578671127,0.05680877074273394,2.6645352591003757e-15,0.29154755946678357,0.0,0.0,0.0
9,*C=CCCCCCCCCCC(Cl)CCCCCCCCC*,30,5.979149206654782,5.972336381769359,0.02119171705994089,2.6645352591003757e-15,0.08954472784145029,0.0,0.0,0.0
10,*C(=O)Nc1ccc(S(=O)(=O)c2ccc(NC(=O)c3ccc4[nH]c(-c5cccc(-c6nc7cc(*)ccc7[nH]6)c5)nc4c3)cc2)cc1,30,3.5484218106153786,3.340646663706365,0.12633317723431967,0.03992369362479468,0.521487821225485,0.0,0.0,0.0
11,*c1ccc(Oc2ccc(P(=O)(c3ccccc3)c3ccc(Oc4ccc(-c5cc(*)[nH]n5)cc4)cc3)cc2)cc1,30,4.020072373140675,3.8555902437636727,0.09467689667889957,0.00022601169958420372,0.3576841459285127,0.0,0.0,0.0
12,*CCCCCCCCCO*,22,6.158634566637532,6.157779623119308,0.03104434389024901,8.881784197001252e-16,0.09665600030998167,0.0,0.0,0.0
13,*C1C2CCC(C2)C1*,30,6.20876921345503,6.2194292507385045,0.0526216032547138,2.6645352591003757e-15,0.12293746753659462,0.0,0.0,0.0
14,*CCCOC(=O)C1CCC(C(=O)O*)CC1,30,6.713140135475995,6.5713320089036875,0.10380707612612675,2.6645352591003757e-15,0.4404937877002322,0.0,0.0,0.0
15,*CC(*)c1cccc2c1OCO2,30,4.485594159183001,4.695438971432346,0.07190404585501484,1.7763568394002505e-15,0.3486745298638967,0.0,0.0,0.0
16,*Cc1ccc(CSSSS*)cc1,30,4.264196948986498,4.2226967404781925,0.050617015224149756,8.881784197001252e-16,0.21011627819287249,0.0,0.0,0.0
17,*CCC1CC(*)C2C3CC(C12)C(C)(C(=O)OC)C3,30,6.218274860920205,6.0750682078669005,0.061092514892468176,2.6645352591003757e-15,0.2537753486686807,0.0,0.0,0.0
18,*c1ccc(*)c(OC)c1N,30,4.600728175255428,4.292839470773782,0.0902460798013081,0.0,0.5371120691665503,0.0,0.0,0.0
19,*C(=O)c1cccc(C(=O)c2ccc3c(c2)C(=O)N(c2ccc(Oc4ccc(N5C(=O)c6ccc(*)cc6C5=O)cc4)cc2)C3=O)c1,30,2.6437950672552146,2.74068231262281,0.10209721755217027,4.440892098500626e-16,0.3125401481736825,0.0,0.0,0.0
20,*c1ccc(Oc2ccc(Oc3ccc(-n4c(=O)c5cc6c(=O)n(*)c(=O)c6cc5c4=O)cc3)cc2)cc1,30,2.085377712745256,2.5285587858656284,0.09559839909456176,0.0,0.6098876564497786,0.0,0.0,0.0
21,*C(F)(F)C1(F)C(F)(F)C(*)(F)C(F)(F)C(F)(Cl)C1(F)F,30,7.3018407133963485,7.210097926323362,0.0893109343516674,1.7763568394002505e-15,0.20665066597641513,0.0,0.0,0.0
22,*OC(CC(*)=O)C(C)(Cl)Cl,30,6.42684947768784,6.279498226601397,0.08293723666023416,2.6147264698081585e-15,0.40509643333832557,0.0,0.0,0.0
23,*OC(=C(C)C)C(C)(C)C(*)=O,30,4.775957537332627,4.676511970050279,0.07442241508739908,8.881784197001252e-16,0.3429791037583083,0.0,0.0,0.0
24,*c1ccc(N2C(=O)c3ccc(-c4ccc5c(c4)C(=O)N(*)C5=O)cc3C2=O)nc1,30,3.2730643030930704,3.2864814830070572,0.10365488508742797,8.881784197001252e-16,0.3272462977056132,0.0,0.0,0.0
25,*NC(CC(=O)OCCC)C(*)=O,30,6.039790831034694,5.977837234102054,0.07976382320275581,2.6645352591003757e-15,0.2583457327718177,0.0,0.0,0.0
26,*CCCCCCCCCNC(=O)NCCCCCCCNC(=O)N*,30,5.598375655223599,5.654735988901418,0.057911352652221075,1.7763568394002505e-15,0.14614110807758074,0.0,0.0,0.0
27,*COC1CC2CC(O*)C1C2,30,6.027726122382763,6.055462239142327,0.042017307061872115,1.7763568394002505e-15,0.09580946895019693,0.0,0.0,0.0
28,*CCCCCCOC(=O)NCC(F)(F)C(F)(F)C(F)(F)C(F)(F)CNC(=O)O*,30,6.67373432516723,6.450261382139016,0.08524831568535338,1.6215845185301646e-16,0.37144143825534215,0.0,0.0,0.0
29,*c1ccc2c(c1)c1cc(*)ccc1n2CCC(=O)OCC,30,3.5411792811722544,3.434786328347699,0.14838552683917483,1.3322676295501878e-15,0.5988440211355481,0.0,0.0,0.0
30,*c1cc(C)c(*)s1,30,2.0130691150216533,2.296942110934069,0.12316785861595606,4.440892098500626e-16,0.44852884038426977,0.0,0.0,0.0
31,*OC(COC(F)(C(F)(F)F)C(F)(F)F)C(*)COC(F)(C(F)(F)F)C(F)(F)F,30,6.563045426796216,6.762509728614919,0.12379631312421985,1.7763568394002505e-15,0.4462489927410047,0.0,0.0,0.0
32,*C=CC(C)(C)CC(C#N)C*,30,5.6280673145430695,5.608017837174956,0.06175093968771332,8.881784197001252e-16,0.1615814012409178,0.0,0.0,0.0
33,*CCCCCCCCCCCCO*,28,6.225175799542441,6.222968418162928,0.028607987675899473,1.7763568394002505e-15,0.09495325255430487,0.0,0.0,0.0
34,*CCCCCCCCCCCCCCC(*)Cl,30,7.129628003581381,6.841547180302135,0.16167953195176946,1.7763568394002505e-15,0.5829117920808207,0.0,0.0,0.0
35,*CCCCOC(=O)OCC1CCC(COC(=O)O*)CC1,30,6.896946402771016,6.774255115793708,0.06760632179874486,1.7763568394002505e-15,0.259149451155654,0.0,0.0,0.0
36,*CC(*)OCc1ccccc1,30,5.045514203497515,5.044169324112749,0.04065455940800327,8.881784197001252e-16,0.1025443405702795,0.0,0.0,0.0
37,*c1ccc(Oc2cccc(Oc3ccc(-n4c(=O)c5cc6c(=O)n(*)c(=O)c6cc5c4=O)cc3)c2C#N)cc1,30,2.5121035185932197,2.6505831881351822,0.09091546835778189,4.440892098500626e-16,0.297204496832447,0.0,0.0,0.0
38,*CC(*)OC(=O)c1cccc(Cl)c1,30,4.061838951000656,4.244863564485353,0.09903321246323216,8.881784197001252e-16,0.33132840015987775,0.0,0.0,0.0
39,*CCCCCCCC(=O)OCC1COC(*)O1,30,6.614244340231418,6.424713615581086,0.09008061620773904,1.7763568394002505e-15,0.36922419272265294,0.0,0.0,0.0
40,*CCCCCCCCCCNC(=O)NCCCCCCNC(=O)N*,30,5.636341383735424,5.704895286734052,0.05410391628195829,1.7763568394002505e-15,0.1284707083775034,0.0,0.0,0.0
41,*CC#CCOC(=O)CCCCCCCCC(=O)O*,30,6.457625810079891,6.348069350499344,0.06974557310381518,0.0,0.2998730280389843,0.0,0.0,0.0
42,*C=CC1CC(*)C(F)(F)C1(F)OC(F)(F)C(F)(F)C(F)(F)F,30,3.7591606930053976,4.245741742130826,0.13856964516534626,0.0,0.7784917352810359,0.0,0.0,0.0
43,*CC(*)c1ccc(C(=O)Cc2ccccc2)cc1,30,3.5860321881040917,3.933724320923277,0.10829226335548786,1.3322676295501878e-15,0.5117353388080446,0.0,0.0,0.0
44,*CCCCCCOC(=O)Nc1ccc(C)c(NC(=O)O*)c1,30,5.1759615217763635,5.050469256045392,0.09334622784412187,8.881784197001252e-16,0.3532016567019447,0.0,0.0,0.0
45,*C=C(*)c1cccc2ccccc12,30,0.8865365641795862,1.970699147281149,0.21676810966970778,0.0,1.2682956316686376,0.9333333333333333,0.0,0.0
46,*CCN(*)Cc1ccccc1,30,3.984752600746894,4.31470287619364,0.05981613418976099,1.3322676295501878e-15,0.47155848039507786,0.0,0.0,0.0
47,*CC(*)C(=O)OCC=C,30,5.972360668970813,5.710961916531801,0.10310142847291752,8.881784197001252e-16,0.4908405513912637,0.0,0.0,0.0
48,*c1ccc(Oc2ccc(Oc3ccc(-n4c(=O)c5cc6c(=O)n(*)c(=O)c6cc5c4=O)cc3)cc2C)cc1,30,2.0569551366523577,2.520630060099327,0.10083897463947751,4.440892098500626e-16,0.6671543422560062,0.0,0.0,0.0
49,*c1cc(SCCCCCC)c(*)s1,30,1.6870645486167102,2.1257637647580343,0.18197475481971226,0.0,0.7288143466459238,0.0,0.0,0.0
50,*CS(=O)(=O)C1CC(*)C[N+](C)(C)C1,30,0.25743404445354245,1.1459053302167987,0.8340362017874398,6.873825812624305e-17,2.50647785983421,0.3,0.3,0.0
51,*c1cccc(-c2nnc(-c3nnc(*)o3)o2)c1,30,3.4348378582966523,3.4835555652356427,0.11657117349959469,8.881784197001252e-16,0.2538813976539176,0.0,0.0,0.0
52,*c1c(C)cc(-c2cc(C)c(N3C(=O)c4ccc(-c5ccc6c(c5)C(=O)N(*)C6=O)cc4C3=O)c(C)c2)cc1C,30,2.8673299469428066,3.048881455738521,0.09977408628806533,8.881784197001252e-16,0.36213004032892915,0.0,0.0,0.0
53,*c1cc(*)c(O)c(C=Nc2ccc(C(=O)O)cc2)c1,30,3.059312603519605,3.122460947019573,0.05870939324440361,4.440892098500626e-16,0.1947272590520579,0.0,0.0,0.0
54,*c1ccc2c(c1)c1cc(*)ccc1n2C,30,3.435859720717173,3.398821186426392,0.0721529413475937,9.244454088746557e-16,0.20591007555561625,0.0,0.0,0.0
55,*c1ccc(-c2nnc(*)o2)c(OCCCCC)c1,30,3.1463391717665434,3.4327528769243205,0.11055983728095975,4.440892098500626e-16,0.5566696646539468,0.0,0.0,0.0
56,*CCON*,10,5.6497991376610806,5.665755527240986,0.018767739955033284,8.881784197001252e-16,0.05421932196675794,0.0,0.0,0.0
57,*C(F)(F)C(S1)=CC=C1C(F)(F)C(=S)*,30,2.632967723204156,3.024862847853711,0.14164214466077404,4.440892098500626e-16,0.6281272154030515,0.0,0.0,0.0
58,*CC(*)c1cc(OC)ccc1OC,30,3.889362773606284,4.315308535388437,0.14336012136628679,4.440892098500626e-16,0.6382998178956338,0.0,0.0,0.0
59,*C1=CC=C(c2sc(-c3sc(*)c4c3OCCO4)c3c2OCCO3)S1(=O)=O,30,1.7667493308387319,1.746164714321839,0.12989279183737903,6.661338147750939e-16,0.34659686960077174,0.0,0.0,0.0
60,*N=C1C=CC(*)C=C1Cl,30,3.523205448259701,3.574754769741107,0.09497145941076525,0.0,0.21479580014545174,0.0,0.0,0.0
61,*OC(CC)(CC)C(*)=O,30,6.1174922736971835,5.977807240048613,0.11826227268217292,1.7763568394002505e-15,0.5369573752276491,0.0,0.0,0.0
62,*CCCCCCCCO*,20,6.149860196615581,6.147529204249344,0.0315659506410568,8.881784197001252e-16,0.09634430093280244,0.0,0.0,0.0
63,*CCCCCCOC(=O)C1CCC(C(=O)O*)CC1,30,6.645920663170739,6.565471556128208,0.08092564104501536,1.7313784796629085e-15,0.38222503869318647,0.0,0.0,0.0
64,*C(=O)Nc1ccc(-c2ccc(NC(=O)c3ccc4c(c3)C(=O)N(c3ccc(S(=O)(=O)c5ccc(N6C(=O)c7ccc(*)cc7C6=O)cc5)cc3)C4=O)cc2)cc1,30,2.951943291384647,2.9586281872702656,0.12716022499757576,0.0301292841352,0.3592764740824381,0.0,0.0,0.0
65,*CCNC(=O)CCCCC(=O)N*,30,5.821263385833429,5.832303019064445,0.043137705818917335,1.7763568394002505e-15,0.10179088845911366,0.0,0.0,0.0
66,*C(F)(F)CC(F)(F)C(S1)=CC=C1*,30,4.9133745460264855,4.780556524083723,0.12351492795792851,8.881784197001252e-16,0.40659626815736516,0.0,0.0,0.0
67,*N=P(*)(OCCC(=O)C=C)OCCC(=O)C=C,30,3.9782186228140946,4.006312968319315,0.05238028217801757,8.881784197001252e-16,0.1525951674324224,0.0,0.0,0.0
68,*NNC(=O)c1ccc([Si](c2ccccc2)(c2ccccc2)c2ccc(C(*)=O)cc2)cc1,30,4.604762705370567,4.380439165364341,0.12414217075861768,8.881784197001252e-16,0.5919058522581508,0.0,0.0,0.0
69,*c1cc2c(s1)-c1sc(*)cc1C2=C1c2ccsc2-c2sccc21,30,1.1811326558267472,1.6430374034037587,0.1549501465947674,2.220446049250313e-16,0.6547519317614781,0.0,0.0,0.0
70,*OC(=O)CCS(=O)(=O)CCC(*)=O,30,6.246184014815789,6.126946291258817,0.08735732658268179,1.7763568394002505e-15,0.4190796500156919,0.0,0.0,0.0
71,*OC(=O)OCC(OC)C(COC(=O)OC1COC2C(*)COC12)OC,30,6.3857660161149346,6.43125685560742,0.06180186871154491,2.3217556975294037e-15,0.1401553959196269,0.0,0.0,0.0
72,*Oc1ccc(S(=O)(=O)c2cccc3c(S(=O)(=O)c4ccc(Oc5ccc(-c6ccc(*)cc6)cc5)cc4)cccc23)cc1,30,3.5813214650214964,3.665070364379419,0.10836922713847041,4.657646926676369e-16,0.39071015695195577,0.0,0.0,0.0
73,*CC(CCCC)O*,30,5.543765158801038,5.955074060852872,0.14305979529272747,2.6645352591003757e-15,0.559754969730963,0.0,0.0,0.0
74,*c1cc(OCCOCCCC)c(*)s1,30,2.58271260562929,2.8128031234281488,0.12876322175968605,1.3073632349040793e-15,0.46891974618176535,0.0,0.0,0.0
75,*CCCCCCOC(=O)OCCCCCCOC(=O)OCCCCCCOc1ccc(C(=O)c2ccc(O*)cc2)cc1,30,4.173649539443311,4.2669860484818125,0.06643561401910499,0.027035728620732353,0.22905628566048453,0.0,0.0,0.0
76,*C=CC(C(=O)OC(C)C)C(*)C(=O)OC(C)C,30,5.328481533304414,5.2244229672281,0.06208248590943908,1.7763568394002505e-15,0.21996611668359378,0.0,0.0,0.0
77,*CC(*)(Cl)Cl,30,5.599642425226067,5.7547749404408775,0.07056131530304953,1.7763568394002505e-15,0.3179697335725624,0.0,0.0,0.0
78,*c1ccc2cc(*)n(C(C(=O)NO)n3ccc4ccccc43)c2c1,30,3.8029402112902173,3.304751057074194,0.14008545931046823,8.881784197001252e-16,0.8120315492312815,0.03333333333333333,0.0,0.0
79,*CC1CCC(*)C1,30,6.9136276312600256,6.665406408075234,0.09577185663292054,0.0,0.4047860551718516,0.0,0.0,0.0
80,*C1=CC2=CC(*)=NC2=N1,30,2.112949830049104,2.278663884421911,0.10945472937782807,0.0,0.40796320405844266,0.0,0.0,0.0
81,*CCOCCOCC#CC#CCOCCOCCOC(=O)NCCCCCCNC(=O)O*,30,5.493486038046385,5.444023189740479,0.06643575508385624,2.6645352591003757e-15,0.1820276117131483,0.0,0.0,0.0
82,*c1cc(C#N)c(*)s1,30,1.7974960791338563,2.2079606905618894,0.1528270091710884,4.440892098500626e-16,0.6069202648769416,0.0,0.0,0.0
83,*OC1C(COC(C)=O)OC(*)C(OC(C)=O)C1O,30,5.675675124039131,5.770259233940883,0.05166312145377684,2.6645352591003757e-15,0.23216442368672752,0.0,0.0,0.0
84,*CCCCCCN(C)C(=O)CCC(=O)N(*)C,30,5.426950874264695,5.458216373336751,0.04800149739764685,8.881784197001252e-16,0.09418191682974619,0.0,0.0,0.0
85,*c1ccc(S(=O)(=O)c2ccc(-n3c(=O)c4cc5c(=O)n(*)c(=O)c5cc4c3=O)cc2)cc1,30,2.840295729567376,3.0023358314105333,0.06374550983098717,8.881784197001252e-16,0.29926162480355556,0.0,0.0,0.0
86,*c1cc(CCCCCCCCCCCC)c(*)s1,30,2.5139591917559385,2.784477400653834,0.11810191440760139,0.0037839189497934516,0.45020819754716923,0.0,0.0,0.0
87,*Oc1ccc(C2(c3ccc(OC(=O)c4ccc(C(*)=O)cc4)cc3)CCC(C(C)(C)C)CC2)cc1,30,3.2827577954757436,3.6042465516456383,0.14819664909122918,8.881784197001252e-16,0.5149118809114723,0.0,0.0,0.0
88,*C=C(*)c1cccc(C#C)c1,30,0.10322648704295491,1.3417528956202258,0.3368228449021373,2.456538314867761e-17,1.506049353261943,0.9,0.0,0.0
89,*c1ccc(-c2ccc(-n3c(=O)c4cc5c(=O)n(*)c(=O)c5cc4c3=O)cc2OC(F)(F)F)c(OC(F)(F)F)c1,30,2.751810891419081,2.9995883293971857,0.12003746734860349,8.881784197001252e-16,0.48885614224456075,0.0,0.0,0.0
90,*C1C=CC(*)CC1,24,5.656495038011759,5.601009520772549,0.05072276082653171,0.0,0.20072096186940236,0.0,0.0,0.0
91,*CC(CCl)(CCl)COC(=O)C(=O)O*,30,5.855916845869477,5.949220641985912,0.1417544930733839,8.881784197001252e-16,0.30708150300225867,0.0,0.0,0.0
92,*CCCCCCCOC(=O)C(=O)O*,30,5.433765759159843,5.865408789132515,0.22957759791210222,1.7763568394002505e-15,0.6976719363554666,0.0,0.0,0.0
93,*CCCCCCNC(=O)CCP(C)(=O)CCC(=O)N*,30,5.860966250157674,5.79298112231275,0.05152927755141804,0.0,0.18531844417780974,0.0,0.0,0.0
94,*Oc1ccc(C(=O)c2ccc(*)cc2)cc1,30,4.010870591416601,4.086794622590049,0.07175501414916058,8.881784197001252e-16,0.22537717129413792,0.0,0.0,0.0
95,*c1ccc(-c2cnc3ccc(S(=O)(=O)c4ccc5ncc(*)nc5c4)cc3n2)cc1,30,3.311478924456845,3.451414277803103,0.116359500716522,9.244454088746557e-16,0.48456924304400095,0.0,0.0,0.0
96,*Oc1ccc(CC(*)=O)cc1,30,4.83044112617641,4.768361545913844,0.06721840459444564,8.881784197001252e-16,0.27134819621719064,0.0,0.0,0.0
97,*CC(*)C(=O)NCCC,30,5.855697879403003,5.772477806861649,0.03624367486854797,1.7763568394002505e-15,0.14964377571257614,0.0,0.0,0.0
98,*NC(=O)C=CC(=O)Nc1nc(*)nc(N)n1,30,3.544371033874192,3.628748459286722,0.06985037496369857,1.3322676295501878e-15,0.22417553315114125,0.0,0.0,0.0
99,*c1ccc(-c2ccc(-n3c(=O)c4cc5c(=O)n(*)c(=O)c5cc4c3=O)cc2)cc1,30,2.3610568237862184,2.7626711503519235,0.11370796750551804,0.0,0.6342289545180111,0.0,0.0,0.0
100,*CCCOCCOCCOC(=O)Nc1ccc(C)c(NC(=O)O*)c1,30,5.0466976634987315,4.905540238508032,0.08396547857855366,1.7763568394002505e-15,0.3096922862081213,0.0,0.0,0.0
101,*C(=O)NCCCCCCNC(=O)c1cccc(*)n1,30,4.866578971896571,4.758880554005627,0.11180651670966926,8.881784197001252e-16,0.37828905446611394,0.0,0.0,0.0
102,*C(C=C1)=CC=C1C(S2)=CC=C2C(C=C3)=CC=C3C(S4)=CC=C4*,30,2.3789978815339063,2.5055180148793617,0.10027376613466017,0.0,0.4144190070723992,0.0,0.0,0.0
103,*CCCOC(=O)COCC(=O)O*,30,6.1026717343261225,6.080794738007089,0.06725086572348547,0.0,0.2275478113414824,0.0,0.0,0.0
104,*Oc1cccc(NC(=O)c2ccc(*)cc2)c1,30,4.372896341198268,4.207503832694474,0.11133630552433464,8.881784197001252e-16,0.47325087012968226,0.0,0.0,0.0
105,*Nc1ccc(Cc2ccc(NC(=O)c3cc(C(*)=O)cc(N4C(=O)C=CC4=O)c3)cc2)cc1,30,2.3701204864945478,2.7648205064784963,0.1356953148976122,0.0,0.650921506603312,0.0,0.0,0.0
106,*c1ccc2[nH]c(*)nc2c1,30,3.8477055085753546,3.687028527635246,0.10240227950632166,4.440892098500626e-16,0.40561315076209636,0.0,0.0,0.0
107,*Oc1ccc(N=CNc2ccc(*)cc2)cc1,30,3.6698483610637798,3.665901883293672,0.05853218126007037,8.656892398314543e-16,0.14125425874046993,0.0,0.0,0.0
108,*CCCCCCCCCCC(=O)O*,30,6.721186445130439,6.592300886116685,0.060069384564274124,1.7763568394002505e-15,0.27951160909237593,0.0,0.0,0.0
109,*NC(CC(*)=O)c1ccccc1,30,5.513356762604932,5.204413716892692,0.1722296057411492,8.881784197001252e-16,0.8023383163851774,0.06666666666666667,0.0,0.0
110,*CCCCCCCC(=O)OC1COC(*)OC1,30,6.631304169962004,6.4357177088781174,0.08977708616884075,1.7763568394002505e-15,0.34217618534002625,0.0,0.0,0.0
111,*C=Cc1ccc(*)c2sccc12,30,2.185990489987495,2.463238083414638,0.1255493557379321,4.440892098500626e-16,0.4460679292581897,0.0,0.0,0.0
112,*CCOCCOC(=O)C(C)C(=O)O*,30,6.330034018057502,6.272779271788509,0.09222583251652777,2.6645352591003757e-15,0.2311692650358843,0.0,0.0,0.0
113,*CC(*)(F)C(=O)OCC(F)(F)C(F)(F)C(F)(F)C(F)(F)C(F)(F)C(F)(F)C(F)(F)C(F)(F)F,30,6.501421695317354,6.386806385865669,0.1666463364820037,0.014781743001580118,0.3659368110343584,0.0,0.0,0.0
114,*CCCCCCCCCCNC(=O)N*,30,5.751843655574471,5.7738044275560965,0.031656121351367084,8.881784197001252e-16,0.11324695974876775,0.0,0.0,0.0
115,*CCCCCCCCCCOc1cccc(OC(=O)c2ccc(C(=O)Oc3cccc(O*)c3)cc2)c1,30,3.5115897944513033,3.8921224969642987,0.0896359114529761,0.0020593261442714457,0.6068568528721685,0.0,0.0,0.0
116,*CC(*)C(=O)Oc1ccc(OC)cc1,30,4.547173436821399,4.541976179100088,0.07234395460944455,8.881784197001252e-16,0.1857403740282777,0.0,0.0,0.0
117,*c1ccc2cc(N(*)c3ccccc3)ccc2c1,30,2.9127495940816504,3.173228513136985,0.12942122864720645,4.440892098500626e-16,0.447384128426334,0.0,0.0,0.0
118,*CCN(*)C(=O)c1ccc(F)c(F)c1,30,4.965838849646168,4.726988203811552,0.09640168685020442,0.0,0.49776122958276137,0.0,0.0,0.0
119,*CCCCCC(=O)NCCCCCCNC(=O)CCCCCO*,30,5.914197609323192,5.894731931033644,0.03908041611747914,8.881784197001252e-16,0.13728955789113595,0.0,0.0,0.0
120,*NC(CCCNC(=O)c1ccc(F)cc1)C(*)=O,30,4.729559967685793,4.706113489569356,0.10613046807204754,8.881784197001252e-16,0.39423488559853226,0.0,0.0,0.0
121,*CCOCCOCCOCCOC(=O)NCCCCCCNC(=O)O*,30,6.0663063652492095,5.970441323886956,0.08117029615422863,1.7763568394002505e-15,0.260376277009839,0.0,0.0,0.0
122,*CCCCCCCC(=O)O*,30,6.69460340506367,6.602719209089856,0.06121229241232193,8.881784197001252e-16,0.2182820291539045,0.0,0.0,0.0
123,*c1ccc(-c2ccc(N3C(=O)c4ccc(Oc5ccc6c(c5)C(=O)N(*)C6=O)cc4C3=O)cc2C)c(C)c1,30,3.1935033218370883,3.241244106264578,0.11163437374564515,8.881784197001252e-16,0.351917075496194,0.0,0.0,0.0
124,*C([2H])([2H])C(*)([2H])C([2H])=C([2H])[2H],30,5.946815545037496,5.845227571904122,0.03194966839699252,2.6645352591003757e-15,0.16336890636261892,0.0,0.0,0.0
125,*c1cc(CCCCCCCCCCCCCCCCCCCCCC)c(*)s1,30,2.853726980077745,3.0872587383449424,0.09120977098149322,0.006321207308509633,0.40065076473684025,0.0,0.0,0.0
126,*CCCCCCCCCOc1ccc(C=CC=Cc2ccc(O*)cc2)cc1,30,3.594752776049506,3.6905687459901837,0.06130820280140423,4.440892098500626e-16,0.19097838967693548,0.0,0.0,0.0
127,*C(=O)NNC(=O)c1cccc(C(=O)NNC(=O)c2cnc(*)cn2)c1,30,3.410908511513158,3.5886459164360436,0.1169084239831953,4.290309365903226e-16,0.3946296190683265,0.0,0.0,0.0
128,*CCCCCCCCCCOC(=O)CCC(=O)O*,30,6.738851508827226,6.650075339213851,0.06489074303110853,0.0,0.2303153346697835,0.0,0.0,0.0
129,*c1nnc(C2CC3(CC(*)C3)C2)o1,30,5.975376752330393,5.762495866721507,0.08723520370492664,7.605905581599572e-16,0.40812375085597896,0.0,0.0,0.0
130,*CCCCCCCCCOCO*,26,6.488194158086651,6.451119163043668,0.03679907388111697,8.881784197001252e-16,0.12154372115401113,0.0,0.0,0.0
131,*c1cc(C=Nc2ccc(C)cc2)c(*)c(OC)c1,30,3.355378557755805,3.2097901261140462,0.09124212900436886,1.3322676295501878e-15,0.3251279716176585,0.0,0.0,0.0
132,*C=CC(=C(C)C)C(*)=C(C)C,30,3.472518960939043,3.6734709153287475,0.09131966468563917,4.440892098500626e-16,0.35619809732479535,0.0,0.0,0.0
133,*c1ccc(Oc2ccc(-n3c(=O)c4c(F)c5c(=O)n(*)c(=O)c5c(F)c4c3=O)cc2)cc1,30,2.041844680255706,2.332949245029908,0.07254307813056796,0.0,0.4221591823502804,0.0,0.0,0.0
134,*OC(C)CCOC(=O)COCC(*)=O,30,6.204134157245184,6.117271658287295,0.06309502683951361,8.881784197001252e-16,0.20196715270940224,0.0,0.0,0.0
135,*CCCCCCCCc1nc(-c2ccc(-c3csc(*)n3)cc2)cs1,30,3.8033051923836236,3.8403346427784393,0.1655665855273963,8.881784197001252e-16,0.31359840051820154,0.0,0.0,0.0
136,*C(C)=C(*)C#N,30,3.316673669947196,3.554548929533493,0.12532669119659035,8.881784197001252e-16,0.48310697234406064,0.0,0.0,0.0
137,*OC(CCCCC)CC(*)=O,30,6.593888000068229,6.3935048714075,0.14147884532375318,1.7763568394002505e-15,0.6258180272575187,0.0,0.0,0.0
138,*CCNC(=O)CCCCCCCCCCC(=O)N*,30,5.787652749837124,5.860897431039343,0.024243179197963663,8.881784197001252e-16,0.11830116336707697,0.0,0.0,0.0
139,*OC(c1ccccc1)C(C)(C)C(*)=O,30,5.314263005615524,5.150634470726043,0.1067413595271766,1.8488908177493114e-15,0.5452934010565214,0.0,0.0,0.0
140,*c1nc2c(n1C)C(=O)N(*)C2=O,30,4.227985823717978,4.134572375953915,0.07574683339370307,8.881784197001252e-16,0.24486965239060554,0.0,0.0,0.0
141,*CC(C)(C)COC(=O)CCC(=O)O*,30,6.645239829409472,6.4701042753128295,0.09048539315618766,1.7763568394002505e-15,0.35016321378948856,0.0,0.0,0.0
142,*Oc1ccc(S(=O)c2ccc(OC(*)=O)cc2)cc1,30,4.620335174066433,4.494562891504682,0.1388426205407953,1.7763568394002505e-15,0.5939559118586288,0.0,0.0,0.0
143,*NC(C)=CC(*)=O,30,3.6352275015988242,3.7773243431768875,0.07142735439254333,8.881784197001252e-16,0.21731084005782186,0.0,0.0,0.0
144,*NC(=O)C(C=C1)=CC=C1C(S2)=CC=C2*,30,3.179805994988052,3.136312136099224,0.13525406859853897,8.881784197001252e-16,0.3464708797380842,0.0,0.0,0.0
145,*c1cc(CC(=O)OCCCCCCOc2ccc(N=Nc3ccc(C#N)cc3)cc2)c(*)s1,30,2.399150319452629,2.635718457456668,0.12106571110219937,0.01686992392356982,0.43293698009424775,0.0,0.0,0.0
146,*CC(*)(F)C(=O)OC,30,6.744460562481572,6.657708501603682,0.09489097948279727,1.7763568394002505e-15,0.4630557596815619,0.0,0.0,0.0
147,*C(=O)c1ccc2nc(-c3ccccc3)c(-c3ccc(-c4nc5ccc(*)cc5nc4-c4ccccc4)cc3)nc2c1,30,3.1246851919450305,3.2268345744407343,0.1535263911990499,8.656892398314543e-16,0.3730216740471186,0.0,0.0,0.0
148,*OC1CCC(OC(=O)CCC(*)=O)CC1,30,6.621473965626475,6.474537800332431,0.0741960916822529,8.881784197001252e-16,0.3512465017802455,0.0,0.0,0.0
149,*CC(C)(CO*)COCC(F)(F)F,30,7.011399432902034,7.008210395732263,0.062337598479127294,8.881784197001252e-16,0.1257652137299381,0.0,0.0,0.0
150,*NC(C=C1)=CC=C1C(C=C2)=CC=C2C(=S)*,30,2.7266057549104894,2.8752194765248515,0.12392173461781576,8.881784197001252e-16,0.40455548564806154,0.0,0.0,0.0
151,*CC(=O)N*,20,5.503944160044692,5.672624629630722,0.06016736220430728,8.881784197001252e-16,0.2575901211905105,0.0,0.0,0.0
152,*CCNC(=O)NCCCCCCNC(=O)O*,30,5.808668387404656,5.850924559642611,0.06797386943897657,1.7763568394002505e-15,0.16870043480060826,0.0,0.0,0.0
153,*Oc1ccc(Oc2ccc(C=NCCCCN=Cc3ccc(*)cc3)cc2)cc1,30,4.094608598815711,4.089358852290532,0.09372681622563815,0.0,0.2398453614913807,0.0,0.0,0.0
154,*CC(S1)=CC=C1C(=O)C(S2)=CC=C2*,30,3.4206780115788598,3.30563345226146,0.15746254783627597,4.440892098500626e-16,0.5155597766677427,0.0,0.0,0.0
155,*c1nc(-c2ccccc2)nc(N(*)c2ccccc2)n1,30,3.92084054831186,3.9119792666615028,0.11859042160126329,4.440892098500626e-16,0.25457239854433,0.0,0.0,0.0
156,*C1CC(C)(C)OC1*,30,5.80839954933741,5.952849296006379,0.08230263657379834,2.6645352591003757e-15,0.3228674589900278,0.0,0.0,0.0
157,*CCCC(C)CC(=O)N*,30,6.024433320860789,5.984545773926661,0.04100829554413948,1.7763568394002505e-15,0.11791202360154784,0.0,0.0,0.0
158,*CCCCCCCCCCNC(=O)CCP(C)(=O)CCC(=O)N*,30,5.746086892692656,5.724005905272893,0.03173237746923203,8.881784197001252e-16,0.08175215221285992,0.0,0.0,0.0
159,*OC(C)CCC(C)OC(=O)CCCCC(*)=O,30,6.5101514062834624,6.405794126052927,0.08952505086904354,1.7763568394002505e-15,0.335803561591395,0.0,0.0,0.0
160,*CCCCCCCCCCC(=O)NCCCCCOCCCCCNC(=O)CCCO*,30,5.866308857076003,5.8389904357288405,0.03907802724720826,8.881784197001252e-16,0.10333824116314982,0.0,0.0,0.0
161,*CCNC(=O)CCCCCCCCCCCCCCC(=O)N*,30,5.908173897339985,5.907993697448939,0.02390931812919868,1.7763568394002505e-15,0.05957824502279596,0.0,0.0,0.0
162,*NC(C)C(=O)NCCCC(*)=O,30,5.793866958530916,5.679585291585627,0.09100417080422864,8.881784197001252e-16,0.36706778791698547,0.0,0.0,0.0
163,*CNC(=S)C(C=C1)=CC=C1*,30,3.280397351946638,3.2836667263142942,0.07338839096943921,8.881784197001252e-16,0.17149822135214254,0.0,0.0,0.0
164,*c1ccc(Oc2ccc(-c3cnc4ccc(-c5ccc6nc(*)cnc6c5)cc4n3)cc2)cc1,30,3.084311465810792,3.2263613809320977,0.13316448440757384,1.3322676295501878e-15,0.395193328914508,0.0,0.0,0.0
165,*C(C=C1)=CC=C1C(S2)=CC=C2OC(S3)=CC=C3*,30,3.046716951345844,2.928271376850555,0.1134491280675436,4.440892098500626e-16,0.36024091103771605,0.0,0.0,0.0
166,*C(=O)Nc1ccc(NC(=O)c2ccc3[nH]c(-c4cc(-c5nc6cc(*)ccc6[nH]5)cc(N5C(=O)c6ccccc6C5=O)c4)nc3c2)cc1,30,2.4435462671460444,2.5950970412715937,0.13856184767154922,0.0001493685618901353,0.3085838632392268,0.0,0.0,0.0
167,*c1ccc2nc(*)sc2c1,30,3.0495014419303503,3.2038586601764516,0.11144106282122185,4.440892098500626e-16,0.2923379569319322,0.0,0.0,0.0
168,*CCCCCCCC(=O)N(*)C,30,5.685398028433502,5.677759647488244,0.028103655061178796,8.881784197001252e-16,0.06024525366735212,0.0,0.0,0.0
169,*CCOC(=O)c1ccc(C2(C)CC(C)(C)c3ccc(C(=O)O*)cc32)cc1,30,4.410180828541481,4.503808403679246,0.0707353527195658,8.881784197001252e-16,0.3228257020747298,0.0,0.0,0.0
170,*C#Cc1cc(CCCCCC)c(*)s1,30,1.8194453553197225,2.7043863975203783,0.25287954428606807,2.145154682951613e-16,1.269613249002659,0.7,0.0,0.0
171,*C=Cc1ccc(*)s1,30,2.6510874385055088,2.692342215797629,0.14463957038933892,4.440892098500626e-16,0.2586593099706267,0.0,0.0,0.0
172,*C(=O)c1ccc2c(c1)C(=Nc1ccc(Oc3cccc(N=C4OC(=O)c5ccc(*)cc54)c3)cc1)OC2=O,30,2.5536417421960262,2.8170231950237743,0.12368042490265563,4.290309365903226e-16,0.48277759109867535,0.0,0.0,0.0
173,*Oc1ccc(C(C)(c2ccccc2)c2ccc(OC(=O)OC3C(C)(C)C(OC(*)=O)C3(C)C)cc2)cc1,30,4.839025313373734,4.645800897154435,0.07261787087058519,2.293266818639604e-16,0.40714680234760525,0.0,0.0,0.0
174,*Nc1ccc(NC(=O)CCCCCCCC(*)=O)cc1,30,4.481953912091708,4.541185393478508,0.046000436615338466,8.881784197001252e-16,0.12032738141556898,0.0,0.0,0.0
175,*CC(S1)=CC=C1C(=S)C(S2)=CC=C2*,30,2.626708697992788,2.6538533812383425,0.08527759726098018,8.881784197001252e-16,0.1806455754202707,0.0,0.0,0.0
176,*CC(*)(C)C(=O)OCc1cccs1,30,5.090661879141333,4.964836872567229,0.07768135361576366,8.881784197001252e-16,0.3777950722891825,0.0,0.0,0.0
177,*c1ccc(C(c2ccc(-n3c(=O)c4cc5c(=O)n(*)c(=O)c5cc4c3=O)cc2)(C(F)(F)F)C(F)(F)F)cc1,30,2.7357926199293807,2.9439759438108224,0.08307882773405134,8.881784197001252e-16,0.3695649172182338,0.0,0.0,0.0
178,*Oc1ccc(C(c2ccccc2)(c2ccccc2)c2ccc(OC(=O)CCCCCCCCC(*)=O)cc2)cc1,30,4.74088596234413,4.613147976686534,0.06960352619117727,1.7763568394002505e-15,0.31188949874524496,0.0,0.0,0.0
179,*CCCC(=O)NCCCCCCNC(=O)CCCO*,30,5.841066495775435,5.834936990261679,0.042025236023511756,0.0,0.15540493833835534,0.0,0.0,0.0
180,*c1sc(*)c(OCCOCCCC)c1C,30,1.8828469499763085,2.4961634267680135,0.16679697217846312,6.661338147750939e-16,0.8977249701583383,0.2,0.0,0.0
181,*OC(*)CC,20,6.466264762197865,6.167585500946451,0.10841000166422715,0.0,0.5385466128432546,0.0,0.0,0.0
182,*CC1CC1CO*,30,5.959191885141514,5.972572102642095,0.040179348562134745,1.7763568394002505e-15,0.12515961484084848,0.0,0.0,0.0
183,*CCCCCCCCCCCCCCCCCCCCOC(=O)c1ccccc1C(=O)O*,30,5.235366873200724,5.2254651398021235,0.05241529835860146,1.7763568394002505e-15,0.12060973433044708,0.0,0.0,0.0
184,*Nc1ccc(-c2ccc(NC(=O)c3cc(NC(=O)c4ccncc4)cc(C(*)=O)c3)cc2)cc1,30,3.2542538556009046,3.348906137375219,0.17732178362683787,8.881784197001252e-16,0.6233231023067303,0.0,0.0,0.0
185,*CC1CC(*)C(=O)OC1=O,30,6.127312617035573,5.947022839055245,0.11630597481224565,2.6645352591003757e-15,0.35306307885485744,0.0,0.0,0.0
186,*Nc1c(Br)cc(*)cc1Br,30,4.24780868778892,4.0511711385641425,0.12430590681114062,0.0,0.40833441204935106,0.0,0.0,0.0
187,*OC1(C)CCC(*)CC1CCCCCCCC,30,5.5404185503510615,5.511422051536146,0.13683277891858417,0.0,0.2825467762495508,0.0,0.0,0.0
188,*C=Cc1cc(OC)c(C=Cc2ccc(*)s2)cc1OC,30,2.331791082469133,2.412838985305851,0.13458183848950694,0.0,0.38295845647259963,0.0,0.0,0.0
189,*c1ccc(-c2ccc(N3C(=O)c4ccc(-c5cccc6c5C(=O)N(*)C6=O)cc4C3=O)c(C)c2)cc1C,30,2.895241387040988,3.06466964320325,0.13598393892107108,9.244454088746557e-16,0.45673047329777283,0.0,0.0,0.0
190,*C=CC=CCC*,14,4.304851869528795,4.369722696212183,0.050710987227828346,8.881784197001252e-16,0.14362653430795724,0.0,0.0,0.0
191,*CCCCCCCCCCCCCCCCOC(=O)CCCCCCC(=O)O*,30,6.72388021798835,6.664118679027014,0.0490813691055955,0.0,0.17725869336952726,0.0,0.0,0.0
192,*C(=O)C(C=C1)=CC=C1OC(S2)=CC=C2*,30,3.7213143788984637,3.5475621761848752,0.13569825086143428,8.881784197001252e-16,0.5644595060148592,0.0,0.0,0.0
193,*CC(*)OC(=O)c1ccc(OC)cc1,30,4.461237959059822,4.5910088776306175,0.08412867781704132,1.7763568394002505e-15,0.2689857793218122,0.0,0.0,0.0
194,*Oc1ccc(-c2ccc(C(*)=O)cc2)cc1Br,30,3.7841544923214765,3.7832073613028085,0.16783234407331776,0.0,0.3372567065312242,0.0,0.0,0.0
195,*C=CC(C)C(*)C(=O)OCC(C)C,30,5.443695413186438,5.358408518478935,0.07940247102508202,8.881784197001252e-16,0.24174111884644134,0.0,0.0,0.0
196,*CS*,6,5.419508249180849,5.500919038409575,0.04993646773548958,8.881784197001252e-16,0.15482705781934314,0.0,0.0,0.0
197,*OC(=O)OC1CC2CC(*)CC(C1)O2,30,6.3190600106570205,6.362000511150944,0.0641091983800946,8.881784197001252e-16,0.15036701187556467,0.0,0.0,0.0
198,*C(=O)Nc1ccc(Oc2ccc(N3C(=O)c4ccc(*)cc4C3=O)cc2)cc1,30,2.8701615743474425,3.202147571233759,0.13374476724931234,1.3322676295501878e-15,0.535472506894354,0.0,0.0,0.0
199,*c1cc(C(=O)Oc2cccc3cccnc23)c(*)s1,30,2.78401858052346,2.7792548462006152,0.16092665933252245,9.244454088746557e-16,0.44373544313112445,0.0,0.0,0.0
200,*c1ccc(-c2nnc(*)o2)cc1,30,3.2856505211908913,3.637543639106392,0.08142709404600891,8.881784197001252e-16,0.5816632109683209,0.0,0.0,0.0
201,*CC(*)OC(C)=O,30,6.740993038552857,6.6066121346991435,0.061862582614177646,0.0,0.2649050332394234,0.0,0.0,0.0
202,*C(C=C1)=CC=C1C(S2)=CC=C2C(=S)C(S3)=CC=C3*,30,2.129280586037606,2.103971128701996,0.10318771190602742,8.881784197001252e-16,0.2894197677483532,0.0,0.0,0.0
203,*CCCCNC(=O)c1cccc(C(=O)N*)c1,30,4.922506150615364,4.808937074130088,0.061885192515399555,0.0,0.22272022461915775,0.0,0.0,0.0
204,*c1ccc(-c2ccc(*)n2C#Cc2ccc(CCCCCC)cc2)s1,30,2.5053310262600657,2.5039939489778313,0.13116296579427036,1.522998553442863e-10,0.3779843697668426,0.0,0.0,0.0
205,*CCCCCCCCCNC(=O)CCC=CCCC(=O)N*,30,5.590882050477714,5.597563108506409,0.037344278683324586,8.881784197001252e-16,0.08112814975594329,0.0,0.0,0.0
206,*CCCCCCNC(=O)c1c(F)c(F)c(C(=O)N*)c(F)c1F,30,4.835016360197544,4.856666598834915,0.042928378873409334,8.881784197001252e-16,0.10859588531210829,0.0,0.0,0.0
207,*CCCN(*)C,24,4.9096498960360115,4.947965375489949,0.02492990135663688,0.0,0.0832986210104174,0.0,0.0,0.0
208,*C=Cc1ccc(*)n1CCCCCCCCCCCC,30,2.3871780196805874,2.9120688307933107,0.0958789132049794,0.002774186997215353,0.6383906527321535,0.0,0.0,0.0
209,*C=CC=CC=CC=C(*)CCS(=O)(=O)O,30,1.0066397566203962,1.5210386093967747,0.23596046401670953,2.220446049250313e-16,0.7556834938110784,0.0,0.0,0.0
210,*CCSSSSCCO*,20,4.688285956536652,4.740663351972389,0.0516980950273266,8.881784197001252e-16,0.13827428368545558,0.0,0.0,0.0
211,*c1ccc2cc(-c3nc4cc5sc(*)nc5cc4s3)ccc2c1,30,3.2113501692190574,3.1356791565768543,0.15469735879014643,8.881784197001252e-16,0.4622993881367079,0.0,0.0,0.0
212,*C(=O)Nc1cccc(C(=O)Nc2cccc(NC(=O)c3ccc4[nH]c(-c5cccc(-c6nc7cc(*)ccc7[nH]6)c5)nc4c3)c2)c1,30,3.150409989034959,2.94773310403915,0.10450134368525824,0.01973449437417109,0.4108694518882663,0.0,0.0,0.0
213,*c1ccc2nc(*)oc2c1,30,3.670554941663612,3.7133940541455375,0.06302305713088881,4.440892098500626e-16,0.16702411382552107,0.0,0.0,0.0
214,*c1cc(C=O)cc(*)c1O,30,4.046683986857898,4.089578416361184,0.09651219283756293,8.881784197001252e-16,0.20734216118147497,0.0,0.0,0.0
215,*c1ccc(*)n1CCC(=O)OCC,30,2.8156383407785954,3.1858117064264038,0.08890235196296967,4.864753555590494e-16,0.4995245881596757,0.0,0.0,0.0
216,*c1cc(*)c(O)c(C=Nc2ccc(Cl)cc2)c1,30,2.910744361104288,3.0591648619334113,0.09392241754189969,8.881784197001252e-16,0.3198648410391245,0.0,0.0,0.0
217,*c1ccc(-c2ccc(-c3ccc4nc(Oc5cc(-c6ccccc6)c6cc(*)ccc6n5)cc(-c5ccccc5)c4c3)cc2)cc1,30,3.3181171680284542,3.345414575836656,0.133158357010959,0.00026540029772215883,0.3418456293054746,0.0,0.0,0.0
218,*c1cc(C=NC(=S)Nc2ccc(-n3c(=O)c4cc5c(=O)n(*)c(=O)c5cc4c3=O)cc2)ccc1Cl,30,2.2139136564277475,2.4841692386259906,0.06787104288973739,4.440892098500626e-16,0.4307596786775667,0.0,0.0,0.0
219,*Oc1ccc(Oc2ccc(C(=O)c3ccc(*)cc3)cc2)cc1C(Br)Br,30,3.851560335423555,3.9512605538108017,0.10724558314318981,4.440892098500626e-16,0.27603351348395133,0.0,0.0,0.0
220,*C(F)(F)C(C=C1)=CC=C1C(F)(F)O*,30,4.982263514270495,4.885357948791722,0.06858961418799854,8.881784197001252e-16,0.3305662839137655,0.0,0.0,0.0
221,*CCC(=O)N*,24,5.733823527050779,5.750405442998911,0.03468215156877378,0.0,0.07425999187081622,0.0,0.0,0.0
222,*CC(CSC(C)C)O*,30,4.897313221579042,5.276951056465447,0.19979273189372093,8.881784197001252e-16,0.808129841636914,0.03333333333333333,0.0,0.0
223,*C(C=C1)=CC=C1C(S2)=CC=C2C(S3)=CC=C3O*,30,3.686342492648487,3.6328320142351553,0.14073668131346614,8.881784197001252e-16,0.31934500396879617,0.0,0.0,0.0
224,*C(=O)Oc1ccc(OC(=O)c2ccc3c(c2)C(=O)N(c2ccc(Oc4ccc(N5C(=O)c6ccc(*)cc6C5=O)cc4)cc2)C3=O)c(-c2ccccc2)c1,30,2.614848013367207,2.971932948105342,0.15337810131007973,0.00790332147893502,0.6998030413234,0.0,0.0,0.0
225,*c1cc(-c2sc(-c3cc(C)c(*)s3)cc2C)c2cccccc1-2,30,1.8840739141039173,1.8979065656136382,0.09888072770602334,4.440892098500626e-16,0.18482528213500338,0.0,0.0,0.0
226,*OP(=O)(Oc1ccc(*)cc1)OC1CCCCC1,30,5.081036090419444,4.9720183301104495,0.05870981468950712,0.0,0.2533022868440238,0.0,0.0,0.0
227,*NC(CC(*)=O)C(=O)OCCCCCCCCCCCC,30,5.928491106163616,5.9024482734411485,0.10260042181523527,0.002670750020773678,0.26794930453523236,0.0,0.0,0.0
228,*c1cc(Br)c(Oc2c(Br)cc(N3C(=O)c4ccc(-c5ccc6c(c5)C(=O)N(*)C6=O)cc4C3=O)cc2Br)c(Br)c1,30,2.717300936696521,2.823088424233163,0.08936973492032961,9.244454088746557e-16,0.2791384457337669,0.0,0.0,0.0
229,*C(=O)Nc1cc(NC(=O)c2ccc(*)o2)c(N)cc1N,30,2.823240338465773,3.1646840070539435,0.10010465812897759,1.3322676295501878e-15,0.5055856538549315,0.0,0.0,0.0
230,*c1ccc(-c2ccc(-c3cnc4cc(-c5ccc6nc(*)cnc6c5)ccc4n3)cc2)cc1,30,2.8326594548936144,3.122117762977774,0.15132591731253595,0.0,0.622320721572692,0.0,0.0,0.0
231,*c1cc(CCCCCCCCCC)c(*)[nH]1,30,2.918372819121905,3.254571942110819,0.1281596315513021,1.3073632349040793e-15,0.5643660732039653,0.0,0.0,0.0
232,*=CC2OC(C=*)C3C(=O)N(c1cc(C(F)(F)F)cc(C(F)(F)F)c1)C(=O)C23,30,5.0709301879142625,4.980550094550515,0.06798897165431626,8.881784197001252e-16,0.2576127120387879,0.0,0.0,0.0
233,*Oc1ccc(C(=O)CCCCC(=O)c2ccc(OC(*)=O)cc2)cc1,30,4.41963962316163,4.2655876719756955,0.10472969628675144,0.0,0.3669182882299653,0.0,0.0,0.0
234,*CC(CCl)(CBr)COC(=O)CCCCC(=O)O*,30,6.665290611671816,6.534583766746917,0.08507441710156985,1.7763568394002505e-15,0.3211146769645872,0.0,0.0,0.0
235,*C(=O)OC(C=C1)=CC=C1C(=S)*,30,3.0355219099592854,3.260700047693295,0.20500906622818976,0.0,0.6220577130170812,0.0,0.0,0.0
236,*CC(*)C(=O)Oc1ccc(Cl)cc1,30,4.168537338875717,4.24689389516191,0.06981409589255722,8.881784197001252e-16,0.19156847729442905,0.0,0.0,0.0
237,*c1cc(N=Nc2ccc(C(=O)O)cc2)cc(*)c1O,30,3.0303341609480268,3.2098479988844777,0.10138986205406361,8.881784197001252e-16,0.35440240760939634,0.0,0.0,0.0
238,*OC1(O)CCCC(*)C1,30,6.325319670271566,6.25696847619526,0.07094368745292781,0.0,0.23118019468792905,0.0,0.0,0.0
239,*CCCCC(=O)O*,30,6.6806319878071845,6.518684195078417,0.07447556238974716,1.7763568394002505e-15,0.2993794352549317,0.0,0.0,0.0
240,*CCCCNC(=O)CCCCCCC(=O)NCCCCNC(=O)C(=O)N*,30,5.429557406623693,5.561382951627846,0.09261983593040983,1.7763568394002505e-15,0.27898716931864076,0.0,0.0,0.0
241,*OP(=O)(Oc1ccccc1)Oc1ccc(*)cc1,30,4.8938555762344755,4.784565191986366,0.0893824283759359,8.881784197001252e-16,0.2807006862458916,0.0,0.0,0.0
242,*NC(S1)=CC=C1NC(=S)*,30,2.941840266055234,2.955316830949911,0.10340040757249025,0.002552067659921935,0.23456542249833578,0.0,0.0,0.0
243,*OC(=O)C=CC(=O)OC1COC2C(*)COC12,30,4.2887737052881905,4.42369480866928,0.06403266479877731,0.0,0.24950687102105906,0.0,0.0,0.0
244,*CCCCCCCCCCCCc1nc2cc3sc(*)nc3cc2s1,30,4.213880102520937,3.940572502430769,0.21261774150985205,9.729507111180987e-16,0.7010130835087591,0.0,0.0,0.0
245,*CCCCCCCCCCc1nnc(*)n1N,30,5.607813290831661,5.463201190312194,0.0813540700792696,1.7763568394002505e-15,0.26993216895387384,0.0,0.0,0.0
246,*C(=O)Nc1ccc(C2(c3ccc(N4C(=O)c5ccc(*)cc5C4=O)cc3)CC(C)CC(C)(C)C2)cc1,30,2.8405829546817003,3.2088760327871295,0.09268984562343997,1.3322676295501878e-15,0.5071616628405606,0.0,0.0,0.0
247,*c1cccc(C(c2ccccc2)(c2cccc(N3C(=O)c4ccc(Oc5ccc6c(c5)C(=O)N(*)C6=O)cc4C3=O)c2)C(F)(F)F)c1,30,3.4889317363525114,3.3879333298209025,0.08253036306575302,0.0,0.24213523443114493,0.0,0.0,0.0
248,*c1ccc(Cc2cccc(-n3c(=O)c4cc5c(=O)n(*)c(=O)c5cc4c3=O)c2)cc1,30,2.819905898959772,2.8535559772750605,0.08089079983650499,8.881784197001252e-16,0.25891982932427293,0.0,0.0,0.0
249,*C(=O)NNC(=O)C(=O)NNC(=O)c1cncc(*)n1,30,4.261104765416572,4.037239679263632,0.10991317565262068,8.881784197001252e-16,0.4646638569867392,0.0,0.0,0.0
250,*Nc1ccc(-c2ccc(NC(=O)c3cccc(C(*)=O)c3)cc2)cc1,30,3.4170567365243665,3.501979913902465,0.24878808747078,1.3322676295501878e-15,0.8261245816479077,0.03333333333333333,0.0,0.0
251,*CCCCCCCCCCOC(=O)CC=CCC(=O)O*,30,6.076474127773015,6.011129456531618,0.07130177774092543,1.7763568394002505e-15,0.20940497229487232,0.0,0.0,0.0
252,*C(=O)C(C=C1)=CC=C1C(=S)O*,30,3.3014552240266606,3.3428650855822903,0.10522766125642236,1.3073632349040793e-15,0.3916702610305385,0.0,0.0,0.0
253,*CC(Cl)(C#N)C1C=CC(*)CC1,30,5.505484475317893,5.618114329411321,0.0812058670135775,1.7763568394002505e-15,0.2708967945814056,0.0,0.0,0.0
254,*c1ccc(-c2ccn3sc4nc5nc6c(cc5oc-4cc-3nc2)Nc2nc3ccc(*)cc3nc2O6)cc1,30,1.6011325020717622,1.9321843644213952,0.12292100044735642,4.440892098500626e-16,0.606685968750396,0.0,0.0,0.0
255,*Oc1ccc(NC(=O)c2cccc(C(=O)Nc3ccc(Oc4ccc(C5(c6ccc(*)cc6)C6CC7CC(C6)CC5C7)cc4)cc3)c2)cc1,30,3.8890104636346434,3.823254488713727,0.0820060486096126,0.0027165898694110546,0.24517047253600488,0.0,0.0,0.0
256,*CCOC(=O)c1ccc2ccc(C(=O)O*)cc2c1,30,3.930593210492731,4.027512084340798,0.07883992153137158,0.0,0.25428749515757065,0.0,0.0,0.0
257,*CCCCC(C)CCn1c(=O)c2cc3c(=O)n(*)c(=O)c3cc2c1=O,30,3.787154488894993,3.8259027386702353,0.056474925496036665,8.881784197001252e-16,0.13505612476064277,0.0,0.0,0.0
258,*CCCCCCCCCNC(=O)CCCCCCCCCCCC(=O)N*,30,5.881423724572876,5.89417697041914,0.02718252646029164,1.7763568394002505e-15,0.09096115389005544,0.0,0.0,0.0
259,*Nc5ccc(NC(=O)c4ccc(C3(c1ccc(C(*)=O)cc1)OC(=O)c2ccccc23)cc4)cc5,30,3.4472650069044084,3.5022363170637862,0.08430385138183161,1.3322676295501878e-15,0.25479744327330467,0.0,0.0,0.0
260,*c1ccc(-n2ccc(-c3cccc(-c4ccn(*)n4)c3)n2)cc1,30,3.6571924379385,3.70852049511728,0.12642688175660702,8.881784197001252e-16,0.28093313987507695,0.0,0.0,0.0
261,*C=Cc1csc(C=Cc2cccc(*)n2)c1CCCCCC,30,3.3613281447373624,3.2011788141513056,0.08906138662968291,8.881784197001252e-16,0.3553774725916239,0.0,0.0,0.0
262,*CCCCOc1ccc(C=C2CCC(=Cc3ccc(O*)cc3)C2=O)cc1,30,3.031551106082695,3.250293467283548,0.100259496909668,1.3322676295501878e-15,0.3564389376269177,0.0,0.0,0.0
263,*OC1C(COC(C)=O)OC(*)C(OC(C)=O)C1OC(C)=O,30,5.899974183976906,5.87000655322659,0.053608412010856955,1.7763568394002505e-15,0.13795500234138114,0.0,0.0,0.0
264,*Nc1cccc(C(*)=O)c1,30,4.0745101186912756,4.0752965608567076,0.14131569243886274,8.881784197001252e-16,0.6558068782545678,0.0,0.0,0.0
265,*CC(=O)NC(S1)=CC=C1*,30,4.4108915516565546,4.246805169287337,0.20325438147948455,1.7763568394002505e-15,0.532994353255873,0.0,0.0,0.0
266,*CC(COc1cccc(C)c1)O*,30,5.099763007035099,5.057399423557242,0.05193146058994031,8.881784197001252e-16,0.15571199644003464,0.0,0.0,0.0
267,*CCCCOC(=O)c1cccc(C(=O)O*)c1,30,5.093972372511056,4.972970570210267,0.08343953414897708,8.881784197001252e-16,0.280162998276829,0.0,0.0,0.0
268,*CCOCCOC(=O)COCC(=O)O*,30,5.964906191511275,5.912229097701062,0.054072209276644884,2.6645352591003757e-15,0.1644463447818696,0.0,0.0,0.0
269,*CCCCCOC(=O)NCCSCCCCCSCCNC(=O)O*,30,5.278217712675457,5.252822836159639,0.041654454073342534,0.0,0.1039620056184356,0.0,0.0,0.0
270,*NC(CCCCNC(*)=O)C(=O)OC,30,6.106333490487489,6.085413049517372,0.06940173249214968,8.881784197001252e-16,0.2128284892128347,0.0,0.0,0.0
271,*CCCCCCCCNC(=O)CCCCCCCCCCCCC(=O)N*,30,5.903127723544285,5.905150846250646,0.020840901514159925,0.0,0.04717252661201066,0.0,0.0,0.0
272,*c1ccc2cc(-c3nc4cc5nc(*)[nH]c5cc4[nH]3)ccc2c1,30,3.242612886455641,3.32492700039447,0.0851691452768662,8.656892398314543e-16,0.34513824207084154,0.0,0.0,0.0
273,*CCOC(=O)N(C)c1ccc(C)c(N(C)C(=O)O*)c1,30,5.160330878048333,5.0321559765288955,0.07385637545469267,1.7763568394002505e-15,0.3848151264142645,0.0,0.0,0.0
274,*CCCCCCNC(=O)CCCCCC(=O)N*,30,5.914445757680427,5.910015456235046,0.030081842812950784,0.0,0.09679894886960572,0.0,0.0,0.0
275,*NC(C=C1)=CC=C1C(=O)C(=S)*,30,2.4728298418948347,2.754426010703453,0.21558649099414873,0.0,0.6523312581218463,0.0,0.0,0.0
276,*C(=O)NCCCCCCNC(=O)c1cc(O)cc(*)n1,30,4.85465122463184,4.71847154715358,0.07038263980437662,8.881784197001252e-16,0.2915801683407615,0.0,0.0,0.0
277,*COC(=O)NCCCCCCNC(=O)OCc1cccc(*)n1,30,5.110445023947549,5.003940649238525,0.08417116936769627,1.7763568394002505e-15,0.28508936879373703,0.0,0.0,0.0
278,*NC(Cc1c[nH]c2ccccc12)C(*)=O,30,4.2703283216497105,4.093618061951949,0.15723008738726013,8.580618731806452e-16,0.8345771370942181,0.03333333333333333,0.0,0.0
279,*CC(*)C(=O)c1ccc(Br)c(OC)c1,30,3.6877409466821867,3.717166706339107,0.10386103512236357,8.881784197001252e-16,0.2733135714557129,0.0,0.0,0.0
280,*c1ccc(-c2ccc(-c3cc(CCCCCCCC)c(*)s3)s2)s1,30,2.3602449449270466,2.1520888999387413,0.17439264313487837,0.0,0.7585434643631981,0.0,0.0,0.0
281,*c1ccc(-c2ccc(-c3ccc(*)s3)s2)o1,30,1.7422076835009883,1.905730486283201,0.14415405009479082,4.440892098500626e-16,0.5281336025727561,0.0,0.0,0.0
282,*CC(S1)=CC=C1C(S2)=CC=C2O*,30,3.5342858252000524,3.608821534972276,0.0875923333611538,8.881784197001252e-16,0.30412766769569943,0.0,0.0,0.0
283,*CCC(Cl)C(*)Cl,30,6.65923318417257,6.419816760166055,0.10003996225609485,1.7763568394002505e-15,0.37195853725093464,0.0,0.0,0.0
284,*OC(COCCCC)COC(*)=O,30,6.236976322784453,6.134944751567084,0.09857600261342377,1.7763568394002505e-15,0.3191673175968548,0.0,0.0,0.0
285,*c1ccc(-c2ccc(-c3cc(-c4ccccc4)c4cc(-c5ccc6nc(*)cc(-c7ccccc7)c6c5)ccc4n3)cc2)cc1,30,3.1085673087023444,3.2480377131756195,0.16380672666193757,0.0002806293443379763,0.4141752051395069,0.0,0.0,0.0
286,*C#CC=C*,10,1.2786622691177976,1.5785101700710655,0.13749882096839827,9.930136612989092e-17,0.5089098063411654,0.0,0.0,0.0
287,*CCOC(=O)Cc1ccc(CC(=O)O*)cc1,30,5.268427958276674,5.175058940687242,0.09853362858804796,0.0,0.40689990864671177,0.0,0.0,0.0
288,*c1nc(C)nc(N(CCCCN(*)c2ccccc2)c2ccccc2)n1,30,3.7428257777852347,3.7376850649704694,0.12766529538459365,1.3322676295501878e-15,0.24279337554565528,0.0,0.0,0.0
289,*CCCC(=S)*,24,3.6224612867790307,3.7145254360169577,0.1155879827130395,0.0,0.48319312138201154,0.0,0.0,0.0
290,*Nc6ccc(C5(c3ccc(NC(=O)Cc2ccc(Oc1ccc(C(*)=O)cc1)cc2)cc3)OC(=O)c4ccccc45)cc6,30,3.593223949277429,3.5886217548049415,0.0749433341593306,0.030619036842306498,0.19528347050842854,0.0,0.0,0.0
291,*Cc1ccc(CNC(=O)CCCCCCCCCCC(=O)N*)cc1,30,5.243503789784637,5.138224105923371,0.07994781098802299,1.7763568394002505e-15,0.2737820549589136,0.0,0.0,0.0
292,*NC(Cc1ccccc1)C(*)=O,30,5.455581658963561,5.208070157496538,0.1585369234651999,1.8488908177493114e-15,0.7603368899883893,0.0,0.0,0.0
293,*CCCCCCOC(=O)NCCCNC(=O)O*,30,6.201768342000124,6.101411493854637,0.08399471354488469,0.0,0.274651504261179,0.0,0.0,0.0
294,*C#Cc1cc(OCC(CC)CCCC)c(C#Cc2cc(OCCNCCCC)c(*)cc2OCCNCCCC)cc1OCC(CC)CCCC,30,2.9754421523316994,3.4662234079342857,0.14748464827085384,8.881784197001252e-16,0.768143033626111,0.0,0.0,0.0
295,*Nc1ccc(*)cc1,28,3.9924489774939724,4.15786549681602,0.07220263158304059,1.3322676295501878e-15,0.26937877671565946,0.0,0.0,0.0
296,*c1sc(-c2cc(OCCCCC)c(*)s2)cc1OCCCCC,30,1.2859730200606587,1.8681892093936896,0.1335703439370384,0.0,0.7676950111077594,0.0,0.0,0.0
297,*C(F)(F)C(F)(F)C(C=C1)=CC=C1C(=S)*,30,3.458343559883648,3.5577866878018383,0.10986307314749579,8.881784197001252e-16,0.36183693738379397,0.0,0.0,0.0
298,*CCNC(=O)c1ccc(O*)cc1,30,4.864687595678757,4.788462603627997,0.1313820478413765,8.881784197001252e-16,0.4763301690879844,0.0,0.0,0.0
299,*C=C(*)c1ccc([N+](=O)[O-])cc1,30,0.7287190877189604,1.9671250367485442,0.3492998710703261,1.0725773414758065e-16,1.488949155782739,0.9333333333333333,0.0,0.0
300,*Oc1ccc(NC(=O)c2cc(NC(=O)c3ccncc3)cc(C(=O)Nc3ccc(*)cc3)c2)cc1,30,3.3127298793685496,3.3545300542824568,0.07440326728199119,0.02222580084430423,0.19154940577720758,0.0,0.0,0.0
301,*c1sc(*)c(OCCCC)c1C,30,2.4712286779366566,2.805386986559279,0.13335004209524853,8.881784197001252e-16,0.582405797627827,0.0,0.0,0.0
302,*c1ccc(-c2ccc(-c3cc(-c4ccc(Oc5ccc(-c6cc(*)nc7ccccc67)cc5)cc4)c4ccccc4n3)cc2)cc1,30,3.1160488593919347,3.221642707428523,0.14976764453214036,0.0003455048955546433,0.368371643961833,0.0,0.0,0.0
303,*CC(*)OCCCCC,30,5.724365174448587,5.907269229247472,0.15165203284411832,1.7763568394002505e-15,0.43984629640078055,0.0,0.0,0.0
304,*CCCCCC(=O)NCCOC(=O)CCCCC(=O)O*,30,6.100813628066301,6.032906611947312,0.06354751693214011,1.7763568394002505e-15,0.24217529471811616,0.0,0.0,0.0
305,*c1ccc(*)n1C(=O)OCC,30,2.5172767286547026,2.9249868791368625,0.11868835866008273,4.440892098500626e-16,0.5351948488806872,0.0,0.0,0.0
306,*CCNC(S1)=CC=C1*,30,4.023542213997989,4.074617600615254,0.13282127701045152,8.881784197001252e-16,0.2637985394256832,0.0,0.0,0.0
307,*c1sc(*)c(OC)c1OC,30,3.902893700558869,3.5624698678590496,0.14769927521973816,8.881784197001252e-16,0.6469829186272578,0.0,0.0,0.0
308,*C(F)(F)C(C=C1)=CC=C1C(F)(F)C(=S)*,30,2.846914374671748,3.5005310302942814,0.17746757865214846,1.3322676295501878e-15,1.0194468364637128,0.06666666666666667,0.0,0.0
309,*C(=O)Nc1ccc(NC(=O)c2ccc3c(c2)C(=O)N(c2c(C)cc(C)c(N4C(=O)c5ccc(*)cc5C4=O)c2C)C3=O)cc1,30,3.2339518181529763,3.0746875674800678,0.06898807881960094,8.656892398314543e-16,0.30282868545656205,0.0,0.0,0.0
310,*CCCCCCNC(=O)CCCCCCCCCCCCCCCCC(=O)N*,30,5.900122158892719,5.90851945980187,0.034670815277589154,1.7763568394002505e-15,0.10129953973259198,0.0,0.0,0.0
311,*CCCCCC[N+](*)(C)C,30,0.09855145399441059,0.41988449981335396,0.22290844088877526,1.3877787807814457e-17,0.7134577208723409,0.0,0.0,0.0
312,*Nc1c(OC)cc(*)cc1OC,30,3.4525254543694954,3.8521654176997893,0.14427877013854354,8.881784197001252e-16,0.6837186664140127,0.0,0.0,0.0
313,*C(=O)Nc1cccc(NC(=O)c2cccc(NC(=O)c3ccc(-c4nc5cc(*)ccc5[nH]4)cc3)c2)c1,30,3.2939360280478303,3.223089950270589,0.10417025783995824,8.656892398314543e-16,0.4140562420673719,0.0,0.0,0.0
314,*C(=O)C1CC(OC(C)=O)CN1*,30,4.382727834421347,5.120105676621326,0.15767143885610593,0.0,0.9564005067867427,0.4666666666666667,0.0,0.0
315,*C(=O)c1ccc2c(c1)C(=O)N(c1ccc(Oc3cccc(N4C(=O)c5ccc(*)cc5C4=O)c3)cc1)C2=O,30,2.504882034607006,2.8375387722783953,0.08176209964666542,4.440892098500626e-16,0.5097793878212649,0.0,0.0,0.0
316,*CC(*)(C)C(=O)OCc1ccc(Cl)cc1Cl,30,4.847329225640599,4.734845740565361,0.08037315590540653,0.0,0.3148420966665775,0.0,0.0,0.0
317,*CCCCCCCCCCOC(=O)CC(C)C(=O)O*,30,6.6186887009626165,6.527598229963519,0.13309216139481864,1.7763568394002505e-15,0.4659782274597575,0.0,0.0,0.0
318,*CCC(*)=O,20,5.435667856430125,5.5308000000436195,0.055327408711085234,8.881784197001252e-16,0.2194587993135162,0.0,0.0,0.0
319,*Oc1ccc(Oc2ccc(C(=O)c3cccc(-c4cccc(C(=O)c5ccc(*)cc5)c4)c3)cc2)cc1,30,3.5431511861404683,3.5570677150816636,0.1201861272914728,8.881784197001252e-16,0.21595501234721182,0.0,0.0,0.0
320,*Oc1ccc(S(=O)(=O)c2ccc(-c3ccc(-c4ccc(S(=O)(=O)c5ccc(*)cc5)cc4)cc3)cc2)cc1,30,3.682367836125123,3.8496964881236124,0.11722361052496771,0.0,0.4268268902602079,0.0,0.0,0.0
321,*c1cncc(-c2nc3ccc(-c4ccc5nc(*)sc5c4)cc3s2)c1,30,3.167329320593308,3.0983930002600535,0.15288922935214783,8.881784197001252e-16,0.4495610485071837,0.0,0.0,0.0
322,*CCCNC(=O)CCCCCCCCCCCCCCCCCCC(=O)N*,30,5.90543296526289,5.879642494852731,0.026181808398444667,0.0,0.07741119735363355,0.0,0.0,0.0
323,*C(F)(F)C(F)(F)C(=O)C(C=C1)=CC=C1*,30,4.308630399833506,4.301319737600824,0.09977149117276807,0.0,0.18944882941621444,0.0,0.0,0.0
324,*C=CCC*,10,4.88336829756217,4.952339481676271,0.061461582817981954,0.0,0.16839161094027943,0.0,0.0,0.0
325,*CC1(C)CC(*)(C)C(=O)OC1=O,30,6.047321588146903,5.948584403951143,0.10037979201550619,8.881784197001252e-16,0.3394132629662945,0.0,0.0,0.0
326,*CCCCCCCCNC(=O)CCCCCCCCCCC(=O)N*,30,5.883118227602072,5.889504083753061,0.02585491134844269,8.881784197001252e-16,0.05077960560859118,0.0,0.0,0.0
327,*c1ccc(-c2nc3ccc(-c4ccc5nc(*)sc5c4)cc3s2)cc1,30,3.082888995042517,3.186505205326996,0.14072942009282458,1.3322676295501878e-15,0.4524136465589095,0.0,0.0,0.0
328,*CC(*)CC(C)C,28,6.657364455801446,6.499617272852966,0.09370966042417223,1.7763568394002505e-15,0.3152014161054275,0.0,0.0,0.0
329,*C(C=C1)=CC=C1C(=S)C(C=C2)=CC=C2C(=S)*,30,2.6597412731429295,2.7712232577015405,0.09123505098363403,4.290309365903226e-16,0.2730156384856479,0.0,0.0,0.0
330,*COC(S1)=CC=C1O*,30,4.7974778929003685,4.740578652026916,0.07580141198173823,1.7763568394002505e-15,0.22880515235193855,0.0,0.0,0.0
331,*C(=O)CCN1CCN(CCC(=O)N2CCN(*)C(C)C2)CC1,30,5.122986439434516,5.260998383199122,0.040684000202765365,1.7763568394002505e-15,0.2524757721952504,0.0,0.0,0.0
332,*Oc1ccc(C(C)(C)c2ccc(OC(=O)c3ccc(C(*)=O)cc3)c(C(C)C)c2)cc1C(C)C,30,3.9973433323764147,4.032010734705158,0.07543531400752272,4.440892098500626e-16,0.15429883617001527,0.0,0.0,0.0
333,*c1ccc(-c2ccc(-c3ccc(*)n3C)n2C)cn1,30,2.97665387714489,3.1559090299853394,0.14866063437372243,1.3322676295501878e-15,0.4605997662356711,0.0,0.0,0.0
334,*CC(O*)C(C)C,28,5.777888712743371,5.790444503767893,0.108998212297909,8.881784197001252e-16,0.27806152508491255,0.0,0.0,0.0
335,*Oc1ccc(C2(c3ccc(OC(*)=O)cc3)CC(C)CC(C)(C)C2)cc1,30,4.941960059635639,4.820988743235585,0.10165229726153459,8.881784197001252e-16,0.4058302815696706,0.0,0.0,0.0
336,*CCCCCCNC(=O)NCCCNC(=O)N*,30,5.592306818537052,5.684427461477592,0.0645273141774919,2.293266818639604e-16,0.16891620065325874,0.0,0.0,0.0
337,*c1ccc(-c2ccc(-c3nc(CCCCCCCCCCCC)c(-c4sc(*)nc4CCCCCCCCCCCC)s3)s2)s1,30,2.2637090172729186,2.155913164767124,0.1498989445330297,0.003764086401067208,0.38086899334615043,0.0,0.0,0.0
338,*C(=O)c1ccc2c(c1)C(=O)N(c1cccc(C(=O)Nc3ccc(N4C(=O)c5ccc(*)cc5C4=O)cc3)c1)C2=O,30,2.573083499721083,2.741544742822487,0.06493251452145167,8.881784197001252e-16,0.29162490036705213,0.0,0.0,0.0
339,*c1ccc(-c2sc(-c3cc(SCCCC)c(*)s3)cc2SCCCC)cc1,30,2.481703390308148,2.3856207925781656,0.11173714431195726,4.440892098500626e-16,0.34731837545924815,0.0,0.0,0.0
340,*C(=O)c1ccc2c(c1)C(=O)N(c1ccc(C(C)(C)c3ccc(C(C)(C)c4ccc(N5C(=O)c6ccc(*)cc6C5=O)cc4)cc3)cc1)C2=O,30,2.5529596954323126,2.7644439781143175,0.09093542149358526,0.00047481364247703445,0.3776346262155168,0.0,0.0,0.0
341,*Oc1ccc(C(c2ccc(OC(=O)c3cccc(C(*)=O)c3)cc2)C(Cl)(Cl)Cl)cc1,30,3.798638236780578,3.9717521475988056,0.06561485501523723,4.440892098500626e-16,0.27287376794394946,0.0,0.0,0.0
342,*NC(C=C1)=CC=C1C(C=C2)=CC=C2O*,30,3.9132914210531835,4.084872706341899,0.1291632198780941,4.440892098500626e-16,0.4593017797732992,0.0,0.0,0.0
343,*OC(C)CCOC(=O)CCCCC(*)=O,30,6.6104768113411065,6.41799019181623,0.1308274774851907,1.7763568394002505e-15,0.42805231282577605,0.0,0.0,0.0
344,*CCCCCCCCCCCNC(=O)CCCCCCCCC(=O)N*,30,5.920359224938345,5.907940503754811,0.024516464596303394,1.7763568394002505e-15,0.0587415887105216,0.0,0.0,0.0
345,*CCOCCOC(=O)C=CC(=O)NCCCCCCNC(=O)C=CC(=O)O*,30,4.646779489475717,4.64776758379019,0.10575901938990506,8.580618731806452e-16,0.23436623011266366,0.0,0.0,0.0
346,*c1cc(CCN(CC)c2ccc(N=Nc3ccc(C=C(C#N)C#N)cc3)cc2)c(*)s1,30,2.1319055342262416,2.2052830083574193,0.12176578634119274,0.01785303685362132,0.33104953308492036,0.0,0.0,0.0
347,*CCCCCCCCCCCCCCCCCCCCCCOC(=O)CCC(=O)O*,30,6.701024977454102,6.618802535012803,0.0653580977505618,1.7763568394002505e-15,0.27515914555542764,0.0,0.0,0.0
348,*Cc1nc2cc3sc(*)nc3cc2s1,30,3.9137814942807547,3.6636102179845365,0.19671999154957864,0.0,0.6321112128348614,0.0,0.0,0.0
349,*CCCCCCOC(=O)CCCCCNC(=O)CCCCC(=O)NCCCCCC(=O)O*,30,5.906750259722658,5.8370303645733985,0.07071856390482117,0.04095407511833783,0.20513340439445304,0.0,0.0,0.0
350,*C(C=C1)=CC=C1C(C=C2)=CC=C2C(S3)=CC=C3C(S4)=CC=C4*,30,2.2327683827275524,2.4565917473551733,0.1534276532886851,4.864753555590494e-16,0.5563376584573372,0.0,0.0,0.0
351,*C(=O)C1CC(OC(=O)CCC)CN1*,30,5.066152816452533,5.549571315358823,0.11941699928350041,8.881784197001252e-16,0.6400347793956698,0.0,0.0,0.0
352,*C(=O)NCCCCCCNC(=O)C1=COC=C(*)O1,30,4.448803849947783,4.719329242415208,0.19348272853071097,8.881784197001252e-16,0.5806364522972842,0.0,0.0,0.0
353,*OC(=O)CS(=O)(=O)CCS(=O)(=O)CC(*)=O,30,5.762256247260797,5.641942321743269,0.10546788787326246,1.7763568394002505e-15,0.26611245774857917,0.0,0.0,0.0
354,*NC(=S)NC(=S)*,30,2.827538527096009,3.0098644607035347,0.07932190548782565,0.0,0.28903581407252465,0.0,0.0,0.0
355,*NC(=O)C(S1)=CC=C1C(C=C2)=CC=C2*,30,2.940525263636609,2.951501096854389,0.16849174453876903,1.3322676295501878e-15,0.4096622316151026,0.0,0.0,0.0
356,*Cc1ccc(CNC(C)=N*)cc1,30,4.889875841901186,4.721441401311477,0.09737457283865386,0.0,0.3480410460597758,0.0,0.0,0.0
357,*C(C=C1)=CC=C1C(C=C2)=CC=C2C(S3)=CC=C3O*,30,3.4124086998512237,3.6291594168309307,0.13052472558620393,8.881784197001252e-16,0.45997675056842535,0.0,0.0,0.0
358,*CCCCCCCCCCCCCCCCOC(=O)NCc1ccc(CNC(=O)O*)cc1,30,5.394130615375048,5.315239044251913,0.07292844963694335,0.0,0.2425622385904065,0.0,0.0,0.0
359,*CC1CC(*)OC(C)O1,30,6.110879715476125,6.1649362632152895,0.06716590699688312,1.7763568394002505e-15,0.21889256658874778,0.0,0.0,0.0
360,*C(=O)OC(=O)O*,30,5.260455390962723,5.145097898324141,0.15254680046447325,1.7763568394002505e-15,0.43493631583355974,0.0,0.0,0.0
361,*CCc1ccc(*)c(C#N)c1,30,4.801065134865512,4.6811809092974,0.06705951522268311,8.881784197001252e-16,0.32505239015879717,0.0,0.0,0.0
362,*C=CC(C(=O)OC)C(*)c1ccccc1,30,4.950666533223009,4.89130313605645,0.1186969459499722,0.0,0.39673644662833585,0.0,0.0,0.0
363,*NC(C(*)=O)C(C)CC,30,5.575048424398714,5.630798658074696,0.07364195797189031,0.0,0.2371031764900362,0.0,0.0,0.0
364,*OC(C)COC(=O)C(*)=O,30,5.734040929652534,5.745972251568181,0.13150757017531417,8.732499880982792e-16,0.279115750497021,0.0,0.0,0.0
365,*Oc1ccc(C(=O)Nc2ccc(Cc3ccc(NC(=O)c4ccc(Oc5nc(*)nc(Sc6ccccc6)n5)cc4)cc3)cc2)cc1,30,3.4411036474818415,3.530701001025315,0.08635416632557176,0.00045833083846663,0.2918343286917371,0.0,0.0,0.0
366,*C1C=CC(*)C1,20,5.578729579621313,5.542250474485182,0.05567621813392747,8.881784197001252e-16,0.1618452174171301,0.0,0.0,0.0
367,*Oc1ccc(OC(=O)c2ccc(C(*)=O)cc2)cc1,30,3.882864021848425,4.064524014096781,0.0940754097857387,8.881784197001252e-16,0.3297555405688346,0.0,0.0,0.0
368,*c1ccc(C)c(N2C(=O)c3ccc(S(=O)(=O)c4ccc5c(c4)C(=O)N(*)C5=O)cc3C2=O)c1,30,3.2241510503706117,3.256543811757392,0.1117413497206594,8.881784197001252e-16,0.2641166700995248,0.0,0.0,0.0
369,*CCOC(=O)Nc1ccc(-c2ccc(NC(=O)O*)c(C)c2)cc1C,30,4.341793501198502,4.351698251356699,0.17133394771488114,1.7763568394002505e-15,0.6153459766117324,0.0,0.0,0.0
370,*CC(=O)C(C=C1)=CC=C1C(S2)=CC=C2*,30,3.4291016690591674,3.3221697033712414,0.15211612805476132,8.881784197001252e-16,0.5722114952704231,0.0,0.0,0.0
371,*CCCCOC(=O)SNCCCCCCNSC(=O)O*,30,5.418529603764601,5.385043358257389,0.033727395280462674,8.881784197001252e-16,0.1395737937967887,0.0,0.0,0.0
372,*CC1CCC(COC(=O)CCC(=O)O*)CC1,30,6.675874916119019,6.604669832156829,0.04957463460965249,1.7763568394002505e-15,0.2064846884841529,0.0,0.0,0.0
373,*C(=O)c1ccc2c(c1)C(=O)N(c1cccc(N3C(=O)c4ccc(*)cc4C3=O)c1C)C2=O,30,3.2019789408432224,3.195662516941661,0.11043775447822324,1.2819751242557094e-15,0.26797296826596106,0.0,0.0,0.0
374,*CCCCCCCCNC(=O)CCC=CCCC(=O)N*,30,5.524172018858644,5.5762130389684765,0.05686150171665127,1.7763568394002505e-15,0.15697518146199396,0.0,0.0,0.0
375,*NC(C=C1)=CC=C1C(C=C2)=CC=C2C(C=C3)=CC=C3*,30,3.3645468842150965,3.5809709502618174,0.1403417650934546,8.881784197001252e-16,0.48066259231175623,0.0,0.0,0.0
376,*CCCCCCCCCCOC(=O)CCCCCC(=O)O*,30,6.742978336898744,6.657835501673047,0.06194378767168481,0.0,0.2416623916781635,0.0,0.0,0.0
377,*CC(=S)NO*,24,3.5278384519979333,3.8200954504118703,0.10791635642260498,0.0,0.5320581553073627,0.0,0.0,0.0
378,*CC=CCNC(=O)CCC=CCCC(=O)N*,30,5.319833353131985,5.181084334579236,0.08109648679782608,1.7763568394002505e-15,0.33994920421289443,0.0,0.0,0.0
379,C13C(C=*)OC(C=*)C1C(=O)N(C2=CC=CC(C(F)(F)F)=C2)C3=O,30,5.111542995135289,5.008812607987189,0.055140403551550116,1.7763568394002505e-15,0.25504029218537383,0.0,0.0,0.0
380,*Oc1ccc(C(CCCC)(CCCC)c2ccc(OC(*)=O)cc2)cc1,30,5.025413225033638,4.841307288498315,0.06590810628496324,1.7763568394002505e-15,0.35583869969083537,0.0,0.0,0.0
381,*CCCc1nc2cc3sc(*)nc3cc2s1,30,4.179536459540794,3.9497074542354254,0.17280464246735444,8.881784197001252e-16,0.6149260270995294,0.0,0.0,0.0
382,*Oc1cccc(Oc2cccc(*)n2)c1,30,4.543086694339853,4.47468803351998,0.0724949786772605,8.881784197001252e-16,0.22106884869702892,0.0,0.0,0.0
383,*C(F)(F)NC(F)(F)O*,30,8.257564904950836,7.373078209352736,0.23625346019102572,0.0,1.2040088633279025,0.8,0.0,0.0
384,*CCNC(=O)c1cccc(O*)c1,30,4.6761704812345375,4.710369171984512,0.11553629758016504,8.881784197001252e-16,0.3093473688978028,0.0,0.0,0.0
385,*c1sc(*)c2c1OCC(CCCCCCCCCCCC)O2,30,2.064922248052784,2.8657046366447974,0.1592377605720631,0.005128407863173005,0.99863009273946,0.6333333333333333,0.0,0.0
386,*Oc1cc(Oc2ccc(C(C)(C)c3ccc(*)cc3)cc2)cc(C(=O)Oc2ccc(N=Nc3ccc(C#N)cc3)cc2)c1,30,3.0766599707130147,3.09903190466932,0.10767361039831659,0.024395696010318556,0.244634644864274,0.0,0.0,0.0
387,*Nc1cc(*)ccc1CCCCCC,30,3.9970600491455914,4.177857588096914,0.10855353688849816,8.881784197001252e-16,0.45498380898646085,0.0,0.0,0.0
388,*C(=O)c1ccc2c(c1)C(=O)N(c1ccc(-c3ccc(N4C(=O)c5ccc(*)cc5C4=O)cc3C)c(C)c1)C2=O,30,2.797878154899868,2.892216566026993,0.09713709775044142,8.881784197001252e-16,0.35864789529524277,0.0,0.0,0.0
389,*OC(=O)c1ccc(C(C)(C)c2ccc(C(*)=O)cc2)cc1,30,4.430716652038823,4.46360683002362,0.07902314022647726,0.0,0.1945858655811774,0.0,0.0,0.0
390,*CC(*)(C)C(=O)OCc1ccc2c(c1)c1ccccc1n2CC,30,3.937252570453021,3.882484249175689,0.13148828403238702,8.881784197001252e-16,0.37693060359184916,0.0,0.0,0.0
391,*NC(C#N)=C(C#N)NC(=O)c1ccc(C(*)=O)cc1,30,3.522160362595969,3.5257654721036564,0.11517912836090698,1.146633409319802e-16,0.47656587758396407,0.0,0.0,0.0
392,*CNOC(S1)=CC=C1*,30,4.501357100559568,4.41569058234447,0.11635978936888612,1.7763568394002505e-15,0.3173286612956243,0.0,0.0,0.0
393,*Nc1cc(NC(=O)c2ccc(C(*)=O)cc2)cc(C(=O)OCCOc2ccc(C=CC(=O)c3ccccc3)cc2)c1,30,3.181108053303923,3.0453294431162536,0.11075457973385167,0.02687157875676247,0.44198913144408447,0.0,0.0,0.0
394,*Cc1ccc(CNC(=O)c2cccc(C(=O)N*)c2)cc1,30,4.667148226572019,4.534366137392763,0.10607499811170219,0.0,0.400281007148898,0.0,0.0,0.0
395,*CC(OC)C(C(=O)O)C(*)C(=O)O,30,6.309745511869652,6.208475764189399,0.10672004246922008,2.6645352591003757e-15,0.3478617539767388,0.0,0.0,0.0
396,*CC(O)COc1ccc(O*)cc1,30,4.779898925213161,4.865872391668529,0.06918411161434003,0.0,0.21256880112358267,0.0,0.0,0.0
397,*CCCCCCNC(=O)CC(=O)N*,30,5.821681063165061,5.857838955720965,0.037638532136521304,2.6645352591003757e-15,0.12056527937625638,0.0,0.0,0.0
398,*Nc1ccc(C(C)(C)c2ccc(NC(=O)c3cc(C(*)=O)cc(N4C(=O)C5C6CCC(C6)C5C4=O)c3)cc2)cc1,30,4.019089869876231,3.9780019972488847,0.059659579999859075,8.881784197001252e-16,0.13892911187104495,0.0,0.0,0.0
399,*OC(=O)OCCCCCCCCOC(=O)OC1COC2C(*)COC12,30,6.731304561839485,6.668695696492128,0.06967272589539564,8.881784197001252e-16,0.22647327638998593,0.0,0.0,0.0
400,*OC(=O)C(Cc1ccccc1)NC(=O)CCCCC(=O)NC(Cc1ccccc1)C(=O)OC1COC2C(*)COC12,30,5.227473545910822,5.080995635602674,0.09885901754612224,1.7763568394002505e-15,0.3487923715081678,0.0,0.0,0.0
401,*CCCCC(=O)NCCCCCCC(=O)NCCC(=O)N*,30,5.719677382265948,5.69933491218448,0.0550062057776908,8.881784197001252e-16,0.15209264158183622,0.0,0.0,0.0
402,*CC(*)C(=O)OCCOCC1(CC)COC1,30,5.7177271349243695,5.67826590632476,0.0933630984083719,1.7763568394002505e-15,0.20995600766640532,0.0,0.0,0.0
403,*C(=O)Oc1ccc(OC(=O)N2CCN(*)CC2)cc1,30,5.164169578497585,5.015893054174854,0.0952869985124418,1.7763568394002505e-15,0.5383193060485993,0.0,0.0,0.0
404,*NC(S1)=CC=C1C(S2)=CC=C2C(=S)*,30,2.1514069886657943,2.2299077960434825,0.09567568632132027,8.881784197001252e-16,0.3229219180208456,0.0,0.0,0.0
405,*c1ccc(-c2cnc3cc(-c4ccc5nc(*)cnc5c4)ccc3n2)cc1,30,3.214277766489335,3.402369907599565,0.12262869097826394,8.881784197001252e-16,0.3909374751873953,0.0,0.0,0.0
406,*c1cc(CCCC)c(*)s1,30,2.556193829582475,2.7974166673830325,0.1199579568773682,8.881784197001252e-16,0.4748302458260305,0.0,0.0,0.0
407,*C(F)(F)CC(F)(F)C(=O)*,30,5.02676893466287,6.043413871997704,0.26172384654474345,0.0,1.3271246880727157,0.9333333333333333,0.0,0.0
408,*C(F)(F)C1(F)C(F)(F)C(*)(F)C(F)(F)C(F)(F)C(F)(F)C1(F)F,30,7.383910873226672,7.190923743578031,0.07843818620886041,1.7763568394002505e-15,0.3342143941377671,0.0,0.0,0.0
409,*CCOc1ccc(C(=O)OC(=O)c2ccc(O*)cc2)cc1,30,4.313904777088933,4.332589583240223,0.1275578489245996,8.580618731806452e-16,0.35470692532406334,0.0,0.0,0.0
410,*CCCCCCOC(=O)OCCCCCCCCOC(=O)OCCCCCCOc1ccc(Oc2ccc(O*)cc2)cc1,30,4.463787282977682,4.574520203192913,0.07767309805456055,0.029017788968253203,0.2501390301124742,0.0,0.0,0.0
411,*c1nc2cc3sc(-c4cc(OCCCC)c(*)cc4OCCCC)nc3cc2s1,30,3.1294414157476,3.0110364923785498,0.15580287269540574,1.3322676295501878e-15,0.4683688113100324,0.0,0.0,0.0
412,*C(=O)c1ccc2c(c1)C(=O)N(c1ccc(Oc3ccc(S(=O)(=O)c4ccc(Oc5ccc(N6C(=O)c7ccc(*)cc7C6=O)cc5)cc4)cc3)cc1)C2=O,30,2.677201350667808,2.8741755339175437,0.1119000783726193,0.02302252698388194,0.36328386379520206,0.0,0.0,0.0
413,*CCCCCCCc1nnc(*)n1N,30,5.571541583050611,5.444718783716032,0.0648041289711058,1.7763568394002505e-15,0.2484326375419199,0.0,0.0,0.0
414,*NC(CCCCNC(=O)NCCCCCNC(*)=O)C(=O)OC,30,5.580005369973155,5.643267502667255,0.06437922489799879,8.881784197001252e-16,0.16667301926801592,0.0,0.0,0.0
415,*CC1CCC(CNC(=O)CCCCCCCCCCC(=O)N*)CC1,30,5.890339842208724,5.886343347627903,0.02918182514075347,8.580618731806452e-16,0.06927506808282402,0.0,0.0,0.0
416,*NC(C(*)=O)C(Cc1ccccc1)c1c[nH]cn1,30,4.780866872621744,4.693696958001072,0.08634117025351566,0.0,0.2949659233683404,0.0,0.0,0.0
417,*CC(=O)C(S1)=CC=C1C(S2)=CC=C2*,30,2.833606018153014,2.7838227053767945,0.131845520425022,1.3322676295501878e-15,0.30326136251440694,0.0,0.0,0.0
418,*C(=O)C(S1)=CC=C1C(S2)=CC=C2C(=S)*,30,2.02287993419186,2.0956477821517385,0.122806065943126,9.244454088746557e-16,0.30006904206784846,0.0,0.0,0.0
419,*CCC(=O)Oc1ccc(OC(=O)CCN2CCN(*)C(C)C2)cc1,30,4.691226730575227,4.670139231315007,0.07041528384907302,0.0,0.17802296387409822,0.0,0.0,0.0
420,*Oc1ccc(C(=O)Nc2ccc(S(=O)(=O)c3ccc(NC(=O)c4ccc(Oc5nc(*)nc(Sc6ccccc6)n5)cc4)cc3)cc2)cc1,30,3.79924834132282,3.7758871593131658,0.0845098034956226,0.02968288682918652,0.1842276221446988,0.0,0.0,0.0
421,*CCCCCCCCCCOCO*,28,6.479248829971796,6.443341378953899,0.035129607616746175,0.0,0.11926935154157903,0.0,0.0,0.0
422,*Oc1ccc2ccccc2c1N=Nc1ccc(C(*)=O)cc1,30,2.883340067642722,3.0789088943679785,0.1080818426938277,4.440892098500626e-16,0.38752819405141814,0.0,0.0,0.0
423,*CCC(F)(F)C(*)(F)Cl,30,7.721244364081953,7.290753977971398,0.11965931341054926,2.6645352591003757e-15,0.6472459993207327,0.0,0.0,0.0
424,*CC(*)C(=O)N(CCC)CCC,30,5.289334084144428,5.253980349059214,0.035628728250425006,0.0,0.09135815176071471,0.0,0.0,0.0
425,*CCCCCCCCC(=O)NCCCCCOCCCCCNC(=O)CCCCO*,30,5.834848690150437,5.813376800270831,0.047373347990575826,2.293266818639604e-16,0.14661792148408814,0.0,0.0,0.0
426,*OC1CCC(OC(=O)OCCCCCCCOC(*)=O)CC1,30,7.084180781010707,6.8561190514053205,0.08873200688110813,1.7763568394002505e-15,0.37616204178344326,0.0,0.0,0.0
427,*c1cc(COCCCCCCCCOc2ccc(-c3ccc(C#N)cc3)cc2)c(*)s1,30,2.926226602795352,2.9769674185049495,0.10642305168491668,0.04436594337595708,0.31981753617017805,0.0,0.0,0.0
428,*CCCCCCCCCCCCNC(=O)c1cccc(C(=O)N*)c1,30,4.882457889764786,4.8142295996084,0.06825433326471515,0.0,0.23449627719541688,0.0,0.0,0.0
429,*Oc1ccc(Oc2ccc(OC(=O)c3ccc(OC(=O)c4ccc(C(=O)Oc5ccc(C(*)=O)cc5)cc4)cc3)cc2)cc1,30,2.8545180595997275,3.111004820621515,0.08553091976234624,0.03162216272952387,0.4567680940490746,0.0,0.0,0.0
430,*CCc1cnc(*)cn1,30,4.61563179878521,4.546188839923846,0.05925830572874088,1.7763568394002505e-15,0.21064641976852894,0.0,0.0,0.0
431,*OC(=O)CCSCCSCCC(*)=O,30,4.6994328046470555,4.764954384624301,0.054166215466207784,0.0,0.19197569215913468,0.0,0.0,0.0
432,*c1ccc(-c2ccc(-c3cc(SCCCCCCCCCC)c(*)s3)cc2)cc1,30,2.547057685919567,2.7030060894534063,0.11942856619811788,4.440892098500626e-16,0.3936208764824958,0.0,0.0,0.0
433,*NC(=O)NC(=S)*,30,3.3347702048444274,3.4603437068363427,0.15430268772221856,4.440892098500626e-16,0.4224790283710984,0.0,0.0,0.0
434,*CCCCCCCCCCCCCCCCCCCCOC(=O)CCCCCCC(=O)O*,30,6.703135290108591,6.631765987639,0.07375685297945968,2.6645352591003757e-15,0.23973681065060504,0.0,0.0,0.0
435,*Oc1ccc(P(=O)(c2ccccc2)c2ccc(*)cc2)cc1,30,4.803683139073588,4.649719164562873,0.06954926336729075,8.881784197001252e-16,0.2773324797748824,0.0,0.0,0.0
436,*CCCNC(=O)CCCCC(=O)NCCCO*,30,5.870361229334238,5.8492886813523155,0.025950140288720072,8.881784197001252e-16,0.10812266836723694,0.0,0.0,0.0
437,*CCOC(=O)NCCOCCOCCNC(=O)O*,30,6.113944069909652,5.959736297927338,0.06450958500318102,8.881784197001252e-16,0.2738605056503749,0.0,0.0,0.0
438,*CCOCCOCCOC(=O)CCC(=O)O*,30,6.2871241085028,6.194706833080433,0.08117896599229206,8.881784197001252e-16,0.24887913885330093,0.0,0.0,0.0
439,*CNC(=O)CCCC(=O)N*,30,6.020832524812935,5.898931506033041,0.08105923356786915,8.881784197001252e-16,0.3087059464390105,0.0,0.0,0.0
440,*c1ccc(C2(c3ccc(N4C(=O)c5ccc(-c6ccc7c(c6)C(=O)N(*)C7=O)cc5C4=O)cc3)c3ccccc3-c3ccccc32)cc1,30,2.7489167809298465,2.9233984430417936,0.09763424552897955,0.0,0.36500261296306125,0.0,0.0,0.0
441,*CCCCCCCCNC(=O)C(CCCCCCCCCCCC)C(=O)N*,30,5.874237308809929,5.901863460005099,0.04015055171194914,0.002670750020773529,0.12213478645349696,0.0,0.0,0.0
442,*CCCCCOC(=O)NC1CC1NC(=O)O*,30,6.277076602047412,6.187304177963663,0.06797406647813467,1.7763568394002505e-15,0.26532543137052933,0.0,0.0,0.0
443,*CCC(S1)=CC=C1O*,30,4.901460902784266,4.793576752688597,0.07953910408105322,0.0,0.29555296510832907,0.0,0.0,0.0
444,*c1ccc(Oc2ccc(Oc3ccc(N4C(=O)CC(=O)N(*)C4=S)cc3)cc2)cc1,30,3.19023908036177,3.273660258446922,0.07244122044918203,1.3322676295501878e-15,0.19101577594193442,0.0,0.0,0.0
445,*NC(=O)NCCCCCCNC(=O)Nc1cccc(*)n1,30,4.815088424873107,4.678739406253301,0.1121292802788148,8.881784197001252e-16,0.4095483241708191,0.0,0.0,0.0
446,*CCOCCOCCOC(=O)CC(=O)O*,30,5.945400082652066,5.943114859061719,0.04891813551591444,8.881784197001252e-16,0.11966624459878705,0.0,0.0,0.0
447,*CCCCCCNC(=O)c1cccc(C(=O)N*)c1,30,4.981157053348381,4.8764498909996705,0.08035620854560523,1.7763568394002505e-15,0.25772252321984546,0.0,0.0,0.0
448,*NC(C)CNC(=O)C1CC1C(*)=O,30,5.544119710342373,5.537902932928666,0.047373307143226365,2.6645352591003757e-15,0.14056598505078188,0.0,0.0,0.0
449,*C(=O)c1ccc2c(c1)C(=O)N(c1ccc(Oc3cc4ccccc4cc3Oc3ccc(N4C(=O)c5ccc(*)cc5C4=O)cc3)cc1)C2=O,30,2.563149857667111,2.7002276677911223,0.08281134860203279,0.0030032834237039476,0.3795846402647167,0.0,0.0,0.0
450,*Nc1ccc(NC(=O)CCCCCCCCC(*)=O)cc1,30,4.493810340012348,4.51113069134506,0.08628132811969873,8.881784197001252e-16,0.22895227339139712,0.0,0.0,0.0
451,*NC(=O)NC(=O)*,30,4.079503873235899,4.312338236456321,0.12157107215053749,1.7763568394002505e-15,0.34582526861087803,0.0,0.0,0.0
452,*CCCCCCCCCCCCCCCc1nnc(*)o1,30,6.3714740923213204,6.142976387497286,0.11022985497782871,2.6645352591003757e-15,0.3782202297490942,0.0,0.0,0.0
453,*CCCCCCCCCCCCCCCCCCCCOC(=O)CCC(C)CC(=O)O*,30,6.704079603741409,6.6187662956266715,0.0644545704500024,8.881784197001252e-16,0.21411364975723401,0.0,0.0,0.0
454,*Oc1ccc(Oc2ccc(C(=O)c3ccc(*)cc3)cc2)cc1C=O,30,3.721246095460388,3.89352948373715,0.10585282801326082,0.0,0.38388034924316816,0.0,0.0,0.0
455,*CC(*)(C)C(=O)OC(CC)OCC,30,6.368955352173416,6.202776795745022,0.1276447068537436,2.6645352591003757e-15,0.48869826137403916,0.0,0.0,0.0
456,*CCOCCOCCOC(=O)C=CC(=O)NCCCCCCNC(=O)C=CC(=O)O*,30,4.552874806699641,4.562048179245306,0.12843096887075645,0.03007710040614526,0.2696921412892559,0.0,0.0,0.0
457,*CCOCCOCCOC(=O)c1ccccc1C(=O)O*,30,5.05344383047812,4.958550857367791,0.07216238323288608,8.881784197001252e-16,0.25284131089903816,0.0,0.0,0.0
458,*CC(C)(C)CS(=O)(=O)CC(C)(C)COC(=O)O*,30,6.244645195803661,6.196820114023847,0.1000276022633266,1.7313784796629085e-15,0.2706496827642786,0.0,0.0,0.0
459,*Oc1ccc2nc3oc4cc5oc6c7c(cn6ccc5on4cnc3c12)nc1c(*)ccccc17,30,1.463523459218031,1.9479237901649067,0.1258322612139388,5.73316704659901e-17,0.7584921733354912,0.0,0.0,0.0
460,*CC(C=C1)=CC=C1NC(C=C2)=CC=C2*,30,4.326054695617419,4.295398475003193,0.06174719670533406,8.881784197001252e-16,0.15796585141943886,0.0,0.0,0.0
461,*CC(*)OC(=O)c1ccc(OC(C)=O)cc1,30,4.639667118412492,4.739953967120551,0.05710129402063166,0.0,0.20408153057912504,0.0,0.0,0.0
462,*Oc1ccc(C(C)(C)c2ccc(OC(*)=O)c(Cl)c2)cc1Cl,30,5.010634983020622,4.770849437702142,0.09479670841222324,0.0,0.5001167059350395,0.0,0.0,0.0
463,*Nc1ccc(C(=O)c2ccc(NC(=O)c3ccc(C(*)=O)cc3)cc2)cc1,30,3.5545305029842122,3.526810130351987,0.14063311099997886,8.881784197001252e-16,0.45792807807219704,0.0,0.0,0.0
464,*OC(=O)OCC(O)C(O)COC(=O)OC1COC2C(*)COC12,30,6.432553729763628,6.47695170927367,0.0500718525094876,2.6645352591003757e-15,0.12477505999689065,0.0,0.0,0.0
465,*Oc1ccc(OC(=O)c2ccc(OC(=O)CCCCCCCCC(*)=O)cc2)cc1,30,4.260595242218057,4.3523742534785,0.08468506196763449,8.881784197001252e-16,0.2188001775519517,0.0,0.0,0.0
466,*CC(COCCCCCC)O*,30,5.653360242615264,5.973076197545973,0.10659047481707909,0.0,0.4542816685111939,0.0,0.0,0.0
467,*CCOC(=O)C1C2C=CC(C2)C1C(=O)O*,30,5.7429111707321985,5.486158051612993,0.09096139739071897,2.6645352591003757e-15,0.5832470286656051,0.0,0.0,0.0
468,*c1ccc(*)n1CC(=O)OC,30,2.6632448107160887,2.9963413877064773,0.1234276676417696,8.881784197001252e-16,0.5943523997497042,0.0,0.0,0.0
469,*CC(C)(C)COC(=O)NC(=O)c1cccc(C(=O)NC(=O)O*)c1,30,4.916913199152415,4.825883734910194,0.08253809604538309,8.881784197001252e-16,0.29906161170515855,0.0,0.0,0.0
470,*Oc1cccc(C(=O)Nc2ccc(S(=O)(=O)c3ccc(NC(=O)c4cccc(Oc5nc(*)nc(Sc6ccccc6)n5)c4)cc3)cc2)c1,30,3.889908302054753,3.770191976793836,0.08767153284882671,8.881784197001252e-16,0.3149739428905458,0.0,0.0,0.0
471,*CCOC(=O)Nc1cc(NC(=O)O*)ccc1C,30,4.910624687484857,4.839817234875199,0.10381534104362315,8.881784197001252e-16,0.3327603893328819,0.0,0.0,0.0
472,*Nc1cc(*)ccc1N,30,3.725169045129936,3.917411032254336,0.1070646849791153,8.881784197001252e-16,0.34413474794597443,0.0,0.0,0.0
473,*Oc1ccc(C(C)=Cc2ccc(OC(=O)OCCCCOC(*)=O)cc2)cc1,30,4.141078423797786,4.073141458534929,0.1338001962315953,1.7763568394002505e-15,0.29996484863827844,0.0,0.0,0.0
474,*CCCCNC(=O)CCCCCCCCCC(=O)N*,30,5.9334696039045145,5.856897580907916,0.03468334437940614,0.0,0.1341071946150345,0.0,0.0,0.0
475,*C=Cc1cc(OC)c(*)cc1Br,30,2.0740029513663085,2.4495847214721156,0.11641857953348302,4.440892098500626e-16,0.6772401094781282,0.0,0.0,0.0
476,*c1nc(Cl)nc(N(c2ccccc2)c2nc(Nc3ccccc3)nc(N(*)c3ccccc3)n2)n1,30,3.6156362870897714,3.613780238110442,0.10611262008229953,0.0,0.23847638890810074,0.0,0.0,0.0
477,*CC1CC1COC(=O)c1cccc(C(=O)O*)c1,30,5.081937512291739,5.016509064347385,0.07264446813480253,1.7763568394002505e-15,0.2384153167706735,0.0,0.0,0.0
478,*c1ccc(Oc2ccc(N3C(=O)c4ccc(S(=O)(=O)c5ccc6c(c5)C(=O)N(*)C6=O)cc4C3=O)cc2Br)c(Br)c1,30,2.7859591893701268,2.8860973804644554,0.1326501944641074,8.881784197001252e-16,0.33750556691735234,0.0,0.0,0.0
479,*CCCCOC(=O)CCCCSCCCCC(=O)O*,30,5.385122693551456,5.335809835870199,0.14377343664077366,1.7763568394002505e-15,0.6167123679416848,0.0,0.0,0.0
480,*C=CC1CC(*)C2C(=O)N(c3cccc(C)c3)C(=O)C12,30,5.027276321681169,4.9348584838360745,0.0648266867996036,0.0,0.27181563276160325,0.0,0.0,0.0
481,*c1nc(Oc2ccccc2)nc(N(*)c2ccccc2)n1,30,4.361039725491007,4.26865323032049,0.12744994201989465,8.881784197001252e-16,0.3712519365056197,0.0,0.0,0.0
482,*NC(S1)=CC=C1C(=O)C(=S)*,30,2.467552329030785,2.5855740418716104,0.1418733167704614,1.146633409319802e-16,0.32461099532888804,0.0,0.0,0.0
483,*Nc1ccc(*)cc1OCCCCCCCCCCCC,30,3.3716388565753532,3.779149428580557,0.1204334234071242,0.002638681045492302,0.5716159984248734,0.0,0.0,0.0
484,*CCCCCCCCCCC(=O)NCc1ccc(CNC(=O)CCCCO*)cc1,30,5.3413522013006745,5.2891328234745565,0.06335660345734265,1.7763568394002505e-15,0.16372336494710193,0.0,0.0,0.0
485,*CC(F)(F)C(F)(F)C(F)(F)COC(=O)CCCCC(=O)O*,30,6.770492897465861,6.634504243570979,0.06881105579719153,8.881784197001252e-16,0.32327157887032065,0.0,0.0,0.0
486,*c1ccc(NC(=O)c2ccc(C(=O)Nc3ccc(-c4nc5ccc(-c6ccc7nc(*)[nH]c7c6)cc5[nH]4)cc3)cc2)cc1,30,2.6731362955526095,2.8687937183183223,0.12297236520141498,0.0017394004144608568,0.5094210236904688,0.0,0.0,0.0
487,*C(=O)C1CCCN1*,30,5.533326236890176,5.835769353499968,0.06977624067601547,2.6645352591003757e-15,0.3740685170372373,0.0,0.0,0.0
488,*CC(*)C(=O)OC1CCCCC1,30,6.104044042445107,6.0088095452988375,0.15415560869539088,8.881784197001252e-16,0.3866678400312935,0.0,0.0,0.0
489,*c1ccc(-n2c(=O)c3cc4c(=O)n(*)c(=O)c4cc3c2=O)cc1,30,2.844080704981781,3.018771593640266,0.058107073101214095,8.881784197001252e-16,0.3261428629372949,0.0,0.0,0.0
490,*CC(CC(C)(C)C)O*,30,5.391817925526237,5.754575828056949,0.1290231686429348,1.7763568394002505e-15,0.5549386854511811,0.0,0.0,0.0
491,*Nc1ccc(Cc2ccc(NC(=O)c3cc(NC(=O)c4ccncc4)cc(C(*)=O)c3)cc2)cc1,30,3.4074982374471428,3.3668809264088195,0.10674045452801682,0.0,0.28888410041561974,0.0,0.0,0.0
492,*c1cc2cc(*)sc2s1,30,3.1206706506238246,2.902717134347813,0.12823536664221097,8.881784197001252e-16,0.5657766367933323,0.0,0.0,0.0
493,*CC(F)(F)C(F)(F)C(F)(F)C(F)(F)COC(=O)CCCC(=O)O*,30,6.914835926053696,6.662800987954901,0.09648258541960128,2.6645352591003757e-15,0.4701464723517663,0.0,0.0,0.0
494,*C(=O)C(S1)=CC=C1OC(=S)*,30,3.5019210579267948,3.145395219747443,0.19120940775796905,4.440892098500626e-16,0.7001566250135856,0.0,0.0,0.0
495,*C(=O)N1CC(=O)N(C(=O)c2ccc(N3C(=O)c4ccc(*)cc4C3=O)cc2)C1=O,30,3.464053189278798,3.3379274777760837,0.10969820317588437,8.881784197001252e-16,0.3669252486366088,0.0,0.0,0.0
496,*CCCCOC(=O)NNC(=O)CCCCCCCCC(=O)NNC(=O)O*,30,5.9714484729407795,5.795490102069803,0.07507524696867918,0.0,0.30351034768293506,0.0,0.0,0.0
497,*C(=O)SSCCCCCCSSC(=O)N1CCN(*)CC1,30,4.5863069911710905,4.668738220153911,0.030361641424646885,8.881784197001252e-16,0.15440804579849665,0.0,0.0,0.0
498,*Oc1ccc(C(C)(C)c2ccc(OC(*)=O)cc2)cc1,30,5.115651852765128,4.936442288878566,0.09904956025382206,0.0,0.5583957206118013,0.0,0.0,0.0
499,*CCCCCCN(CC)C(=O)CCCCCCCCCCCCCCCCC(=O)N(*)CC,30,5.5494171207066465,5.568547551971322,0.031359435878555234,1.7763568394002505e-15,0.09736303597235185,0.0,0.0,0.0
