target,polymer,viol_rate_0_5sigma,viol_rate_1sigma,viol_rate_2sigma
tg,0,0.0,0.0,0.0
tg,1,0.0,0.0,0.0
tg,2,0.0,0.0,0.0
tg,3,0.0,0.0,0.0
tg,4,0.0,0.0,0.0
tg,5,0.0,0.0,0.0
tg,6,0.0,0.0,0.0
tg,7,0.0,0.0,0.0
tg,8,0.0,0.0,0.0
tg,9,0.0,0.0,0.0
tg,10,0.0,0.0,0.0
tg,11,0.0,0.0,0.0
tg,12,0.0,0.0,0.0
tg,13,0.0,0.0,0.0
tg,14,0.0,0.0,0.0
tg,15,0.0,0.0,0.0
tg,16,0.0,0.0,0.0
tg,17,0.0,0.0,0.0
tg,18,0.0,0.0,0.0
tg,19,0.0,0.0,0.0
tg,20,0.0,0.0,0.0
tg,21,0.0,0.0,0.0
tg,22,0.0,0.0,0.0
tg,23,0.0,0.0,0.0
tg,24,0.0,0.0,0.0
tg,25,0.0,0.0,0.0
tg,26,0.0,0.0,0.0
tg,27,0.0,0.0,0.0
tg,28,0.0,0.0,0.0
tg,29,0.0,0.0,0.0
tg,30,0.0,0.0,0.0
tg,31,0.0,0.0,0.0
tg,32,0.0,0.0,0.0
tg,33,0.0,0.0,0.0
tg,34,0.0,0.0,0.0
tg,35,0.0,0.0,0.0
tg,36,0.0,0.0,0.0
tg,37,0.0,0.0,0.0
tg,38,0.0,0.0,0.0
tg,39,0.0,0.0,0.0
tg,40,0.0,0.0,0.0
tg,41,0.0,0.0,0.0
tg,42,0.0,0.0,0.0
tg,43,0.0,0.0,0.0
tg,44,0.0,0.0,0.0
tg,45,0.0,0.0,0.0
tg,46,0.0,0.0,0.0
tg,47,0.0,0.0,0.0
tg,48,0.0,0.0,0.0
tg,49,0.0,0.0,0.0
tg,50,0.0,0.0,0.0
tg,51,0.0,0.0,0.0
tg,52,0.0,0.0,0.0
tg,53,0.0,0.0,0.0
tg,54,0.0,0.0,0.0
tg,55,0.0,0.0,0.0
tg,56,0.0,0.0,0.0
tg,57,0.0,0.0,0.0
tg,58,0.0,0.0,0.0
tg,59,0.0,0.0,0.0
tg,60,0.0,0.0,0.0
tg,61,0.0,0.0,0.0
tg,62,0.0,0.0,0.0
tg,63,0.0,0.0,0.0
tg,64,0.0,0.0,0.0
tg,65,0.0,0.0,0.0
tg,66,0.0,0.0,0.0
tg,67,0.0,0.0,0.0
tg,68,0.0,0.0,0.0
tg,69,0.0,0.0,0.0
tg,70,0.0,0.0,0.0
tg,71,0.0,0.0,0.0
tg,72,0.0,0.0,0.0
tg,73,0.0,0.0,0.0
tg,74,0.0,0.0,0.0
tg,75,0.0,0.0,0.0
tg,76,0.0,0.0,0.0
tg,77,0.0,0.0,0.0
tg,78,0.0,0.0,0.0
tg,79,0.0,0.0,0.0
tg,80,0.0,0.0,0.0
tg,81,0.0,0.0,0.0
tg,82,0.0,0.0,0.0
tg,83,0.0,0.0,0.0
tg,84,0.0,0.0,0.0
tg,85,0.0,0.0,0.0
tg,86,0.0,0.0,0.0
tg,87,0.0,0.0,0.0
tg,88,0.0,0.0,0.0
tg,89,0.0,0.0,0.0
tg,90,0.0,0.0,0.0
tg,91,0.0,0.0,0.0
tg,92,0.0,0.0,0.0
tg,93,0.0,0.0,0.0
tg,94,0.0,0.0,0.0
tg,95,0.0,0.0,0.0
tg,96,0.0,0.0,0.0
tg,97,0.0,0.0,0.0
tg,98,0.0,0.0,0.0
tg,99,0.0,0.0,0.0
tg,100,0.0,0.0,0.0
tg,101,0.0,0.0,0.0
tg,102,0.0,0.0,0.0
tg,103,0.0,0.0,0.0
tg,104,0.0,0.0,0.0
tg,105,0.0,0.0,0.0
tg,106,0.0,0.0,0.0
tg,107,0.0,0.0,0.0
tg,108,0.0,0.0,0.0
tg,109,0.0,0.0,0.0
tg,110,0.0,0.0,0.0
tg,111,0.0,0.0,0.0
tg,112,0.0,0.0,0.0
tg,113,0.0,0.0,0.0
tg,114,0.0,0.0,0.0
tg,115,0.0,0.0,0.0
tg,116,0.0,0.0,0.0
tg,117,0.0,0.0,0.0
tg,118,0.0,0.0,0.0
tg,119,0.0,0.0,0.0
tg,120,0.0,0.0,0.0
tg,121,0.0,0.0,0.0
tg,122,0.0,0.0,0.0
tg,123,0.0,0.0,0.0
tg,124,0.0,0.0,0.0
tg,125,0.0,0.0,0.0
tg,126,0.0,0.0,0.0
tg,127,0.0,0.0,0.0
tg,128,0.0,0.0,0.0
tg,129,0.0,0.0,0.0
tg,130,0.0,0.0,0.0
tg,131,0.0,0.0,0.0
tg,132,0.0,0.0,0.0
tg,133,0.0,0.0,0.0
tg,134,0.0,0.0,0.0
tg,135,0.0,0.0,0.0
tg,136,0.0,0.0,0.0
tg,137,0.0,0.0,0.0
tg,138,0.0,0.0,0.0
tg,139,0.0,0.0,0.0
tg,140,0.0,0.0,0.0
tg,141,0.0,0.0,0.0
tg,142,0.0,0.0,0.0
tg,143,0.0,0.0,0.0
tg,144,0.0,0.0,0.0
tg,145,0.0,0.0,0.0
tg,146,0.0,0.0,0.0
tg,147,0.0,0.0,0.0
tg,148,0.0,0.0,0.0
tg,149,0.0,0.0,0.0
tg,150,0.0,0.0,0.0
tg,151,0.0,0.0,0.0
tg,152,0.0,0.0,0.0
tg,153,0.0,0.0,0.0
tg,154,0.0,0.0,0.0
tg,155,0.0,0.0,0.0
tg,156,0.0,0.0,0.0
tg,157,0.0,0.0,0.0
tg,158,0.0,0.0,0.0
tg,159,0.0,0.0,0.0
tg,160,0.0,0.0,0.0
tg,161,0.0,0.0,0.0
tg,162,0.0,0.0,0.0
tg,163,0.0,0.0,0.0
tg,164,0.0,0.0,0.0
tg,165,0.0,0.0,0.0
tg,166,0.0,0.0,0.0
tg,167,0.0,0.0,0.0
tg,168,0.0,0.0,0.0
tg,169,0.0,0.0,0.0
tg,170,0.0,0.0,0.0
tg,171,0.0,0.0,0.0
tg,172,0.0,0.0,0.0
tg,173,0.0,0.0,0.0
tg,174,0.0,0.0,0.0
tg,175,0.0,0.0,0.0
tg,176,0.0,0.0,0.0
tg,177,0.0,0.0,0.0
tg,178,0.0,0.0,0.0
tg,179,0.0,0.0,0.0
tg,180,0.0,0.0,0.0
tg,181,0.0,0.0,0.0
tg,182,0.0,0.0,0.0
tg,183,0.0,0.0,0.0
tg,184,0.0,0.0,0.0
tg,185,0.0,0.0,0.0
tg,186,0.0,0.0,0.0
tg,187,0.0,0.0,0.0
tg,188,0.0,0.0,0.0
tg,189,0.0,0.0,0.0
tg,190,0.0,0.0,0.0
tg,191,0.0,0.0,0.0
tg,192,0.0,0.0,0.0
tg,193,0.0,0.0,0.0
tg,194,0.0,0.0,0.0
tg,195,0.0,0.0,0.0
tg,196,0.0,0.0,0.0
tg,197,0.0,0.0,0.0
tg,198,0.0,0.0,0.0
tg,199,0.0,0.0,0.0
tg,200,0.0,0.0,0.0
tg,201,0.0,0.0,0.0
tg,202,0.0,0.0,0.0
tg,203,0.0,0.0,0.0
tg,204,0.0,0.0,0.0
tg,205,0.0,0.0,0.0
tg,206,0.0,0.0,0.0
tg,207,0.0,0.0,0.0
tg,208,0.0,0.0,0.0
tg,209,0.0,0.0,0.0
tg,210,0.0,0.0,0.0
tg,211,0.0,0.0,0.0
tg,212,0.0,0.0,0.0
tg,213,0.0,0.0,0.0
tg,214,0.0,0.0,0.0
tg,215,0.0,0.0,0.0
tg,216,0.0,0.0,0.0
tg,217,0.0,0.0,0.0
tg,218,0.0,0.0,0.0
tg,219,0.0,0.0,0.0
tg,220,0.0,0.0,0.0
tg,221,0.0,0.0,0.0
tg,222,0.0,0.0,0.0
tg,223,0.0,0.0,0.0
tg,224,0.0,0.0,0.0
tg,225,0.0,0.0,0.0
tg,226,0.0,0.0,0.0
tg,227,0.0,0.0,0.0
tg,228,0.0,0.0,0.0
tg,229,0.0,0.0,0.0
tg,230,0.0,0.0,0.0
tg,231,0.0,0.0,0.0
tg,232,0.0,0.0,0.0
tg,233,0.0,0.0,0.0
tg,234,0.0,0.0,0.0
tg,235,0.0,0.0,0.0
tg,236,0.0,0.0,0.0
tg,237,0.0,0.0,0.0
tg,238,0.0,0.0,0.0
tg,239,0.0,0.0,0.0
tg,240,0.0,0.0,0.0
tg,241,0.0,0.0,0.0
tg,242,0.0,0.0,0.0
tg,243,0.0,0.0,0.0
tg,244,0.0,0.0,0.0
tg,245,0.0,0.0,0.0
tg,246,0.0,0.0,0.0
tg,247,0.0,0.0,0.0
tg,248,0.0,0.0,0.0
tg,249,0.0,0.0,0.0
tg,250,0.0,0.0,0.0
tg,251,0.0,0.0,0.0
tg,252,0.0,0.0,0.0
tg,253,0.0,0.0,0.0
tg,254,0.0,0.0,0.0
tg,255,0.0,0.0,0.0
tg,256,0.0,0.0,0.0
tg,257,0.0,0.0,0.0
tg,258,0.0,0.0,0.0
tg,259,0.0,0.0,0.0
tg,260,0.0,0.0,0.0
tg,261,0.0,0.0,0.0
tg,262,0.0,0.0,0.0
tg,263,0.0,0.0,0.0
tg,264,0.0,0.0,0.0
tg,265,0.0,0.0,0.0
tg,266,0.0,0.0,0.0
tg,267,0.0,0.0,0.0
tg,268,0.0,0.0,0.0
tg,269,0.0,0.0,0.0
tg,270,0.0,0.0,0.0
tg,271,0.0,0.0,0.0
tg,272,0.0,0.0,0.0
tg,273,0.0,0.0,0.0
tg,274,0.0,0.0,0.0
tg,275,0.0,0.0,0.0
tg,276,0.0,0.0,0.0
tg,277,0.0,0.0,0.0
tg,278,0.0,0.0,0.0
tg,279,0.0,0.0,0.0
tg,280,0.0,0.0,0.0
tg,281,0.0,0.0,0.0
tg,282,0.0,0.0,0.0
tg,283,0.0,0.0,0.0
tg,284,0.0,0.0,0.0
tg,285,0.0,0.0,0.0
tg,286,0.0,0.0,0.0
tg,287,0.0,0.0,0.0
tg,288,0.0,0.0,0.0
tg,289,0.0,0.0,0.0
tg,290,0.0,0.0,0.0
tg,291,0.0,0.0,0.0
tg,292,0.0,0.0,0.0
tg,293,0.0,0.0,0.0
tg,294,0.0,0.0,0.0
tg,295,0.0,0.0,0.0
tg,296,0.0,0.0,0.0
tg,297,0.0,0.0,0.0
tg,298,0.0,0.0,0.0
tg,299,0.0,0.0,0.0
tg,300,0.0,0.0,0.0
tg,301,0.0,0.0,0.0
tg,302,0.0,0.0,0.0
tg,303,0.0,0.0,0.0
tg,304,0.0,0.0,0.0
tg,305,0.0,0.0,0.0
tg,306,0.0,0.0,0.0
tg,307,0.0,0.0,0.0
tg,308,0.0,0.0,0.0
tg,309,0.0,0.0,0.0
tg,310,0.0,0.0,0.0
tg,311,0.0,0.0,0.0
tg,312,0.0,0.0,0.0
tg,313,0.0,0.0,0.0
tg,314,0.0,0.0,0.0
tg,315,0.0,0.0,0.0
tg,316,0.0,0.0,0.0
tg,317,0.0,0.0,0.0
tg,318,0.0,0.0,0.0
tg,319,0.0,0.0,0.0
tg,320,0.0,0.0,0.0
tg,321,0.0,0.0,0.0
tg,322,0.0,0.0,0.0
tg,323,0.0,0.0,0.0
tg,324,0.0,0.0,0.0
tg,325,0.0,0.0,0.0
tg,326,0.0,0.0,0.0
tg,327,0.0,0.0,0.0
tg,328,0.0,0.0,0.0
tg,329,0.0,0.0,0.0
tg,330,0.0,0.0,0.0
tg,331,0.0,0.0,0.0
tg,332,0.0,0.0,0.0
tg,333,0.0,0.0,0.0
tg,334,0.0,0.0,0.0
tg,335,0.0,0.0,0.0
tg,336,0.0,0.0,0.0
tg,337,0.0,0.0,0.0
tg,338,0.0,0.0,0.0
tg,339,0.0,0.0,0.0
tg,340,0.0,0.0,0.0
tg,341,0.0,0.0,0.0
tg,342,0.0,0.0,0.0
tg,343,0.0,0.0,0.0
tg,344,0.0,0.0,0.0
tg,345,0.0,0.0,0.0
tg,346,0.0,0.0,0.0
tg,347,0.0,0.0,0.0
tg,348,0.0,0.0,0.0
tg,349,0.0,0.0,0.0
tg,350,0.0,0.0,0.0
tg,351,0.0,0.0,0.0
tg,352,0.0,0.0,0.0
tg,353,0.0,0.0,0.0
tg,354,0.0,0.0,0.0
tg,355,0.0,0.0,0.0
tg,356,0.0,0.0,0.0
tg,357,0.0,0.0,0.0
tg,358,0.0,0.0,0.0
tg,359,0.0,0.0,0.0
tg,360,0.0,0.0,0.0
tg,361,0.0,0.0,0.0
tg,362,0.0,0.0,0.0
tg,363,0.0,0.0,0.0
tg,364,0.0,0.0,0.0
tg,365,0.0,0.0,0.0
tg,366,0.0,0.0,0.0
tg,367,0.0,0.0,0.0
tg,368,0.0,0.0,0.0
tg,369,0.0,0.0,0.0
tg,370,0.0,0.0,0.0
tg,371,0.0,0.0,0.0
tg,372,0.0,0.0,0.0
tg,373,0.0,0.0,0.0
tg,374,0.0,0.0,0.0
tg,375,0.0,0.0,0.0
tg,376,0.0,0.0,0.0
tg,377,0.0,0.0,0.0
tg,378,0.0,0.0,0.0
tg,379,0.0,0.0,0.0
tg,380,0.0,0.0,0.0
tg,381,0.0,0.0,0.0
tg,382,0.0,0.0,0.0
tg,383,0.0,0.0,0.0
tg,384,0.0,0.0,0.0
tg,385,0.0,0.0,0.0
tg,386,0.0,0.0,0.0
tg,387,0.0,0.0,0.0
tg,388,0.0,0.0,0.0
tg,389,0.0,0.0,0.0
tg,390,0.0,0.0,0.0
tg,391,0.0,0.0,0.0
tg,392,0.0,0.0,0.0
tg,393,0.0,0.0,0.0
tg,394,0.0,0.0,0.0
tg,395,0.0,0.0,0.0
tg,396,0.0,0.0,0.0
tg,397,0.0,0.0,0.0
tg,398,0.0,0.0,0.0
tg,399,0.0,0.0,0.0
tg,400,0.0,0.0,0.0
tg,401,0.0,0.0,0.0
tg,402,0.0,0.0,0.0
tg,403,0.0,0.0,0.0
tg,404,0.0,0.0,0.0
tg,405,0.0,0.0,0.0
tg,406,0.0,0.0,0.0
tg,407,0.0,0.0,0.0
tg,408,0.0,0.0,0.0
tg,409,0.0,0.0,0.0
tg,410,0.0,0.0,0.0
tg,411,0.0,0.0,0.0
tg,412,0.0,0.0,0.0
tg,413,0.0,0.0,0.0
tg,414,0.0,0.0,0.0
tg,415,0.0,0.0,0.0
tg,416,0.0,0.0,0.0
tg,417,0.0,0.0,0.0
tg,418,0.0,0.0,0.0
tg,419,0.0,0.0,0.0
tg,420,0.0,0.0,0.0
tg,421,0.0,0.0,0.0
tg,422,0.0,0.0,0.0
tg,423,0.0,0.0,0.0
tg,424,0.0,0.0,0.0
tg,425,0.0,0.0,0.0
tg,426,0.0,0.0,0.0
tg,427,0.0,0.0,0.0
tg,428,0.0,0.0,0.0
tg,429,0.0,0.0,0.0
tg,430,0.0,0.0,0.0
tg,431,0.0,0.0,0.0
tg,432,0.0,0.0,0.0
tg,433,0.0,0.0,0.0
tg,434,0.0,0.0,0.0
tg,435,0.0,0.0,0.0
tg,436,0.0,0.0,0.0
tg,437,0.0,0.0,0.0
tg,438,0.0,0.0,0.0
tg,439,0.0,0.0,0.0
tg,440,0.0,0.0,0.0
tg,441,0.0,0.0,0.0
tg,442,0.0,0.0,0.0
tg,443,0.0,0.0,0.0
tg,444,0.0,0.0,0.0
tg,445,0.0,0.0,0.0
tg,446,0.0,0.0,0.0
tg,447,0.0,0.0,0.0
tg,448,0.0,0.0,0.0
tg,449,0.0,0.0,0.0
tg,450,0.0,0.0,0.0
tg,451,0.0,0.0,0.0
tg,452,0.0,0.0,0.0
tg,453,0.0,0.0,0.0
tg,454,0.0,0.0,0.0
tg,455,0.0,0.0,0.0
tg,456,0.0,0.0,0.0
tg,457,0.0,0.0,0.0
tg,458,0.0,0.0,0.0
tg,459,0.0,0.0,0.0
tg,460,0.0,0.0,0.0
tg,461,0.0,0.0,0.0
tg,462,0.0,0.0,0.0
tg,463,0.0,0.0,0.0
tg,464,0.0,0.0,0.0
tg,465,0.0,0.0,0.0
tg,466,0.0,0.0,0.0
tg,467,0.0,0.0,0.0
tg,468,0.0,0.0,0.0
tg,469,0.0,0.0,0.0
tg,470,0.0,0.0,0.0
tg,471,0.0,0.0,0.0
tg,472,0.0,0.0,0.0
tg,473,0.0,0.0,0.0
tg,474,0.0,0.0,0.0
tg,475,0.0,0.0,0.0
tg,476,0.0,0.0,0.0
tg,477,0.0,0.0,0.0
tg,478,0.0,0.0,0.0
tg,479,0.0,0.0,0.0
tg,480,0.0,0.0,0.0
tg,481,0.0,0.0,0.0
tg,482,0.0,0.0,0.0
tg,483,0.0,0.0,0.0
tg,484,0.0,0.0,0.0
tg,485,0.0,0.0,0.0
tg,486,0.0,0.0,0.0
tg,487,0.0,0.0,0.0
tg,488,0.0,0.0,0.0
tg,489,0.0,0.0,0.0
tg,490,0.0,0.0,0.0
tg,491,0.0,0.0,0.0
tg,492,0.0,0.0,0.0
tg,493,0.0,0.0,0.0
tg,494,0.0,0.0,0.0
tg,495,0.0,0.0,0.0
tg,496,0.0,0.0,0.0
tg,497,0.0,0.0,0.0
tg,498,0.0,0.0,0.0
tg,499,0.0,0.0,0.0
egc,0,0.0,0.0,0.0
egc,1,0.0,0.0,0.0
egc,2,0.0,0.0,0.0
egc,3,0.0,0.0,0.0
egc,4,0.0,0.0,0.0
egc,5,0.0,0.0,0.0
egc,6,0.0,0.0,0.0
egc,7,0.0,0.0,0.0
egc,8,0.0,0.0,0.0
egc,9,0.0,0.0,0.0
egc,10,0.0,0.0,0.0
egc,11,0.0,0.0,0.0
egc,12,0.0,0.0,0.0
egc,13,0.0,0.0,0.0
egc,14,0.0,0.0,0.0
egc,15,0.0,0.0,0.0
egc,16,0.0,0.0,0.0
egc,17,0.0,0.0,0.0
egc,18,0.0,0.0,0.0
egc,19,0.0,0.0,0.0
egc,20,0.0,0.0,0.0
egc,21,0.0,0.0,0.0
egc,22,0.0,0.0,0.0
egc,23,0.0,0.0,0.0
egc,24,0.0,0.0,0.0
egc,25,0.0,0.0,0.0
egc,26,0.0,0.0,0.0
egc,27,0.0,0.0,0.0
egc,28,0.0,0.0,0.0
egc,29,0.0,0.0,0.0
egc,30,0.0,0.0,0.0
egc,31,0.0,0.0,0.0
egc,32,0.0,0.0,0.0
egc,33,0.0,0.0,0.0
egc,34,0.0,0.0,0.0
egc,35,0.0,0.0,0.0
egc,36,0.0,0.0,0.0
egc,37,0.0,0.0,0.0
egc,38,0.0,0.0,0.0
egc,39,0.0,0.0,0.0
egc,40,0.0,0.0,0.0
egc,41,0.0,0.0,0.0
egc,42,0.0,0.0,0.0
egc,43,0.0,0.0,0.0
egc,44,0.0,0.0,0.0
egc,45,0.0,0.0,0.0
egc,46,0.0,0.0,0.0
egc,47,0.0,0.0,0.0
egc,48,0.0,0.0,0.0
egc,49,0.0,0.0,0.0
egc,50,0.0,0.0,0.0
egc,51,0.0,0.0,0.0
egc,52,0.0,0.0,0.0
egc,53,0.0,0.0,0.0
egc,54,0.0,0.0,0.0
egc,55,0.0,0.0,0.0
egc,56,0.0,0.0,0.0
egc,57,0.0,0.0,0.0
egc,58,0.0,0.0,0.0
egc,59,0.0,0.0,0.0
egc,60,0.0,0.0,0.0
egc,61,0.0,0.0,0.0
egc,62,0.0,0.0,0.0
egc,63,0.0,0.0,0.0
egc,64,0.0,0.0,0.0
egc,65,0.0,0.0,0.0
egc,66,0.0,0.0,0.0
egc,67,0.0,0.0,0.0
egc,68,0.0,0.0,0.0
egc,69,0.0,0.0,0.0
egc,70,0.0,0.0,0.0
egc,71,0.0,0.0,0.0
egc,72,0.0,0.0,0.0
egc,73,0.0,0.0,0.0
egc,74,0.0,0.0,0.0
egc,75,0.0,0.0,0.0
egc,76,0.0,0.0,0.0
egc,77,0.0,0.0,0.0
egc,78,0.0,0.0,0.0
egc,79,0.0,0.0,0.0
egc,80,0.0,0.0,0.0
egc,81,0.0,0.0,0.0
egc,82,0.0,0.0,0.0
egc,83,0.0,0.0,0.0
egc,84,0.0,0.0,0.0
egc,85,0.0,0.0,0.0
egc,86,0.0,0.0,0.0
egc,87,0.0,0.0,0.0
egc,88,0.0,0.0,0.0
egc,89,0.0,0.0,0.0
egc,90,0.0,0.0,0.0
egc,91,0.0,0.0,0.0
egc,92,0.0,0.0,0.0
egc,93,0.0,0.0,0.0
egc,94,0.0,0.0,0.0
egc,95,0.0,0.0,0.0
egc,96,0.0,0.0,0.0
egc,97,0.0,0.0,0.0
egc,98,0.0,0.0,0.0
egc,99,0.0,0.0,0.0
egc,100,0.0,0.0,0.0
egc,101,0.0,0.0,0.0
egc,102,0.0,0.0,0.0
egc,103,0.0,0.0,0.0
egc,104,0.0,0.0,0.0
egc,105,0.0,0.0,0.0
egc,106,0.0,0.0,0.0
egc,107,0.0,0.0,0.0
egc,108,0.0,0.0,0.0
egc,109,0.0,0.0,0.0
egc,110,0.0,0.0,0.0
egc,111,0.0,0.0,0.0
egc,112,0.0,0.0,0.0
egc,113,0.0,0.0,0.0
egc,114,0.0,0.0,0.0
egc,115,0.0,0.0,0.0
egc,116,0.0,0.0,0.0
egc,117,0.0,0.0,0.0
egc,118,0.0,0.0,0.0
egc,119,0.0,0.0,0.0
egc,120,0.0,0.0,0.0
egc,121,0.0,0.0,0.0
egc,122,0.0,0.0,0.0
egc,123,0.0,0.0,0.0
egc,124,0.0,0.0,0.0
egc,125,0.0,0.0,0.0
egc,126,0.0,0.0,0.0
egc,127,0.0,0.0,0.0
egc,128,0.0,0.0,0.0
egc,129,0.0,0.0,0.0
egc,130,0.0,0.0,0.0
egc,131,0.0,0.0,0.0
egc,132,0.0,0.0,0.0
egc,133,0.0,0.0,0.0
egc,134,0.0,0.0,0.0
egc,135,0.0,0.0,0.0
egc,136,0.0,0.0,0.0
egc,137,0.0,0.0,0.0
egc,138,0.0,0.0,0.0
egc,139,0.0,0.0,0.0
egc,140,0.0,0.0,0.0
egc,141,0.0,0.0,0.0
egc,142,0.0,0.0,0.0
egc,143,0.0,0.0,0.0
egc,144,0.0,0.0,0.0
egc,145,0.0,0.0,0.0
egc,146,0.0,0.0,0.0
egc,147,0.0,0.0,0.0
egc,148,0.0,0.0,0.0
egc,149,0.0,0.0,0.0
egc,150,0.0,0.0,0.0
egc,151,0.0,0.0,0.0
egc,152,0.0,0.0,0.0
egc,153,0.0,0.0,0.0
egc,154,0.0,0.0,0.0
egc,155,0.0,0.0,0.0
egc,156,0.0,0.0,0.0
egc,157,0.0,0.0,0.0
egc,158,0.0,0.0,0.0
egc,159,0.0,0.0,0.0
egc,160,0.0,0.0,0.0
egc,161,0.0,0.0,0.0
egc,162,0.0,0.0,0.0
egc,163,0.0,0.0,0.0
egc,164,0.0,0.0,0.0
egc,165,0.0,0.0,0.0
egc,166,0.0,0.0,0.0
egc,167,0.0,0.0,0.0
egc,168,0.0,0.0,0.0
egc,169,0.0,0.0,0.0
egc,170,0.0,0.0,0.0
egc,171,0.0,0.0,0.0
egc,172,0.0,0.0,0.0
egc,173,0.0,0.0,0.0
egc,174,0.0,0.0,0.0
egc,175,0.0,0.0,0.0
egc,176,0.0,0.0,0.0
egc,177,0.0,0.0,0.0
egc,178,0.0,0.0,0.0
egc,179,0.0,0.0,0.0
egc,180,0.0,0.0,0.0
egc,181,0.0,0.0,0.0
egc,182,0.0,0.0,0.0
egc,183,0.0,0.0,0.0
egc,184,0.0,0.0,0.0
egc,185,0.0,0.0,0.0
egc,186,0.0,0.0,0.0
egc,187,0.0,0.0,0.0
egc,188,0.0,0.0,0.0
egc,189,0.0,0.0,0.0
egc,190,0.0,0.0,0.0
egc,191,0.0,0.0,0.0
egc,192,0.0,0.0,0.0
egc,193,0.0,0.0,0.0
egc,194,0.0,0.0,0.0
egc,195,0.0,0.0,0.0
egc,196,0.0,0.0,0.0
egc,197,0.0,0.0,0.0
egc,198,0.0,0.0,0.0
egc,199,0.0,0.0,0.0
egc,200,0.0,0.0,0.0
egc,201,0.0,0.0,0.0
egc,202,0.0,0.0,0.0
egc,203,0.0,0.0,0.0
egc,204,0.0,0.0,0.0
egc,205,0.0,0.0,0.0
egc,206,0.0,0.0,0.0
egc,207,0.0,0.0,0.0
egc,208,0.0,0.0,0.0
egc,209,0.0,0.0,0.0
egc,210,0.0,0.0,0.0
egc,211,0.0,0.0,0.0
egc,212,0.0,0.0,0.0
egc,213,0.0,0.0,0.0
egc,214,0.0,0.0,0.0
egc,215,0.0,0.0,0.0
egc,216,0.0,0.0,0.0
egc,217,0.0,0.0,0.0
egc,218,0.0,0.0,0.0
egc,219,0.0,0.0,0.0
egc,220,0.0,0.0,0.0
egc,221,0.0,0.0,0.0
egc,222,0.0,0.0,0.0
egc,223,0.0,0.0,0.0
egc,224,0.0,0.0,0.0
egc,225,0.0,0.0,0.0
egc,226,0.0,0.0,0.0
egc,227,0.0,0.0,0.0
egc,228,0.0,0.0,0.0
egc,229,0.0,0.0,0.0
egc,230,0.0,0.0,0.0
egc,231,0.0,0.0,0.0
egc,232,0.0,0.0,0.0
egc,233,0.0,0.0,0.0
egc,234,0.0,0.0,0.0
egc,235,0.0,0.0,0.0
egc,236,0.0,0.0,0.0
egc,237,0.0,0.0,0.0
egc,238,0.0,0.0,0.0
egc,239,0.0,0.0,0.0
egc,240,0.0,0.0,0.0
egc,241,0.0,0.0,0.0
egc,242,0.0,0.0,0.0
egc,243,0.0,0.0,0.0
egc,244,0.0,0.0,0.0
egc,245,0.0,0.0,0.0
egc,246,0.0,0.0,0.0
egc,247,0.0,0.0,0.0
egc,248,0.0,0.0,0.0
egc,249,0.0,0.0,0.0
egc,250,0.0,0.0,0.0
egc,251,0.0,0.0,0.0
egc,252,0.0,0.0,0.0
egc,253,0.0,0.0,0.0
egc,254,0.0,0.0,0.0
egc,255,0.0,0.0,0.0
egc,256,0.0,0.0,0.0
egc,257,0.0,0.0,0.0
egc,258,0.0,0.0,0.0
egc,259,0.0,0.0,0.0
egc,260,0.0,0.0,0.0
egc,261,0.0,0.0,0.0
egc,262,0.0,0.0,0.0
egc,263,0.0,0.0,0.0
egc,264,0.0,0.0,0.0
egc,265,0.0,0.0,0.0
egc,266,0.0,0.0,0.0
egc,267,0.0,0.0,0.0
egc,268,0.0,0.0,0.0
egc,269,0.0,0.0,0.0
egc,270,0.0,0.0,0.0
egc,271,0.0,0.0,0.0
egc,272,0.0,0.0,0.0
egc,273,0.0,0.0,0.0
egc,274,0.0,0.0,0.0
egc,275,0.0,0.0,0.0
egc,276,0.0,0.0,0.0
egc,277,0.0,0.0,0.0
egc,278,0.0,0.0,0.0
egc,279,0.0,0.0,0.0
egc,280,0.0,0.0,0.0
egc,281,0.0,0.0,0.0
egc,282,0.0,0.0,0.0
egc,283,0.0,0.0,0.0
egc,284,0.0,0.0,0.0
egc,285,0.0,0.0,0.0
egc,286,0.0,0.0,0.0
egc,287,0.0,0.0,0.0
egc,288,0.0,0.0,0.0
egc,289,0.0,0.0,0.0
egc,290,0.0,0.0,0.0
egc,291,0.0,0.0,0.0
egc,292,0.0,0.0,0.0
egc,293,0.0,0.0,0.0
egc,294,0.0,0.0,0.0
egc,295,0.0,0.0,0.0
egc,296,0.0,0.0,0.0
egc,297,0.0,0.0,0.0
egc,298,0.0,0.0,0.0
egc,299,0.0,0.0,0.0
egc,300,0.0,0.0,0.0
egc,301,0.0,0.0,0.0
egc,302,0.0,0.0,0.0
egc,303,0.0,0.0,0.0
egc,304,0.0,0.0,0.0
egc,305,0.0,0.0,0.0
egc,306,0.0,0.0,0.0
egc,307,0.0,0.0,0.0
egc,308,0.0,0.0,0.0
egc,309,0.0,0.0,0.0
egc,310,0.0,0.0,0.0
egc,311,0.0,0.0,0.0
egc,312,0.0,0.0,0.0
egc,313,0.0,0.0,0.0
egc,314,0.0,0.0,0.0
egc,315,0.0,0.0,0.0
egc,316,0.0,0.0,0.0
egc,317,0.0,0.0,0.0
egc,318,0.0,0.0,0.0
egc,319,0.0,0.0,0.0
egc,320,0.0,0.0,0.0
egc,321,0.0,0.0,0.0
egc,322,0.0,0.0,0.0
egc,323,0.0,0.0,0.0
egc,324,0.0,0.0,0.0
egc,325,0.0,0.0,0.0
egc,326,0.0,0.0,0.0
egc,327,0.0,0.0,0.0
egc,328,0.0,0.0,0.0
egc,329,0.0,0.0,0.0
egc,330,0.0,0.0,0.0
egc,331,0.0,0.0,0.0
egc,332,0.0,0.0,0.0
egc,333,0.0,0.0,0.0
egc,334,0.0,0.0,0.0
egc,335,0.0,0.0,0.0
egc,336,0.0,0.0,0.0
egc,337,0.0,0.0,0.0
egc,338,0.0,0.0,0.0
egc,339,0.0,0.0,0.0
egc,340,0.0,0.0,0.0
egc,341,0.0,0.0,0.0
egc,342,0.0,0.0,0.0
egc,343,0.0,0.0,0.0
egc,344,0.0,0.0,0.0
egc,345,0.0,0.0,0.0
egc,346,0.0,0.0,0.0
egc,347,0.0,0.0,0.0
egc,348,0.0,0.0,0.0
egc,349,0.0,0.0,0.0
egc,350,0.0,0.0,0.0
egc,351,0.0,0.0,0.0
egc,352,0.0,0.0,0.0
egc,353,0.0,0.0,0.0
egc,354,0.0,0.0,0.0
egc,355,0.0,0.0,0.0
egc,356,0.0,0.0,0.0
egc,357,0.0,0.0,0.0
egc,358,0.0,0.0,0.0
egc,359,0.0,0.0,0.0
egc,360,0.0,0.0,0.0
egc,361,0.0,0.0,0.0
egc,362,0.0,0.0,0.0
egc,363,0.0,0.0,0.0
egc,364,0.0,0.0,0.0
egc,365,0.0,0.0,0.0
egc,366,0.0,0.0,0.0
egc,367,0.0,0.0,0.0
egc,368,0.0,0.0,0.0
egc,369,0.0,0.0,0.0
egc,370,0.0,0.0,0.0
egc,371,0.0,0.0,0.0
egc,372,0.0,0.0,0.0
egc,373,0.0,0.0,0.0
egc,374,0.0,0.0,0.0
egc,375,0.0,0.0,0.0
egc,376,0.0,0.0,0.0
egc,377,0.0,0.0,0.0
egc,378,0.0,0.0,0.0
egc,379,0.0,0.0,0.0
egc,380,0.0,0.0,0.0
egc,381,0.0,0.0,0.0
egc,382,0.0,0.0,0.0
egc,383,0.0,0.0,0.0
egc,384,0.0,0.0,0.0
egc,385,0.0,0.0,0.0
egc,386,0.0,0.0,0.0
egc,387,0.0,0.0,0.0
egc,388,0.0,0.0,0.0
egc,389,0.0,0.0,0.0
egc,390,0.0,0.0,0.0
egc,391,0.0,0.0,0.0
egc,392,0.0,0.0,0.0
egc,393,0.0,0.0,0.0
egc,394,0.0,0.0,0.0
egc,395,0.0,0.0,0.0
egc,396,0.0,0.0,0.0
egc,397,0.0,0.0,0.0
egc,398,0.0,0.0,0.0
egc,399,0.0,0.0,0.0
egc,400,0.0,0.0,0.0
egc,401,0.0,0.0,0.0
egc,402,0.0,0.0,0.0
egc,403,0.0,0.0,0.0
egc,404,0.0,0.0,0.0
egc,405,0.0,0.0,0.0
egc,406,0.0,0.0,0.0
egc,407,0.0,0.0,0.0
egc,408,0.0,0.0,0.0
egc,409,0.0,0.0,0.0
egc,410,0.0,0.0,0.0
egc,411,0.0,0.0,0.0
egc,412,0.0,0.0,0.0
egc,413,0.0,0.0,0.0
egc,414,0.0,0.0,0.0
egc,415,0.0,0.0,0.0
egc,416,0.0,0.0,0.0
egc,417,0.0,0.0,0.0
egc,418,0.0,0.0,0.0
egc,419,0.0,0.0,0.0
egc,420,0.0,0.0,0.0
egc,421,0.0,0.0,0.0
egc,422,0.0,0.0,0.0
egc,423,0.0,0.0,0.0
egc,424,0.0,0.0,0.0
egc,425,0.0,0.0,0.0
egc,426,0.0,0.0,0.0
egc,427,0.0,0.0,0.0
egc,428,0.0,0.0,0.0
egc,429,0.0,0.0,0.0
egc,430,0.0,0.0,0.0
egc,431,0.0,0.0,0.0
egc,432,0.0,0.0,0.0
egc,433,0.0,0.0,0.0
egc,434,0.0,0.0,0.0
egc,435,0.0,0.0,0.0
egc,436,0.0,0.0,0.0
egc,437,0.0,0.0,0.0
egc,438,0.0,0.0,0.0
egc,439,0.0,0.0,0.0
egc,440,0.0,0.0,0.0
egc,441,0.0,0.0,0.0
egc,442,0.0,0.0,0.0
egc,443,0.0,0.0,0.0
egc,444,0.0,0.0,0.0
egc,445,0.0,0.0,0.0
egc,446,0.0,0.0,0.0
egc,447,0.0,0.0,0.0
egc,448,0.0,0.0,0.0
egc,449,0.0,0.0,0.0
egc,450,0.0,0.0,0.0
egc,451,0.0,0.0,0.0
egc,452,0.0,0.0,0.0
egc,453,0.0,0.0,0.0
egc,454,0.0,0.0,0.0
egc,455,0.0,0.0,0.0
egc,456,0.0,0.0,0.0
egc,457,0.0,0.0,0.0
egc,458,0.0,0.0,0.0
egc,459,0.0,0.0,0.0
egc,460,0.0,0.0,0.0
egc,461,0.0,0.0,0.0
egc,462,0.0,0.0,0.0
egc,463,0.0,0.0,0.0
egc,464,0.0,0.0,0.0
egc,465,0.0,0.0,0.0
egc,466,0.0,0.0,0.0
egc,467,0.0,0.0,0.0
egc,468,0.0,0.0,0.0
egc,469,0.0,0.0,0.0
egc,470,0.0,0.0,0.0
egc,471,0.0,0.0,0.0
egc,472,0.0,0.0,0.0
egc,473,0.0,0.0,0.0
egc,474,0.0,0.0,0.0
egc,475,0.0,0.0,0.0
egc,476,0.0,0.0,0.0
egc,477,0.0,0.0,0.0
egc,478,0.0,0.0,0.0
egc,479,0.0,0.0,0.0
egc,480,0.0,0.0,0.0
egc,481,0.0,0.0,0.0
egc,482,0.0,0.0,0.0
egc,483,0.0,0.0,0.0
egc,484,0.0,0.0,0.0
egc,485,0.0,0.0,0.0
egc,486,0.0,0.0,0.0
egc,487,0.0,0.0,0.0
egc,488,0.0,0.0,0.0
egc,489,0.0,0.0,0.0
egc,490,0.0,0.0,0.0
egc,491,0.0,0.0,0.0
egc,492,0.0,0.0,0.0
egc,493,0.0,0.0,0.0
egc,494,0.0,0.0,0.0
egc,495,0.0,0.0,0.0
egc,496,0.0,0.0,0.0
egc,497,0.0,0.0,0.0
egc,498,0.0,0.0,0.0
egc,499,0.0,0.0,0.0
egb,0,0.0,0.0,0.0
egb,1,0.0,0.0,0.0
egb,2,0.0,0.0,0.0
egb,3,0.0,0.0,0.0
egb,4,0.0,0.0,0.0
egb,5,0.0,0.0,0.0
egb,6,0.0,0.0,0.0
egb,7,0.0,0.0,0.0
egb,8,0.0,0.0,0.0
egb,9,0.0,0.0,0.0
egb,10,0.0,0.0,0.0
egb,11,0.0,0.0,0.0
egb,12,0.0,0.0,0.0
egb,13,0.0,0.0,0.0
egb,14,0.0,0.0,0.0
egb,15,0.0,0.0,0.0
egb,16,0.0,0.0,0.0
egb,17,0.0,0.0,0.0
egb,18,0.0,0.0,0.0
egb,19,0.0,0.0,0.0
egb,20,0.0,0.0,0.0
egb,21,0.0,0.0,0.0
egb,22,0.0,0.0,0.0
egb,23,0.0,0.0,0.0
egb,24,0.0,0.0,0.0
egb,25,0.0,0.0,0.0
egb,26,0.0,0.0,0.0
egb,27,0.0,0.0,0.0
egb,28,0.0,0.0,0.0
egb,29,0.0,0.0,0.0
egb,30,0.0,0.0,0.0
egb,31,0.0,0.0,0.0
egb,32,0.0,0.0,0.0
egb,33,0.0,0.0,0.0
egb,34,0.0,0.0,0.0
egb,35,0.0,0.0,0.0
egb,36,0.0,0.0,0.0
egb,37,0.0,0.0,0.0
egb,38,0.0,0.0,0.0
egb,39,0.0,0.0,0.0
egb,40,0.0,0.0,0.0
egb,41,0.0,0.0,0.0
egb,42,0.0,0.0,0.0
egb,43,0.0,0.0,0.0
egb,44,0.0,0.0,0.0
egb,45,0.0,0.0,0.0
egb,46,0.0,0.0,0.0
egb,47,0.0,0.0,0.0
egb,48,0.0,0.0,0.0
egb,49,0.0,0.0,0.0
egb,50,0.0,0.0,0.0
egb,51,0.0,0.0,0.0
egb,52,0.0,0.0,0.0
egb,53,0.0,0.0,0.0
egb,54,0.0,0.0,0.0
egb,55,0.0,0.0,0.0
egb,56,0.0,0.0,0.0
egb,57,0.0,0.0,0.0
egb,58,0.0,0.0,0.0
egb,59,0.0,0.0,0.0
egb,60,0.0,0.0,0.0
egb,61,0.0,0.0,0.0
egb,62,0.0,0.0,0.0
egb,63,0.0,0.0,0.0
egb,64,0.0,0.0,0.0
egb,65,0.0,0.0,0.0
egb,66,0.0,0.0,0.0
egb,67,0.0,0.0,0.0
egb,68,0.0,0.0,0.0
egb,69,0.0,0.0,0.0
egb,70,0.0,0.0,0.0
egb,71,0.0,0.0,0.0
egb,72,0.0,0.0,0.0
egb,73,0.0,0.0,0.0
egb,74,0.0,0.0,0.0
egb,75,0.0,0.0,0.0
egb,76,0.0,0.0,0.0
egb,77,0.0,0.0,0.0
egb,78,0.0,0.0,0.0
egb,79,0.0,0.0,0.0
egb,80,0.0,0.0,0.0
egb,81,0.0,0.0,0.0
egb,82,0.0,0.0,0.0
egb,83,0.0,0.0,0.0
egb,84,0.0,0.0,0.0
egb,85,0.0,0.0,0.0
egb,86,0.0,0.0,0.0
egb,87,0.0,0.0,0.0
egb,88,0.0,0.0,0.0
egb,89,0.0,0.0,0.0
egb,90,0.0,0.0,0.0
egb,91,0.0,0.0,0.0
egb,92,0.0,0.0,0.0
egb,93,0.0,0.0,0.0
egb,94,0.0,0.0,0.0
egb,95,0.0,0.0,0.0
egb,96,0.0,0.0,0.0
egb,97,0.0,0.0,0.0
egb,98,0.0,0.0,0.0
egb,99,0.0,0.0,0.0
egb,100,0.0,0.0,0.0
egb,101,0.0,0.0,0.0
egb,102,0.0,0.0,0.0
egb,103,0.0,0.0,0.0
egb,104,0.0,0.0,0.0
egb,105,0.0,0.0,0.0
egb,106,0.0,0.0,0.0
egb,107,0.0,0.0,0.0
egb,108,0.0,0.0,0.0
egb,109,0.0,0.0,0.0
egb,110,0.0,0.0,0.0
egb,111,0.0,0.0,0.0
egb,112,0.0,0.0,0.0
egb,113,0.0,0.0,0.0
egb,114,0.0,0.0,0.0
egb,115,0.0,0.0,0.0
egb,116,0.0,0.0,0.0
egb,117,0.0,0.0,0.0
egb,118,0.0,0.0,0.0
egb,119,0.0,0.0,0.0
egb,120,0.0,0.0,0.0
egb,121,0.0,0.0,0.0
egb,122,0.0,0.0,0.0
egb,123,0.0,0.0,0.0
egb,124,0.0,0.0,0.0
egb,125,0.0,0.0,0.0
egb,126,0.0,0.0,0.0
egb,127,0.0,0.0,0.0
egb,128,0.0,0.0,0.0
egb,129,0.0,0.0,0.0
egb,130,0.0,0.0,0.0
egb,131,0.0,0.0,0.0
egb,132,0.0,0.0,0.0
egb,133,0.0,0.0,0.0
egb,134,0.0,0.0,0.0
egb,135,0.0,0.0,0.0
egb,136,0.0,0.0,0.0
egb,137,0.0,0.0,0.0
egb,138,0.0,0.0,0.0
egb,139,0.0,0.0,0.0
egb,140,0.0,0.0,0.0
egb,141,0.0,0.0,0.0
egb,142,0.0,0.0,0.0
egb,143,0.0,0.0,0.0
egb,144,0.0,0.0,0.0
egb,145,0.0,0.0,0.0
egb,146,0.0,0.0,0.0
egb,147,0.0,0.0,0.0
egb,148,0.0,0.0,0.0
egb,149,0.0,0.0,0.0
egb,150,0.0,0.0,0.0
egb,151,0.0,0.0,0.0
egb,152,0.0,0.0,0.0
egb,153,0.0,0.0,0.0
egb,154,0.0,0.0,0.0
egb,155,0.0,0.0,0.0
egb,156,0.0,0.0,0.0
egb,157,0.0,0.0,0.0
egb,158,0.0,0.0,0.0
egb,159,0.0,0.0,0.0
egb,160,0.0,0.0,0.0
egb,161,0.0,0.0,0.0
egb,162,0.0,0.0,0.0
egb,163,0.0,0.0,0.0
egb,164,0.0,0.0,0.0
egb,165,0.0,0.0,0.0
egb,166,0.0,0.0,0.0
egb,167,0.0,0.0,0.0
egb,168,0.0,0.0,0.0
egb,169,0.0,0.0,0.0
egb,170,0.0,0.0,0.0
egb,171,0.0,0.0,0.0
egb,172,0.0,0.0,0.0
egb,173,0.0,0.0,0.0
egb,174,0.0,0.0,0.0
egb,175,0.0,0.0,0.0
egb,176,0.0,0.0,0.0
egb,177,0.0,0.0,0.0
egb,178,0.0,0.0,0.0
egb,179,0.0,0.0,0.0
egb,180,0.0,0.0,0.0
egb,181,0.0,0.0,0.0
egb,182,0.0,0.0,0.0
egb,183,0.0,0.0,0.0
egb,184,0.0,0.0,0.0
egb,185,0.0,0.0,0.0
egb,186,0.0,0.0,0.0
egb,187,0.0,0.0,0.0
egb,188,0.0,0.0,0.0
egb,189,0.0,0.0,0.0
egb,190,0.0,0.0,0.0
egb,191,0.0,0.0,0.0
egb,192,0.0,0.0,0.0
egb,193,0.0,0.0,0.0
egb,194,0.0,0.0,0.0
egb,195,0.0,0.0,0.0
egb,196,0.0,0.0,0.0
egb,197,0.0,0.0,0.0
egb,198,0.0,0.0,0.0
egb,199,0.0,0.0,0.0
egb,200,0.0,0.0,0.0
egb,201,0.0,0.0,0.0
egb,202,0.0,0.0,0.0
egb,203,0.0,0.0,0.0
egb,204,0.0,0.0,0.0
egb,205,0.0,0.0,0.0
egb,206,0.0,0.0,0.0
egb,207,0.0,0.0,0.0
egb,208,0.0,0.0,0.0
egb,209,0.0,0.0,0.0
egb,210,0.0,0.0,0.0
egb,211,0.0,0.0,0.0
egb,212,0.0,0.0,0.0
egb,213,0.0,0.0,0.0
egb,214,0.0,0.0,0.0
egb,215,0.0,0.0,0.0
egb,216,0.0,0.0,0.0
egb,217,0.0,0.0,0.0
egb,218,0.0,0.0,0.0
egb,219,0.0,0.0,0.0
egb,220,0.0,0.0,0.0
egb,221,0.0,0.0,0.0
egb,222,0.0,0.0,0.0
egb,223,0.0,0.0,0.0
egb,224,0.0,0.0,0.0
egb,225,0.0,0.0,0.0
egb,226,0.0,0.0,0.0
egb,227,0.0,0.0,0.0
egb,228,0.0,0.0,0.0
egb,229,0.0,0.0,0.0
egb,230,0.0,0.0,0.0
egb,231,0.0,0.0,0.0
egb,232,0.0,0.0,0.0
egb,233,0.0,0.0,0.0
egb,234,0.0,0.0,0.0
egb,235,0.0,0.0,0.0
egb,236,0.0,0.0,0.0
egb,237,0.0,0.0,0.0
egb,238,0.0,0.0,0.0
egb,239,0.0,0.0,0.0
egb,240,0.0,0.0,0.0
egb,241,0.0,0.0,0.0
egb,242,0.0,0.0,0.0
egb,243,0.0,0.0,0.0
egb,244,0.0,0.0,0.0
egb,245,0.0,0.0,0.0
egb,246,0.0,0.0,0.0
egb,247,0.0,0.0,0.0
egb,248,0.0,0.0,0.0
egb,249,0.0,0.0,0.0
egb,250,0.0,0.0,0.0
egb,251,0.0,0.0,0.0
egb,252,0.0,0.0,0.0
egb,253,0.0,0.0,0.0
egb,254,0.0,0.0,0.0
egb,255,0.0,0.0,0.0
egb,256,0.0,0.0,0.0
egb,257,0.0,0.0,0.0
egb,258,0.0,0.0,0.0
egb,259,0.0,0.0,0.0
egb,260,0.0,0.0,0.0
egb,261,0.0,0.0,0.0
egb,262,0.0,0.0,0.0
egb,263,0.0,0.0,0.0
egb,264,0.0,0.0,0.0
egb,265,0.0,0.0,0.0
egb,266,0.0,0.0,0.0
egb,267,0.0,0.0,0.0
egb,268,0.0,0.0,0.0
egb,269,0.0,0.0,0.0
egb,270,0.0,0.0,0.0
egb,271,0.0,0.0,0.0
egb,272,0.0,0.0,0.0
egb,273,0.0,0.0,0.0
egb,274,0.0,0.0,0.0
egb,275,0.0,0.0,0.0
egb,276,0.0,0.0,0.0
egb,277,0.0,0.0,0.0
egb,278,0.0,0.0,0.0
egb,279,0.0,0.0,0.0
egb,280,0.0,0.0,0.0
egb,281,0.0,0.0,0.0
egb,282,0.0,0.0,0.0
egb,283,0.0,0.0,0.0
egb,284,0.0,0.0,0.0
egb,285,0.0,0.0,0.0
egb,286,0.0,0.0,0.0
egb,287,0.0,0.0,0.0
egb,288,0.0,0.0,0.0
egb,289,0.0,0.0,0.0
egb,290,0.0,0.0,0.0
egb,291,0.0,0.0,0.0
egb,292,0.0,0.0,0.0
egb,293,0.0,0.0,0.0
egb,294,0.0,0.0,0.0
egb,295,0.0,0.0,0.0
egb,296,0.0,0.0,0.0
egb,297,0.0,0.0,0.0
egb,298,0.0,0.0,0.0
egb,299,0.0,0.0,0.0
egb,300,0.0,0.0,0.0
egb,301,0.0,0.0,0.0
egb,302,0.0,0.0,0.0
egb,303,0.0,0.0,0.0
egb,304,0.0,0.0,0.0
egb,305,0.0,0.0,0.0
egb,306,0.0,0.0,0.0
egb,307,0.0,0.0,0.0
egb,308,0.0,0.0,0.0
egb,309,0.0,0.0,0.0
egb,310,0.0,0.0,0.0
egb,311,0.0,0.0,0.0
egb,312,0.0,0.0,0.0
egb,313,0.0,0.0,0.0
egb,314,0.0,0.0,0.0
egb,315,0.0,0.0,0.0
egb,316,0.0,0.0,0.0
egb,317,0.0,0.0,0.0
egb,318,0.0,0.0,0.0
egb,319,0.0,0.0,0.0
egb,320,0.0,0.0,0.0
egb,321,0.0,0.0,0.0
egb,322,0.0,0.0,0.0
egb,323,0.0,0.0,0.0
egb,324,0.0,0.0,0.0
egb,325,0.0,0.0,0.0
egb,326,0.0,0.0,0.0
egb,327,0.0,0.0,0.0
egb,328,0.0,0.0,0.0
egb,329,0.0,0.0,0.0
egb,330,0.0,0.0,0.0
egb,331,0.0,0.0,0.0
egb,332,0.0,0.0,0.0
egb,333,0.0,0.0,0.0
egb,334,0.0,0.0,0.0
egb,335,0.0,0.0,0.0
egb,336,0.0,0.0,0.0
ei,0,0.0,0.0,0.0
ei,1,0.0,0.0,0.0
ei,2,0.0,0.0,0.0
ei,3,0.0,0.0,0.0
ei,4,0.0,0.0,0.0
ei,5,0.0,0.0,0.0
ei,6,0.0,0.0,0.0
ei,7,0.0,0.0,0.0
ei,8,0.0,0.0,0.0
ei,9,0.0,0.0,0.0
ei,10,0.0,0.0,0.0
ei,11,0.0,0.0,0.0
ei,12,0.0,0.0,0.0
ei,13,0.0,0.0,0.0
ei,14,0.0,0.0,0.0
ei,15,0.0,0.0,0.0
ei,16,0.0,0.0,0.0
ei,17,0.0,0.0,0.0
ei,18,0.0,0.0,0.0
ei,19,0.0,0.0,0.0
ei,20,0.0,0.0,0.0
ei,21,0.0,0.0,0.0
ei,22,0.0,0.0,0.0
ei,23,0.0,0.0,0.0
ei,24,0.0,0.0,0.0
ei,25,0.0,0.0,0.0
ei,26,0.0,0.0,0.0
ei,27,0.0,0.0,0.0
ei,28,0.0,0.0,0.0
ei,29,0.0,0.0,0.0
ei,30,0.0,0.0,0.0
ei,31,0.0,0.0,0.0
ei,32,0.0,0.0,0.0
ei,33,0.0,0.0,0.0
ei,34,0.0,0.0,0.0
ei,35,0.0,0.0,0.0
ei,36,0.0,0.0,0.0
ei,37,0.0,0.0,0.0
ei,38,0.0,0.0,0.0
ei,39,0.0,0.0,0.0
ei,40,0.0,0.0,0.0
ei,41,0.0,0.0,0.0
ei,42,0.0,0.0,0.0
ei,43,0.0,0.0,0.0
ei,44,0.0,0.0,0.0
ei,45,0.0,0.0,0.0
ei,46,0.0,0.0,0.0
ei,47,0.0,0.0,0.0
ei,48,0.0,0.0,0.0
ei,49,0.0,0.0,0.0
ei,50,0.0,0.0,0.0
ei,51,0.0,0.0,0.0
ei,52,0.0,0.0,0.0
ei,53,0.0,0.0,0.0
ei,54,0.0,0.0,0.0
ei,55,0.0,0.0,0.0
ei,56,0.0,0.0,0.0
ei,57,0.0,0.0,0.0
ei,58,0.0,0.0,0.0
ei,59,0.0,0.0,0.0
ei,60,0.0,0.0,0.0
ei,61,0.0,0.0,0.0
ei,62,0.0,0.0,0.0
ei,63,0.0,0.0,0.0
ei,64,0.0,0.0,0.0
ei,65,0.0,0.0,0.0
ei,66,0.0,0.0,0.0
ei,67,0.0,0.0,0.0
ei,68,0.0,0.0,0.0
ei,69,0.0,0.0,0.0
ei,70,0.0,0.0,0.0
ei,71,0.0,0.0,0.0
ei,72,0.0,0.0,0.0
ei,73,0.0,0.0,0.0
ei,74,0.0,0.0,0.0
ei,75,0.0,0.0,0.0
ei,76,0.0,0.0,0.0
ei,77,0.0,0.0,0.0
ei,78,0.0,0.0,0.0
ei,79,0.0,0.0,0.0
ei,80,0.0,0.0,0.0
ei,81,0.0,0.0,0.0
ei,82,0.0,0.0,0.0
ei,83,0.0,0.0,0.0
ei,84,0.0,0.0,0.0
ei,85,0.0,0.0,0.0
ei,86,0.0,0.0,0.0
ei,87,0.0,0.0,0.0
ei,88,0.0,0.0,0.0
ei,89,0.0,0.0,0.0
ei,90,0.0,0.0,0.0
ei,91,0.0,0.0,0.0
ei,92,0.0,0.0,0.0
ei,93,0.0,0.0,0.0
ei,94,0.0,0.0,0.0
ei,95,0.0,0.0,0.0
ei,96,0.0,0.0,0.0
ei,97,0.0,0.0,0.0
ei,98,0.0,0.0,0.0
ei,99,0.0,0.0,0.0
ei,100,0.0,0.0,0.0
ei,101,0.0,0.0,0.0
ei,102,0.0,0.0,0.0
ei,103,0.0,0.0,0.0
ei,104,0.0,0.0,0.0
ei,105,0.0,0.0,0.0
ei,106,0.0,0.0,0.0
ei,107,0.0,0.0,0.0
ei,108,0.0,0.0,0.0
ei,109,0.0,0.0,0.0
ei,110,0.0,0.0,0.0
ei,111,0.0,0.0,0.0
ei,112,0.0,0.0,0.0
ei,113,0.0,0.0,0.0
ei,114,0.0,0.0,0.0
ei,115,0.0,0.0,0.0
ei,116,0.0,0.0,0.0
ei,117,0.0,0.0,0.0
ei,118,0.0,0.0,0.0
ei,119,0.0,0.0,0.0
ei,120,0.0,0.0,0.0
ei,121,0.0,0.0,0.0
ei,122,0.0,0.0,0.0
ei,123,0.0,0.0,0.0
ei,124,0.0,0.0,0.0
ei,125,0.0,0.0,0.0
ei,126,0.0,0.0,0.0
ei,127,0.0,0.0,0.0
ei,128,0.0,0.0,0.0
ei,129,0.0,0.0,0.0
ei,130,0.0,0.0,0.0
ei,131,0.0,0.0,0.0
ei,132,0.0,0.0,0.0
ei,133,0.0,0.0,0.0
ei,134,0.0,0.0,0.0
ei,135,0.0,0.0,0.0
ei,136,0.0,0.0,0.0
ei,137,0.0,0.0,0.0
ei,138,0.0,0.0,0.0
ei,139,0.0,0.0,0.0
ei,140,0.0,0.0,0.0
ei,141,0.0,0.0,0.0
ei,142,0.0,0.0,0.0
ei,143,0.0,0.0,0.0
ei,144,0.0,0.0,0.0
ei,145,0.0,0.0,0.0
ei,146,0.0,0.0,0.0
ei,147,0.0,0.0,0.0
ei,148,0.0,0.0,0.0
ei,149,0.0,0.0,0.0
ei,150,0.0,0.0,0.0
ei,151,0.0,0.0,0.0
ei,152,0.0,0.0,0.0
ei,153,0.0,0.0,0.0
ei,154,0.0,0.0,0.0
ei,155,0.0,0.0,0.0
ei,156,0.0,0.0,0.0
ei,157,0.0,0.0,0.0
ei,158,0.0,0.0,0.0
ei,159,0.0,0.0,0.0
ei,160,0.0,0.0,0.0
ei,161,0.0,0.0,0.0
ei,162,0.0,0.0,0.0
ei,163,0.0,0.0,0.0
ei,164,0.0,0.0,0.0
ei,165,0.0,0.0,0.0
ei,166,0.0,0.0,0.0
ei,167,0.0,0.0,0.0
ei,168,0.0,0.0,0.0
ei,169,0.0,0.0,0.0
ei,170,0.0,0.0,0.0
ei,171,0.0,0.0,0.0
ei,172,0.0,0.0,0.0
ei,173,0.0,0.0,0.0
ei,174,0.0,0.0,0.0
ei,175,0.0,0.0,0.0
ei,176,0.0,0.0,0.0
ei,177,0.0,0.0,0.0
ei,178,0.0,0.0,0.0
ei,179,0.0,0.0,0.0
ei,180,0.0,0.0,0.0
ei,181,0.0,0.0,0.0
ei,182,0.0,0.0,0.0
ei,183,0.0,0.0,0.0
ei,184,0.0,0.0,0.0
ei,185,0.0,0.0,0.0
ei,186,0.0,0.0,0.0
ei,187,0.0,0.0,0.0
ei,188,0.0,0.0,0.0
ei,189,0.0,0.0,0.0
ei,190,0.0,0.0,0.0
ei,191,0.0,0.0,0.0
ei,192,0.0,0.0,0.0
ei,193,0.0,0.0,0.0
ei,194,0.0,0.0,0.0
ei,195,0.0,0.0,0.0
ei,196,0.0,0.0,0.0
ei,197,0.0,0.0,0.0
ei,198,0.0,0.0,0.0
ei,199,0.0,0.0,0.0
ei,200,0.0,0.0,0.0
ei,201,0.0,0.0,0.0
ei,202,0.0,0.0,0.0
ei,203,0.0,0.0,0.0
ei,204,0.0,0.0,0.0
ei,205,0.0,0.0,0.0
ei,206,0.0,0.0,0.0
ei,207,0.0,0.0,0.0
ei,208,0.0,0.0,0.0
ei,209,0.0,0.0,0.0
ei,210,0.0,0.0,0.0
ei,211,0.0,0.0,0.0
ei,212,0.0,0.0,0.0
ei,213,0.0,0.0,0.0
ei,214,0.0,0.0,0.0
ei,215,0.0,0.0,0.0
ei,216,0.0,0.0,0.0
ei,217,0.0,0.0,0.0
ei,218,0.0,0.0,0.0
ei,219,0.0,0.0,0.0
ei,220,0.0,0.0,0.0
ei,221,0.0,0.0,0.0
eea,0,0.0,0.0,0.0
eea,1,0.0,0.0,0.0
eea,2,0.0,0.0,0.0
eea,3,0.0,0.0,0.0
eea,4,0.0,0.0,0.0
eea,5,0.0,0.0,0.0
eea,6,0.0,0.0,0.0
eea,7,0.0,0.0,0.0
eea,8,0.0,0.0,0.0
eea,9,0.0,0.0,0.0
eea,10,0.0,0.0,0.0
eea,11,0.0,0.0,0.0
eea,12,0.0,0.0,0.0
eea,13,0.0,0.0,0.0
eea,14,0.0,0.0,0.0
eea,15,0.0,0.0,0.0
eea,16,0.0,0.0,0.0
eea,17,0.0,0.0,0.0
eea,18,0.0,0.0,0.0
eea,19,0.0,0.0,0.0
eea,20,0.0,0.0,0.0
eea,21,0.0,0.0,0.0
eea,22,0.0,0.0,0.0
eea,23,0.0,0.0,0.0
eea,24,0.0,0.0,0.0
eea,25,0.0,0.0,0.0
eea,26,0.0,0.0,0.0
eea,27,0.0,0.0,0.0
eea,28,0.0,0.0,0.0
eea,29,0.0,0.0,0.0
eea,30,0.0,0.0,0.0
eea,31,0.0,0.0,0.0
eea,32,0.0,0.0,0.0
eea,33,0.0,0.0,0.0
eea,34,0.0,0.0,0.0
eea,35,0.0,0.0,0.0
eea,36,0.0,0.0,0.0
eea,37,0.0,0.0,0.0
eea,38,0.0,0.0,0.0
eea,39,0.0,0.0,0.0
eea,40,0.0,0.0,0.0
eea,41,0.0,0.0,0.0
eea,42,0.0,0.0,0.0
eea,43,0.0,0.0,0.0
eea,44,0.0,0.0,0.0
eea,45,0.0,0.0,0.0
eea,46,0.0,0.0,0.0
eea,47,0.0,0.0,0.0
eea,48,0.0,0.0,0.0
eea,49,0.0,0.0,0.0
eea,50,0.0,0.0,0.0
eea,51,0.0,0.0,0.0
eea,52,0.0,0.0,0.0
eea,53,0.0,0.0,0.0
eea,54,0.0,0.0,0.0
eea,55,0.0,0.0,0.0
eea,56,0.0,0.0,0.0
eea,57,0.0,0.0,0.0
eea,58,0.0,0.0,0.0
eea,59,0.0,0.0,0.0
eea,60,0.0,0.0,0.0
eea,61,0.0,0.0,0.0
eea,62,0.0,0.0,0.0
eea,63,0.0,0.0,0.0
eea,64,0.0,0.0,0.0
eea,65,0.0,0.0,0.0
eea,66,0.0,0.0,0.0
eea,67,0.0,0.0,0.0
eea,68,0.0,0.0,0.0
eea,69,0.0,0.0,0.0
eea,70,0.0,0.0,0.0
eea,71,0.0,0.0,0.0
eea,72,0.0,0.0,0.0
eea,73,0.0,0.0,0.0
eea,74,0.0,0.0,0.0
eea,75,0.0,0.0,0.0
eea,76,0.0,0.0,0.0
eea,77,0.0,0.0,0.0
eea,78,0.0,0.0,0.0
eea,79,0.0,0.0,0.0
eea,80,0.0,0.0,0.0
eea,81,0.0,0.0,0.0
eea,82,0.0,0.0,0.0
eea,83,0.0,0.0,0.0
eea,84,0.0,0.0,0.0
eea,85,0.0,0.0,0.0
eea,86,0.0,0.0,0.0
eea,87,0.0,0.0,0.0
eea,88,0.0,0.0,0.0
eea,89,0.0,0.0,0.0
eea,90,0.0,0.0,0.0
eea,91,0.0,0.0,0.0
eea,92,0.0,0.0,0.0
eea,93,0.0,0.0,0.0
eea,94,0.0,0.0,0.0
eea,95,0.0,0.0,0.0
eea,96,0.0,0.0,0.0
eea,97,0.0,0.0,0.0
eea,98,0.0,0.0,0.0
eea,99,0.0,0.0,0.0
eea,100,0.0,0.0,0.0
eea,101,0.0,0.0,0.0
eea,102,0.0,0.0,0.0
eea,103,0.0,0.0,0.0
eea,104,0.0,0.0,0.0
eea,105,0.0,0.0,0.0
eea,106,0.0,0.0,0.0
eea,107,0.0,0.0,0.0
eea,108,0.0,0.0,0.0
eea,109,0.0,0.0,0.0
eea,110,0.0,0.0,0.0
eea,111,0.0,0.0,0.0
eea,112,0.0,0.0,0.0
eea,113,0.0,0.0,0.0
eea,114,0.0,0.0,0.0
eea,115,0.0,0.0,0.0
eea,116,0.0,0.0,0.0
eea,117,0.0,0.0,0.0
eea,118,0.0,0.0,0.0
eea,119,0.0,0.0,0.0
eea,120,0.0,0.0,0.0
eea,121,0.0,0.0,0.0
eea,122,0.0,0.0,0.0
eea,123,0.0,0.0,0.0
eea,124,0.0,0.0,0.0
eea,125,0.0,0.0,0.0
eea,126,0.0,0.0,0.0
eea,127,0.0,0.0,0.0
eea,128,0.0,0.0,0.0
eea,129,0.0,0.0,0.0
eea,130,0.0,0.0,0.0
eea,131,0.0,0.0,0.0
eea,132,0.0,0.0,0.0
eea,133,0.0,0.0,0.0
eea,134,0.0,0.0,0.0
eea,135,0.0,0.0,0.0
eea,136,0.0,0.0,0.0
eea,137,0.0,0.0,0.0
eea,138,0.0,0.0,0.0
eea,139,0.0,0.0,0.0
eea,140,0.0,0.0,0.0
eea,141,0.0,0.0,0.0
eea,142,0.0,0.0,0.0
eea,143,0.0,0.0,0.0
eea,144,0.0,0.0,0.0
eea,145,0.0,0.0,0.0
eea,146,0.0,0.0,0.0
eea,147,0.0,0.0,0.0
eea,148,0.0,0.0,0.0
eea,149,0.0,0.0,0.0
eea,150,0.0,0.0,0.0
eea,151,0.0,0.0,0.0
eea,152,0.0,0.0,0.0
eea,153,0.0,0.0,0.0
eea,154,0.0,0.0,0.0
eea,155,0.0,0.0,0.0
eea,156,0.0,0.0,0.0
eea,157,0.0,0.0,0.0
eea,158,0.0,0.0,0.0
eea,159,0.0,0.0,0.0
eea,160,0.0,0.0,0.0
eea,161,0.0,0.0,0.0
eea,162,0.0,0.0,0.0
eea,163,0.0,0.0,0.0
eea,164,0.0,0.0,0.0
eea,165,0.0,0.0,0.0
eea,166,0.0,0.0,0.0
eea,167,0.0,0.0,0.0
eea,168,0.0,0.0,0.0
eea,169,0.0,0.0,0.0
eea,170,0.0,0.0,0.0
eea,171,0.0,0.0,0.0
eea,172,0.0,0.0,0.0
eea,173,0.0,0.0,0.0
eea,174,0.0,0.0,0.0
eea,175,0.0,0.0,0.0
eea,176,0.0,0.0,0.0
eea,177,0.0,0.0,0.0
eea,178,0.0,0.0,0.0
eea,179,0.0,0.0,0.0
eea,180,0.0,0.0,0.0
eea,181,0.0,0.0,0.0
eea,182,0.0,0.0,0.0
eea,183,0.0,0.0,0.0
eea,184,0.0,0.0,0.0
eea,185,0.0,0.0,0.0
eea,186,0.0,0.0,0.0
eea,187,0.0,0.0,0.0
eea,188,0.0,0.0,0.0
eea,189,0.0,0.0,0.0
eea,190,0.0,0.0,0.0
eea,191,0.0,0.0,0.0
eea,192,0.0,0.0,0.0
eea,193,0.0,0.0,0.0
eea,194,0.0,0.0,0.0
eea,195,0.0,0.0,0.0
eea,196,0.0,0.0,0.0
eea,197,0.0,0.0,0.0
eea,198,0.0,0.0,0.0
eea,199,0.0,0.0,0.0
eea,200,0.0,0.0,0.0
eea,201,0.0,0.0,0.0
eea,202,0.0,0.0,0.0
eea,203,0.0,0.0,0.0
eea,204,0.0,0.0,0.0
eea,205,0.0,0.0,0.0
eea,206,0.0,0.0,0.0
eea,207,0.0,0.0,0.0
eea,208,0.0,0.0,0.0
eea,209,0.0,0.0,0.0
eea,210,0.0,0.0,0.0
eea,211,0.0,0.0,0.0
eea,212,0.0,0.0,0.0
eea,213,0.0,0.0,0.0
eea,214,0.0,0.0,0.0
eea,215,0.0,0.0,0.0
eea,216,0.0,0.0,0.0
eea,217,0.0,0.0,0.0
eea,218,0.0,0.0,0.0
eea,219,0.0,0.0,0.0
eea,220,0.0,0.0,0.0
nc,0,0.0,0.0,0.0
nc,1,0.0,0.0,0.0
nc,2,0.0,0.0,0.0
nc,3,0.0,0.0,0.0
nc,4,0.0,0.0,0.0
nc,5,0.0,0.0,0.0
nc,6,0.0,0.0,0.0
nc,7,0.0,0.0,0.0
nc,8,0.0,0.0,0.0
nc,9,0.0,0.0,0.0
nc,10,0.0,0.0,0.0
nc,11,0.0,0.0,0.0
nc,12,0.0,0.0,0.0
nc,13,0.0,0.0,0.0
nc,14,0.0,0.0,0.0
nc,15,0.0,0.0,0.0
nc,16,0.0,0.0,0.0
nc,17,0.0,0.0,0.0
nc,18,0.0,0.0,0.0
nc,19,0.0,0.0,0.0
nc,20,0.0,0.0,0.0
nc,21,0.0,0.0,0.0
nc,22,0.0,0.0,0.0
nc,23,0.0,0.0,0.0
nc,24,0.0,0.0,0.0
nc,25,0.0,0.0,0.0
nc,26,0.0,0.0,0.0
nc,27,0.0,0.0,0.0
nc,28,0.0,0.0,0.0
nc,29,0.0,0.0,0.0
nc,30,0.0,0.0,0.0
nc,31,0.0,0.0,0.0
nc,32,0.0,0.0,0.0
nc,33,0.0,0.0,0.0
nc,34,0.0,0.0,0.0
nc,35,0.0,0.0,0.0
nc,36,0.0,0.0,0.0
nc,37,0.0,0.0,0.0
nc,38,0.0,0.0,0.0
nc,39,0.0,0.0,0.0
nc,40,0.0,0.0,0.0
nc,41,0.0,0.0,0.0
nc,42,0.0,0.0,0.0
nc,43,0.0,0.0,0.0
nc,44,0.0,0.0,0.0
nc,45,0.0,0.0,0.0
nc,46,0.0,0.0,0.0
nc,47,0.0,0.0,0.0
nc,48,0.0,0.0,0.0
nc,49,0.0,0.0,0.0
nc,50,0.0,0.0,0.0
nc,51,0.0,0.0,0.0
nc,52,0.0,0.0,0.0
nc,53,0.0,0.0,0.0
nc,54,0.0,0.0,0.0
nc,55,0.0,0.0,0.0
nc,56,0.0,0.0,0.0
nc,57,0.0,0.0,0.0
nc,58,0.0,0.0,0.0
nc,59,0.0,0.0,0.0
nc,60,0.0,0.0,0.0
nc,61,0.0,0.0,0.0
nc,62,0.0,0.0,0.0
nc,63,0.0,0.0,0.0
nc,64,0.0,0.0,0.0
nc,65,0.0,0.0,0.0
nc,66,0.0,0.0,0.0
nc,67,0.0,0.0,0.0
nc,68,0.0,0.0,0.0
nc,69,0.0,0.0,0.0
nc,70,0.0,0.0,0.0
nc,71,0.0,0.0,0.0
nc,72,0.0,0.0,0.0
nc,73,0.0,0.0,0.0
nc,74,0.0,0.0,0.0
nc,75,0.0,0.0,0.0
nc,76,0.0,0.0,0.0
nc,77,0.0,0.0,0.0
nc,78,0.0,0.0,0.0
nc,79,0.0,0.0,0.0
nc,80,0.0,0.0,0.0
nc,81,0.0,0.0,0.0
nc,82,0.0,0.0,0.0
nc,83,0.0,0.0,0.0
nc,84,0.0,0.0,0.0
nc,85,0.0,0.0,0.0
nc,86,0.0,0.0,0.0
nc,87,0.0,0.0,0.0
nc,88,0.0,0.0,0.0
nc,89,0.0,0.0,0.0
nc,90,0.0,0.0,0.0
nc,91,0.0,0.0,0.0
nc,92,0.0,0.0,0.0
nc,93,0.0,0.0,0.0
nc,94,0.0,0.0,0.0
nc,95,0.0,0.0,0.0
nc,96,0.0,0.0,0.0
nc,97,0.0,0.0,0.0
nc,98,0.0,0.0,0.0
nc,99,0.0,0.0,0.0
nc,100,0.0,0.0,0.0
nc,101,0.0,0.0,0.0
nc,102,0.0,0.0,0.0
nc,103,0.0,0.0,0.0
nc,104,0.0,0.0,0.0
nc,105,0.0,0.0,0.0
nc,106,0.0,0.0,0.0
nc,107,0.0,0.0,0.0
nc,108,0.0,0.0,0.0
nc,109,0.0,0.0,0.0
nc,110,0.0,0.0,0.0
nc,111,0.0,0.0,0.0
nc,112,0.0,0.0,0.0
nc,113,0.0,0.0,0.0
nc,114,0.0,0.0,0.0
nc,115,0.0,0.0,0.0
nc,116,0.0,0.0,0.0
nc,117,0.0,0.0,0.0
nc,118,0.0,0.0,0.0
nc,119,0.0,0.0,0.0
nc,120,0.0,0.0,0.0
nc,121,0.0,0.0,0.0
nc,122,0.0,0.0,0.0
nc,123,0.0,0.0,0.0
nc,124,0.0,0.0,0.0
nc,125,0.0,0.0,0.0
nc,126,0.0,0.0,0.0
nc,127,0.0,0.0,0.0
nc,128,0.0,0.0,0.0
nc,129,0.0,0.0,0.0
nc,130,0.0,0.0,0.0
nc,131,0.0,0.0,0.0
nc,132,0.0,0.0,0.0
nc,133,0.0,0.0,0.0
nc,134,0.0,0.0,0.0
nc,135,0.0,0.0,0.0
nc,136,0.0,0.0,0.0
nc,137,0.0,0.0,0.0
nc,138,0.0,0.0,0.0
nc,139,0.0,0.0,0.0
nc,140,0.0,0.0,0.0
nc,141,0.0,0.0,0.0
nc,142,0.0,0.0,0.0
nc,143,0.0,0.0,0.0
nc,144,0.0,0.0,0.0
nc,145,0.0,0.0,0.0
nc,146,0.0,0.0,0.0
nc,147,0.0,0.0,0.0
nc,148,0.0,0.0,0.0
nc,149,0.0,0.0,0.0
nc,150,0.0,0.0,0.0
nc,151,0.0,0.0,0.0
nc,152,0.0,0.0,0.0
nc,153,0.0,0.0,0.0
nc,154,0.0,0.0,0.0
nc,155,0.0,0.0,0.0
nc,156,0.0,0.0,0.0
nc,157,0.0,0.0,0.0
nc,158,0.0,0.0,0.0
nc,159,0.0,0.0,0.0
nc,160,0.0,0.0,0.0
nc,161,0.0,0.0,0.0
nc,162,0.0,0.0,0.0
nc,163,0.0,0.0,0.0
nc,164,0.0,0.0,0.0
nc,165,0.0,0.0,0.0
nc,166,0.0,0.0,0.0
nc,167,0.0,0.0,0.0
nc,168,0.0,0.0,0.0
nc,169,0.0,0.0,0.0
nc,170,0.0,0.0,0.0
nc,171,0.0,0.0,0.0
nc,172,0.0,0.0,0.0
nc,173,0.0,0.0,0.0
nc,174,0.0,0.0,0.0
nc,175,0.0,0.0,0.0
nc,176,0.0,0.0,0.0
nc,177,0.0,0.0,0.0
nc,178,0.0,0.0,0.0
nc,179,0.0,0.0,0.0
nc,180,0.0,0.0,0.0
nc,181,0.0,0.0,0.0
nc,182,0.0,0.0,0.0
nc,183,0.0,0.0,0.0
nc,184,0.0,0.0,0.0
nc,185,0.0,0.0,0.0
nc,186,0.0,0.0,0.0
nc,187,0.0,0.0,0.0
nc,188,0.0,0.0,0.0
nc,189,0.0,0.0,0.0
nc,190,0.0,0.0,0.0
nc,191,0.0,0.0,0.0
nc,192,0.0,0.0,0.0
nc,193,0.0,0.0,0.0
nc,194,0.0,0.0,0.0
nc,195,0.0,0.0,0.0
nc,196,0.0,0.0,0.0
nc,197,0.0,0.0,0.0
nc,198,0.0,0.0,0.0
nc,199,0.0,0.0,0.0
nc,200,0.0,0.0,0.0
nc,201,0.0,0.0,0.0
nc,202,0.0,0.0,0.0
nc,203,0.0,0.0,0.0
nc,204,0.0,0.0,0.0
nc,205,0.0,0.0,0.0
nc,206,0.0,0.0,0.0
nc,207,0.0,0.0,0.0
nc,208,0.0,0.0,0.0
nc,209,0.0,0.0,0.0
nc,210,0.0,0.0,0.0
nc,211,0.0,0.0,0.0
nc,212,0.0,0.0,0.0
nc,213,0.0,0.0,0.0
nc,214,0.0,0.0,0.0
nc,215,0.0,0.0,0.0
nc,216,0.0,0.0,0.0
nc,217,0.0,0.0,0.0
nc,218,0.0,0.0,0.0
nc,219,0.0,0.0,0.0
nc,220,0.0,0.0,0.0
nc,221,0.0,0.0,0.0
nc,222,0.0,0.0,0.0
nc,223,0.0,0.0,0.0
nc,224,0.0,0.0,0.0
nc,225,0.0,0.0,0.0
nc,226,0.0,0.0,0.0
nc,227,0.0,0.0,0.0
nc,228,0.0,0.0,0.0
eps,0,0.0,0.0,0.0
eps,1,0.0,0.0,0.0
eps,2,0.0,0.0,0.0
eps,3,0.0,0.0,0.0
eps,4,0.0,0.0,0.0
eps,5,0.0,0.0,0.0
eps,6,0.0,0.0,0.0
eps,7,0.0,0.0,0.0
eps,8,0.0,0.0,0.0
eps,9,0.0,0.0,0.0
eps,10,0.0,0.0,0.0
eps,11,0.0,0.0,0.0
eps,12,0.0,0.0,0.0
eps,13,0.0,0.0,0.0
eps,14,0.0,0.0,0.0
eps,15,0.0,0.0,0.0
eps,16,0.0,0.0,0.0
eps,17,0.0,0.0,0.0
eps,18,0.0,0.0,0.0
eps,19,0.0,0.0,0.0
eps,20,0.0,0.0,0.0
eps,21,0.0,0.0,0.0
eps,22,0.0,0.0,0.0
eps,23,0.0,0.0,0.0
eps,24,0.0,0.0,0.0
eps,25,0.0,0.0,0.0
eps,26,0.0,0.0,0.0
eps,27,0.0,0.0,0.0
eps,28,0.0,0.0,0.0
eps,29,0.0,0.0,0.0
eps,30,0.0,0.0,0.0
eps,31,0.0,0.0,0.0
eps,32,0.0,0.0,0.0
eps,33,0.0,0.0,0.0
eps,34,0.0,0.0,0.0
eps,35,0.0,0.0,0.0
eps,36,0.0,0.0,0.0
eps,37,0.0,0.0,0.0
eps,38,0.0,0.0,0.0
eps,39,0.0,0.0,0.0
eps,40,0.0,0.0,0.0
eps,41,0.0,0.0,0.0
eps,42,0.0,0.0,0.0
eps,43,0.0,0.0,0.0
eps,44,0.0,0.0,0.0
eps,45,0.0,0.0,0.0
eps,46,0.0,0.0,0.0
eps,47,0.0,0.0,0.0
eps,48,0.0,0.0,0.0
eps,49,0.0,0.0,0.0
eps,50,0.0,0.0,0.0
eps,51,0.0,0.0,0.0
eps,52,0.0,0.0,0.0
eps,53,0.0,0.0,0.0
eps,54,0.0,0.0,0.0
eps,55,0.0,0.0,0.0
eps,56,0.0,0.0,0.0
eps,57,0.0,0.0,0.0
eps,58,0.0,0.0,0.0
eps,59,0.0,0.0,0.0
eps,60,0.0,0.0,0.0
eps,61,0.0,0.0,0.0
eps,62,0.0,0.0,0.0
eps,63,0.0,0.0,0.0
eps,64,0.0,0.0,0.0
eps,65,0.0,0.0,0.0
eps,66,0.0,0.0,0.0
eps,67,0.0,0.0,0.0
eps,68,0.0,0.0,0.0
eps,69,0.0,0.0,0.0
eps,70,0.0,0.0,0.0
eps,71,0.0,0.0,0.0
eps,72,0.0,0.0,0.0
eps,73,0.0,0.0,0.0
eps,74,0.0,0.0,0.0
eps,75,0.0,0.0,0.0
eps,76,0.0,0.0,0.0
eps,77,0.0,0.0,0.0
eps,78,0.0,0.0,0.0
eps,79,0.0,0.0,0.0
eps,80,0.0,0.0,0.0
eps,81,0.0,0.0,0.0
eps,82,0.0,0.0,0.0
eps,83,0.0,0.0,0.0
eps,84,0.0,0.0,0.0
eps,85,0.0,0.0,0.0
eps,86,0.0,0.0,0.0
eps,87,0.0,0.0,0.0
eps,88,0.0,0.0,0.0
eps,89,0.0,0.0,0.0
eps,90,0.0,0.0,0.0
eps,91,0.0,0.0,0.0
eps,92,0.0,0.0,0.0
eps,93,0.0,0.0,0.0
eps,94,0.0,0.0,0.0
eps,95,0.0,0.0,0.0
eps,96,0.0,0.0,0.0
eps,97,0.0,0.0,0.0
eps,98,0.0,0.0,0.0
eps,99,0.0,0.0,0.0
eps,100,0.0,0.0,0.0
eps,101,0.0,0.0,0.0
eps,102,0.0,0.0,0.0
eps,103,0.0,0.0,0.0
eps,104,0.0,0.0,0.0
eps,105,0.0,0.0,0.0
eps,106,0.0,0.0,0.0
eps,107,0.0,0.0,0.0
eps,108,0.0,0.0,0.0
eps,109,0.0,0.0,0.0
eps,110,0.0,0.0,0.0
eps,111,0.0,0.0,0.0
eps,112,0.0,0.0,0.0
eps,113,0.0,0.0,0.0
eps,114,0.0,0.0,0.0
eps,115,0.0,0.0,0.0
eps,116,0.0,0.0,0.0
eps,117,0.0,0.0,0.0
eps,118,0.0,0.0,0.0
eps,119,0.0,0.0,0.0
eps,120,0.0,0.0,0.0
eps,121,0.0,0.0,0.0
eps,122,0.0,0.0,0.0
eps,123,0.0,0.0,0.0
eps,124,0.0,0.0,0.0
eps,125,0.0,0.0,0.0
eps,126,0.0,0.0,0.0
eps,127,0.0,0.0,0.0
eps,128,0.0,0.0,0.0
eps,129,0.0,0.0,0.0
eps,130,0.0,0.0,0.0
eps,131,0.0,0.0,0.0
eps,132,0.0,0.0,0.0
eps,133,0.0,0.0,0.0
eps,134,0.0,0.0,0.0
eps,135,0.0,0.0,0.0
eps,136,0.0,0.0,0.0
eps,137,0.0,0.0,0.0
eps,138,0.0,0.0,0.0
eps,139,0.0,0.0,0.0
eps,140,0.0,0.0,0.0
eps,141,0.0,0.0,0.0
eps,142,0.0,0.0,0.0
eps,143,0.0,0.0,0.0
eps,144,0.0,0.0,0.0
eps,145,0.0,0.0,0.0
eps,146,0.0,0.0,0.0
eps,147,0.0,0.0,0.0
eps,148,0.0,0.0,0.0
eps,149,0.0,0.0,0.0
eps,150,0.0,0.0,0.0
eps,151,0.0,0.0,0.0
eps,152,0.0,0.0,0.0
eps,153,0.0,0.0,0.0
eps,154,0.0,0.0,0.0
eps,155,0.0,0.0,0.0
eps,156,0.0,0.0,0.0
eps,157,0.0,0.0,0.0
eps,158,0.0,0.0,0.0
eps,159,0.0,0.0,0.0
eps,160,0.0,0.0,0.0
eps,161,0.0,0.0,0.0
eps,162,0.0,0.0,0.0
eps,163,0.0,0.0,0.0
eps,164,0.0,0.0,0.0
eps,165,0.0,0.0,0.0
eps,166,0.0,0.0,0.0
eps,167,0.0,0.0,0.0
eps,168,0.0,0.0,0.0
eps,169,0.0,0.0,0.0
eps,170,0.0,0.0,0.0
eps,171,0.0,0.0,0.0
eps,172,0.0,0.0,0.0
eps,173,0.0,0.0,0.0
eps,174,0.0,0.0,0.0
eps,175,0.0,0.0,0.0
eps,176,0.0,0.0,0.0
eps,177,0.0,0.0,0.0
eps,178,0.0,0.0,0.0
eps,179,0.0,0.0,0.0
eps,180,0.0,0.0,0.0
eps,181,0.0,0.0,0.0
eps,182,0.0,0.0,0.0
eps,183,0.0,0.0,0.0
eps,184,0.0,0.0,0.0
eps,185,0.0,0.0,0.0
eps,186,0.0,0.0,0.0
eps,187,0.0,0.0,0.0
eps,188,0.0,0.0,0.0
eps,189,0.0,0.0,0.0
eps,190,0.0,0.0,0.0
eps,191,0.0,0.0,0.0
eps,192,0.0,0.0,0.0
eps,193,0.0,0.0,0.0
eps,194,0.0,0.0,0.0
eps,195,0.0,0.0,0.0
eps,196,0.0,0.0,0.0
eps,197,0.0,0.0,0.0
eps,198,0.0,0.0,0.0
eps,199,0.0,0.0,0.0
eps,200,0.0,0.0,0.0
eps,201,0.0,0.0,0.0
eps,202,0.0,0.0,0.0
eps,203,0.0,0.0,0.0
eps,204,0.0,0.0,0.0
eps,205,0.0,0.0,0.0
eps,206,0.0,0.0,0.0
eps,207,0.0,0.0,0.0
eps,208,0.0,0.0,0.0
eps,209,0.0,0.0,0.0
eps,210,0.0,0.0,0.0
eps,211,0.0,0.0,0.0
eps,212,0.0,0.0,0.0
eps,213,0.0,0.0,0.0
eps,214,0.0,0.0,0.0
eps,215,0.0,0.0,0.0
eps,216,0.0,0.0,0.0
eps,217,0.0,0.0,0.0
eps,218,0.0,0.0,0.0
eps,219,0.0,0.0,0.0
eps,220,0.0,0.0,0.0
eps,221,0.0,0.0,0.0
eps,222,0.0,0.0,0.0
eps,223,0.0,0.0,0.0
eps,224,0.0,0.0,0.0
eps,225,0.0,0.0,0.0
eps,226,0.0,0.0,0.0
eps,227,0.0,0.0,0.0
eps,228,0.0,0.0,0.0
