id,target
1,4.323303143642597
2,2.640110097553649
3,308.4992190062444
4,-25.20304341445053
5,4.108285310583265
6,6.853113965299038
7,5.1997140132859
8,75.77848413282541
9,61.0
10,69.67
11,28.25
12,-45.0
13,266.4059454789531
14,203.21434592565367
15,3.9388066211598174
16,263.33
17,3.160222799110856
18,78.65438152197142
19,3.1510693277071145
20,6.63096472448883
21,-75.5
22,58.54504658190282
23,2.6529433850020685
24,2.9799412200810806
25,26.0
26,74.0
27,1.0499189616365636
28,162.86
29,42.0
30,3.675514118697559
31,6.910423444900551
32,59.08
33,43.0
34,3.614985023163401
35,2.0955947118301013
36,5.426861014837475
37,273.4316611730055
38,219.0
39,57.0
40,127.0
41,-59.0
42,2.1767424881292694
43,6.3798721321967005
44,4.533847719874107
45,140.0
46,47.574183358125055
47,2.387029592466865
48,-66.0
49,4.755245322651676
50,1.8399511995131967
51,247.0
52,3.020496751370444
53,2.760220700138396
54,80.0
55,2.807938363568451
56,4.26118291091733
57,5.714424827181874
58,158.72973314948567
59,226.0
60,6.730342491709295
61,2.1809133957407987
62,179.0
63,6.64249401042333
64,2.4028916347755254
65,2.221448464214519
66,4.126434889077865
67,5.252672122698686
68,177.0
69,122.0
70,2.1517792004463048
71,2.538513564529948
72,2.2003994460598166
73,23.994933831617782
74,266.0
75,236.0
76,6.326677153569862
77,5.810894021369085
78,117.0
79,317.0
80,3.926324877328879
81,35.0
82,4.349788098916337
83,196.9636137981631
84,50.0
85,-23.0
86,2.3559049913310623
87,60.0
88,213.0453182712617
89,6.064561962714797
90,5.4365474367828375
91,43.11
92,-63.5
93,42.75
94,5.72966835164694
95,4.029132476064857
96,2.972798869807307
97,6.584845618807355
98,201.0
99,64.0
100,340.0
101,5.688942131313745
102,260.0
103,2.775664531543862
104,6.80266244255048
105,145.06410102426273
106,-25.3545015900292
107,296.5894879474707
108,2.624675107218004
109,182.0
110,3.481211138902233
111,49.0
112,2.1116765009713
113,33.0
114,6.966777034792684
115,5.225231686875299
116,415.0
117,193.0
118,147.17380766724563
119,238.0
120,348.0
121,108.0
122,4.270299930935386
123,72.0
124,271.1114665649227
125,146.5042190267902
126,6.147515404954661
127,133.5
128,3.838593169530368
129,198.0
130,72.0
131,41.5
132,-1.0
133,-48.0
134,329.0
135,5.859409978898187
136,1.9523211245519088
137,131.92987374914557
138,5.816349228273192
139,175.5
140,308.0
141,72.0
142,-3.520034913605054
143,-24.0
144,30.0
145,6.99056808156203
146,157.91517489924456
147,215.9521551172519
148,1.9295751418352096
149,251.49
150,56.43582529784749
151,282.0837056378414
152,243.7788454982721
153,179.83076697097826
154,95.0
155,4.370489076706974
156,203.0
157,122.53059504000618
158,131.0
159,161.0
160,6.554449448374791
161,49.30543169082179
162,4.855665925116277
163,300.0
164,2.904450569533493
165,98.66185357585874
166,195.5
167,318.74914906943
168,7.10378467000339
169,1.633683932642636
170,213.0
171,2.926967363604972
172,4.519694909259128
173,-54.815582481384816
174,4.261255601685341
175,5.672664920696525
176,148.8321292970506
177,72.6072700451021
178,420.0
179,136.00222699927474
180,163.0
181,7.112534219573009
182,2.439138046472654
183,390.0
184,6.949616200684993
185,1.6723225588865829
186,3.5725074887078905
187,2.9911889661295152
188,4.043169343034213
189,65.0
190,4.61529490179753
191,2.317431835144628
192,22.98210297142369
193,2.637588280731852
194,334.87622194103693
195,107.0
196,294.0
197,107.0
198,230.1964356921697
199,68.85682828220968
200,2.0461016706435817
201,3.3195635799999645
202,86.39956573208055
203,151.0
204,4.316833425540999
205,279.0
206,35.5
207,220.24774684870872
208,142.0
209,72.06174408084847
210,168.2555354733419
211,65.0
212,118.5
213,279.0
214,85.0
215,5.0
216,156.0
217,90.61269469002742
218,108.33
219,220.0
220,5.782419055454529
221,241.88
222,163.0
223,2.795125031561488
224,205.0
225,254.0
226,198.5529480228659
227,48.87637232921488
228,273.0
229,282.8981830914657
230,0.257425779395157
231,212.1919607322865
232,47.06215958667261
233,55.5
234,249.43
235,117.0
236,2.0593432625607924
237,6.333810129579778
238,28.04106353482889
239,6.453196514451628
240,179.58976589414976
241,345.7149319323991
242,237.0
243,4.630361104448964
244,4.702310112408972
245,62.4
246,129.3015420187988
247,130.99852099567704
248,5.887803782694876
249,5.7014345859439794
250,69.45738449732791
251,60.0
252,192.0
253,8.113203720712859
254,270.0
255,-43.364409296055726
256,6.264071543663036
257,1.998625197624616
258,58.0
259,262.0
260,2.1358567890656444
261,5.703664894138604
262,6.359879574833966
263,-30.02381814002644
264,3.610148501800128
265,3.412840297914931
266,1.905351195460396
267,4.113316757756697
268,1.6060707688140363
269,211.8422436116652
270,3.0768276031177737
271,115.0
272,148.8
273,4.750536853571226
274,4.077328657847535
275,289.25
276,178.0
277,175.0
278,-76.0
279,3.946670871367776
280,213.49781326615687
281,4.934908364202324
282,211.5
283,195.9889757962473
284,145.0
285,222.0
286,178.0
287,198.0
288,6.432402194976294
289,199.0
290,4.88334494706852
291,89.35
292,3.9523219092028494
293,77.0
294,105.0
295,5.502858008478041
296,74.9
297,50.4
298,-75.0
299,208.21732642206663
300,5.809888548246104
301,3.806519605805804
302,5.060926949935315
303,4.719027792862802
304,4.007113218598873
305,4.644205620825387
306,245.0
307,2.627927157043433
308,2.694462105057915
309,103.0
310,2.048633036973587
311,2.1343311972094288
312,3.750396144805725
313,146.0959044406548
314,4.052397049782997
315,0.0684554354934748
316,0.6295368800039144
317,4.772533986444087
318,4.0194348045157895
319,100.0
320,1.816723601149759
321,6.385453233344638
322,2.7483985391056778
323,1.7940352597601834
324,2.2062523630633817
325,2.941607247183796
326,4.960366204749046
327,37.0798253876106
328,4.760053263618858
329,130.0270008074258
330,59.0
331,93.0
332,6.035371497737133
333,3.250283282261463
334,6.51000047941267
335,134.71076486116553
336,3.924048031658292
337,2.296626695891668
338,141.4750759741047
339,8.061207119150854
340,285.42457921726776
341,45.0
342,74.25995386632562
343,3.3972939850900143
344,2.89948315613694
345,127.0
346,2.968539472273714
347,5.434524932339047
348,30.334357729659686
349,-53.0
350,119.0
351,248.0
352,22.745772495156693
353,1.016173094496021
354,5.9368347367895415
355,214.0
356,212.2
357,3.038712977952986
358,22.205690230987013
359,3.822160211622396
360,126.52358179883733
361,4.474238373799814
362,5.103618710113361
363,49.50793005798342
364,4.774000143436298
365,5.664512196549752
366,76.47899872210424
367,4.449001779321678
368,240.95053990123805
369,4.769794112402457
370,-24.0
371,260.39719611026214
372,25.0
373,210.47
374,-8.544471497617625
375,112.0
376,2.961994363970812
377,2.694628592097372
378,3.892095969136432
379,3.3593104457315777
380,0.8419387416165907
381,5.942814968566955
382,6.313812865089771
383,163.21265918632307
384,1.7632395834230603
385,3.593076508943496
386,269.5
387,2.121538399282464
388,4.163973632430697
389,72.8178210912005
390,4.828312187662113
391,168.36083569733262
392,6.510481639710976
393,3.791597788625224
394,320.0
395,186.14545557246123
396,1.0139006933079202
397,1.7224883797701511
398,6.939064049766163
399,135.0
400,255.7961649848337
401,1.6831652279420315
402,6.139228125663439
403,5.576566366576087
404,5.450155642956998
405,11.044771722861324
406,7.259599976202254
407,-63.89021166384933
408,4.5292410156129375
409,3.1882382733686376
410,3.5609184298678103
411,2.636763862876248
412,-20.21499829559839
413,330.2693308510328
414,5.864648742540799
415,25.5
416,2.9871912343109592
417,6.856811792527812
418,5.62507904067957
419,5.318120207916647
420,4.461825262730033
421,141.2453550690668
422,180.0
423,208.0
424,131.5
425,5.952534896927202
426,224.0
427,3.593274440870045
428,228.6716446732345
429,2.102964520788501
430,4.810534704815298
431,260.0
432,157.93
433,13.0
434,4.323715465463069
435,73.0
436,243.7025728016823
437,226.54277064363387
438,126.0
439,5.839158463619886
440,265.56716005490705
441,194.63300548526897
442,107.25
443,331.04212054667653
444,5.464872250696546
445,6.349526508331082
446,50.0
447,1.2354218960336842
448,6.150985508294252
449,315.3672176048698
450,266.0116004872504
451,162.0
452,242.4059055787208
453,1.8204301649486931
454,4.336360169999473
455,137.1626971683494
456,2.6295334317161285
457,4.862277477275486
458,273.4106010073087
459,67.0
460,1.0
461,114.0
462,6.717691246511675
463,218.67
464,5.136074099957617
465,151.60889385298788
466,80.0
467,2.1188701719020484
468,5.530687137336764
469,44.6
470,54.918656974150544
471,1.801431596822232
472,1.8603454157830308
473,42.36964964052544
474,6.030194081712821
475,103.33
476,6.749829411480925
477,1.982333260680012
478,4.479395921388222
479,214.10576753612847
480,4.618567413345933
481,6.497117416987753
482,214.9188049984288
483,1.7060594574158798
484,230.0
485,108.0
486,4.7098830485113465
487,2.3182480765280133
488,225.9808751764889
489,2.57721932405284
490,4.1541744795293605
491,6.640726809728935
492,3.711801618948743
493,3.648447552524124
494,230.0
495,5.788486053154733
496,190.0
497,6.69492480686362
498,5.565865412195141
499,5.503349712561674
500,7.312407876182354
501,3.335905399476668
502,307.5
503,84.0
504,-18.0
505,1.6979239675709172
506,6.465230411432341
507,404.0
508,217.0
509,263.0
510,4.333504682597187
511,94.0
512,157.0
513,275.0
514,337.690000130391
515,233.2733886254225
516,208.0
517,338.0
518,7.320086363247009
519,42.70713784179743
520,305.0
521,1.617088928795525
522,3.948546523296455
523,191.0
524,4.265603326442917
525,161.0
526,6.378298445162523
527,4.845386882156453
528,4.4020047828163165
529,6.2410245310364525
530,261.75318723643403
531,93.25152298379662
532,4.374603072357782
533,99.03403787287256
534,4.302536061072439
535,6.766121215558495
536,5.908276419312392
537,1.2790920855024426
538,5.097943280160675
539,272.0293733872425
540,215.0
541,240.7533516641072
542,65.27169555168234
543,131.0
544,5.75127680908858
545,3.840635245345861
546,1.6406537208250085
547,2.092699582193781
548,330.4621513647229
549,5.777486049531434
550,270.0
551,5.835383117730244
552,78.0
553,3.918909526849304
554,59.5
555,116.0
556,249.49286391111664
557,199.23045845662028
558,5.033982433160179
559,5.768776925330156
560,227.5
561,166.79275940251136
562,158.6648551415982
563,3.227894566842608
564,18.465412846060257
565,169.15611095132334
566,2.9406405749569937
567,56.0
568,104.44687107370164
569,311.01599789232625
570,4.001106927746018
571,224.0
572,3.342617749741763
573,82.91088646489385
574,104.0
575,7.391888552879751
576,1.795703286939156
577,3.101001929546036
578,176.1899738742087
579,4.0
580,267.5138310272374
581,56.57404406932716
582,47.0
583,5.355414488581019
584,3.3216789535557067
585,182.73090566318075
586,5.494217099396076
587,225.7686774390998
588,2.8999977983866465
589,186.0
590,293.0
591,161.0
592,6.8411088298129945
593,266.8203107393999
594,285.91452521640144
595,58.0
596,5.55858868349311
597,135.0
598,2.130783819590381
599,61.0
600,194.5
601,160.0513261182641
602,44.89575403626071
603,2.0264959331211143
604,258.6482617682564
605,2.852859552379428
606,2.304826508052197
607,6.4181384107587744
608,47.60494062831065
609,308.0
610,32.27502527352944
611,71.0
612,-0.5550206247963048
613,27.0
614,54.04
615,1.874124207618257
616,198.436769575944
617,-44.0
618,242.0
619,3.486936068950487
620,5.310794712880533
621,110.0
622,127.0
623,167.67
624,208.55384560782383
625,2.3420533202538136
626,1.6099244690970689
627,78.40388237189343
628,4.785484169498201
629,206.33
630,4.523015001876902
631,2.022157024711525
632,206.0
633,147.3494029942247
634,208.6
635,2.986090500072428
636,98.74671812491134
637,110.0
638,6.604709358727491
639,20.0
640,107.24411208929428
641,6.611475721129576
642,2.391318633485383
643,260.0
644,3.697410523556422
645,72.6
646,83.89
647,175.0
648,310.0
649,420.0
650,412.0
651,73.0
652,53.65919957546452
653,3.069368441402964
654,150.0
655,32.0
656,235.0
657,178.2022201367025
658,281.03
659,1.8743729911151783
660,120.90740325913347
661,3.786891960275879
662,160.43918941738596
663,3.80221072223284
664,-52.033983701106415
665,100.0
666,162.5163065793367
667,280.0
668,353.0
669,131.85440948165768
670,230.0
671,105.0
672,84.2
673,4.288885976548809
674,5.2984709033950885
675,5.588458622305611
676,5.84801131036142
677,14.766636761454016
678,199.0
679,4.531378640891466
680,2.94078805071943
681,1.908781916559081
682,72.0
683,6.289151561024722
684,122.0
685,224.8823875767976
686,5.212173189865877
687,375.6683874420833
688,74.5
689,92.7199848280172
690,370.0
691,3.922567400231557
692,58.0
693,5.200153175016384
694,7.216306648754254
695,-44.0
696,325.0
697,1.041372381656117
698,221.72852828819543
699,1.6385532403957348
700,267.11319876883465
701,3.556303519128245
702,2.967115674176999
703,35.0
704,105.0
705,128.9651111234896
706,187.8143257866953
707,151.4480388514773
708,67.06533366983565
709,82.7
710,230.0
711,261.0
712,6.759051669985922
713,-36.0
714,6.475291723081452
715,255.0
716,3.114907803159184
717,65.0
718,418.5
719,200.0
720,4.627882524967547
721,181.0
722,2.663720688838968
723,6.387857610095633
724,1.483737577145421
725,2.66626352317334
726,105.0
727,254.56540243452025
728,44.8
729,67.08722145422533
730,31.03171475822128
731,279.5805159462143
732,4.945161455503975
733,6.539384906115714
734,2.5754820254561075
735,258.0
736,35.55433806509349
737,22.50241952783351
738,137.76117649927244
739,299.0513735768727
740,134.0
741,35.0
742,268.6153802513653
743,150.0
744,1.7703559060721177
745,275.0
746,182.0
747,4.360192469134818
748,87.46493168966359
749,93.00135815031808
750,192.9053204286808
751,52.0
752,262.0
753,1.7162115506024342
754,250.6095307336884
755,6.612471717658049
756,5.952605005544062
757,168.97158694777437
758,2.605714523410968
759,53.0
760,25.26584342682969
761,230.0
762,4.609126246615189
763,2.282811759189042
764,73.9346707697634
765,4.297621585658703
766,79.0
767,1.3604427143872886
768,5.002621768494312
769,5.841769766831376
770,2.0999557851058137
771,275.0
772,83.34178193652858
773,111.13240419378232
774,-17.0
775,31.2
776,4.243869719796688
777,224.4057568485472
778,-12.6
779,186.33201897555864
780,30.0
781,297.324533436392
782,3.7846220168511233
783,57.78
784,2.6245379338673764
785,25.28289706625465
786,138.45714296019318
787,5.570582274438612
788,1.850298524303887
789,146.0
790,81.74606630451181
791,-17.144055599796545
792,112.5
793,-72.63244575708102
794,311.0
795,-61.0
796,127.27979825574135
797,3.435994066142103
798,63.0
799,3.1697377037758403
800,6.03356594514634
801,228.0
802,100.0
803,155.0
804,6.344175800845743
805,1.197860280717774
806,195.0
807,2.5541873194212363
808,60.0
809,1.541135295762555
810,46.33
811,263.0
812,91.10744831033354
813,268.69844646910724
814,5.994410012891327
815,4.668414101161667
816,7.028904902971039
817,3.027143378805361
818,-27.11161916550468
819,5.5785701102056215
820,61.77960350146415
821,5.534738621293954
822,2.040227867197584
823,29.179335672823328
824,80.89148226993777
825,6.757462777511145
826,76.21033519165752
827,3.960863614777129
828,5.989945664045575
829,67.1
830,128.0
831,115.70652497849947
832,6.090603624551454
833,253.25187200061168
834,191.6103479549913
835,172.5
836,1.91578088234126
837,50.0
838,149.29
839,4.6717613066101285
840,187.84086620544429
841,130.0
842,65.0
843,2.909995364250381
844,2.9463008691947388
845,5.394418124934549
846,6.449822843169891
847,5.675466473417053
848,148.0
849,6.18601888396617
850,84.04971900007007
851,4.5
852,35.92843773798785
853,89.70562237341095
854,79.57613975313294
855,7.149083156272717
856,236.0
857,67.9
858,217.0
859,285.5
860,2.062221045201783
861,3.0872479564770847
862,2.73378799971249
863,122.36
864,247.3905365830912
865,271.0
866,178.0
867,5.298496209360382
868,114.08268494044307
869,188.5
870,100.5
871,187.0
872,132.93690929507434
873,3.4780277490615554
874,70.0
875,6.625105795181064
876,106.34161799874671
877,32.52891052437482
878,134.0
879,5.092931182027257
880,6.696492177772715
881,159.0045086113033
882,5.6240933446919374
883,241.0
884,5.898272414693145
885,176.0
886,68.1
887,2.2671206539142736
888,2.152080597777028
889,169.9
890,4.201299862074297
891,2.433753414547499
892,59.5324186653248
893,4.597318408409172
894,-12.544402487747458
895,3.624305289394414
896,193.0
897,2.3281682792087866
898,250.3785521004198
899,-58.87897789206401
900,252.0
901,4.000969025833386
902,210.23173023668608
903,5.292358590034273
904,144.0
905,1.931600439476019
906,1.0422260254486957
907,204.0
908,190.0
909,78.7
910,2.570769869363324
911,6.722118010622818
912,320.0
913,120.9854055636042
914,260.0
915,134.67
916,119.0278171507614
917,-20.03042337648435
918,2.217850022794692
919,2.9055160216368097
920,383.877361585043
921,189.0
922,273.0
923,2.476187312057863
924,88.33
925,192.0
926,50.0
927,65.89422662903756
928,5.34844009305799
929,-68.0
930,-6.662327887704875
931,245.3550030636044
932,191.0559140249319
933,5.353827648894448
934,2.095722651319707
935,163.0
936,-60.0
937,3.805287580488125
938,4.642199852625709
939,149.14961137639378
940,1.110257129237329
941,5.975353887267606
942,4.742356705443339
943,95.0
944,4.696187285679731
945,2.0007629275129064
946,84.62784987972182
947,49.5
948,34.19062211387485
949,205.0
950,418.75
951,56.85553415276019
952,-26.0
953,5.948290761385172
954,250.0
955,177.30839544132286
956,126.0
957,2.6763032992913365
958,2.8488552521064543
959,236.5
960,35.0
961,158.78782987456066
962,3.1997869739032727
963,6.284889529414574
964,5.283914577395918
965,6.667958486050453
966,3.853779998952242
967,37.0
968,185.95508293994004
969,163.67
970,6.504854932367171
971,365.0
972,4.935774271047013
973,95.0
974,5.052094705076195
975,4.242161977778181
976,5.161979148412454
977,209.61457237110136
978,314.0
979,3.0654781666859785
980,1.7577395829891191
981,-15.107799008074888
982,31.0
983,320.0
984,330.67
985,275.0
986,106.53225045836716
987,3.754244074037285
988,267.5
989,344.4949072292824
990,128.31891854671565
991,3.958830527911199
992,311.0786358965129
993,170.0
994,3.274043194887323
995,-19.50211369637099
996,11.215249671819214
997,2.0726514513506724
998,40.0
999,63.0
1000,-47.0
1001,240.0
1002,167.0
1003,5.755349150483152
1004,1.0993989997322455
1005,1.6340536129576964
1006,3.8359182789511657
1007,173.55
1008,1.9829171830510008
1009,6.674802113535599
1010,104.0
1011,258.0
1012,13.251295393849716
1013,226.25415586991704
1014,50.0
1015,230.0
1016,6.651449014714424
1017,5.257731275361572
1018,3.373771342444184
1019,6.341225770744592
1020,4.544753129178402
1021,140.98221151061074
1022,85.52816179812547
1023,181.30867656433512
1024,157.0
1025,5.147314862839626
1026,3.9199573617899546
1027,5.059827652615696
1028,77.17605856321455
1029,3.893421056856056
1030,26.45
1031,286.3619043812927
1032,2.9406455130913405
1033,2.427568005113182
1034,213.0
1035,0.9427488545663808
1036,251.0
1037,6.7019222528000455
1038,57.61254511642336
1039,3.504020481758351
1040,30.0
1041,2.7827145957200456
1042,3.7511456206721614
1043,2.34124746421757
1044,305.0
1045,244.0
1046,43.0
1047,225.13332138454803
1048,1.8719303360007429
1049,3.481449032079982
1050,5.135081441156948
1051,73.04499138650178
1052,227.5
1053,262.3251720530344
1054,6.2648557871278845
1055,13.889665814410629
1056,20.0
1057,4.53774209112089
1058,2.7656942996599656
1059,3.008555451446456
1060,162.0
1061,3.485574888398255
1062,5.855296924735489
1063,311.0
1064,168.25
1065,40.0
1066,280.0
1067,242.0
1068,5.425241325726661
1069,4.383586349691088
1070,310.0863455029123
1071,168.54296138302183
1072,5.351587268853681
1073,1.4289629067291825
1074,6.414500055332002
1075,4.322085464997598
1076,294.5000401716072
1077,6.171891762876588
1078,186.08926874154912
1079,3.2710568645096307
1080,2.5338786160469984
1081,6.029863769929932
1082,3.9625977013608025
1083,3.6709419190427375
1084,6.215878031069464
1085,84.0
1086,208.0
1087,59.0
1088,339.0
1089,7.97242228119234
1090,117.0
1091,263.4135466651289
1092,5.363345345725073
1093,3.4876693785405086
1094,6.333299876073448
1095,2.766198479085328
1096,2.451648235360427
1097,4.393338211227348
1098,77.43941884053804
1099,132.0
1100,5.413823283713675
1101,4.698253727646705
1102,5.891783807077656
1103,268.00306117382047
1104,5.241160157988976
1105,114.0
1106,4.974786795130015
1107,6.208266127257665
1108,9.69549059382154
1109,132.66
1110,55.0
1111,2.9706215304324632
1112,228.91300794732467
1113,2.7118891443768147
1114,160.85723805954495
1115,-40.46006142317511
1116,5.285129539344646
1117,308.6546392113057
1118,276.7009947450542
1119,4.263628837036102
1120,50.82276942391426
1121,57.21
1122,260.0
1123,3.5286717582724365
1124,200.0
1125,2.962716067953396
1126,84.12846247767709
1127,5.89553649584174
1128,-68.0
1129,165.0
1130,6.622152292223745
1131,53.5
1132,3.0817259616128534
1133,-60.0
1134,188.5287718592205
1135,201.0
1136,-57.44469640949428
1137,4.351017402514694
1138,20.0
1139,134.0
1140,118.73163307380618
1141,195.7283889548512
1142,150.0
1143,29.79684482848724
1144,-50.0
1145,116.0
1146,38.135840952439246
1147,3.926888249245676
1148,105.70645493588736
1149,40.63219725958339
1150,4.371323000669121
1151,1.3948835747221786
1152,4.403324684804738
1153,4.237927650596738
1154,38.0
1155,175.0
1156,6.717891676696261
1157,92.0
1158,192.9322644405294
1159,119.21724731841324
1160,53.0
1161,1.6899953277607072
1162,5.798779517037462
1163,5.501591374375344
1164,5.284619939893474
1165,188.0
1166,42.25
1167,-65.0
1168,5.448235728735949
1169,170.0
1170,4.75769633906592
1171,4.42841599033981
1172,-19.83917238594097
1173,3.845778027929152
1174,206.0
1175,-65.0
1176,232.0
1177,1.7322166444213514
1178,143.9468648591858
1179,2.317693729134601
1180,2.849174333746752
1181,1.6858500837387194
1182,107.0
1183,7.89630327425504
1184,3.456286105464487
1185,280.0
1186,127.84570312733288
1187,4.120156097463704
1188,3.0187571449010027
1189,131.12707253854364
1190,4.042478284800738
1191,3.0508032467907347
1192,4.814710477440821
1193,149.2170972403949
1194,5.405968468360891
1195,1.6946022204587483
1196,262.0
1197,112.3241897435784
1198,2.57425256174636
1199,228.0
1200,77.70255092310269
1201,282.29
1202,77.34352366194774
1203,3.3316301357581164
1204,215.0
1205,1.7805081729714374
1206,147.0
1207,122.46848923615543
1208,210.0
1209,256.8553840845558
1210,196.46210838154008
1211,225.73746072590723
1212,5.783641755681887
1213,3.7794300477207097
1214,184.0
1215,134.0
1216,264.6
1217,148.69
1218,-39.7200581846603
1219,5.833627176700737
1220,5.721344804250426
1221,272.0
1222,5.983798514648856
1223,1.8755079944930424
1224,3.4737069803533807
1225,116.87646484873255
1226,1.061688510537969
1227,4.54203643562636
1228,1.9843490662122067
1229,48.0
1230,102.13939088356896
1231,215.0
1232,1.782449289699395
1233,-30.0
1234,3.022037112333601
1235,2.0
1236,278.06065485182296
1237,4.256322972785799
1238,2.933098604072599
1239,1.683685996241441
1240,40.8
1241,2.177380004305304
1242,5.038997609919774
1243,4.9414891780420005
1244,163.0
1245,4.366937367823828
1246,266.80813049943373
1247,5.570513377841277
1248,120.0
1249,170.0
1250,7.5516163348973775
1251,21.47495413235149
1252,5.81603766766184
1253,3.8867359752887234
1254,4.14976121071158
1255,39.0
1256,71.0
1257,147.70097045430708
1258,280.0
1259,38.6447313173638
1260,276.0
1261,5.355547286128917
1262,5.109110552003051
1263,200.10720802807828
1264,2.5811930424280694
1265,16.8
1266,144.0087588694157
1267,2.065846308458166
1268,6.34401331661751
1269,249.0
1270,-54.67
1271,267.57410026308787
1272,55.0
1273,0.0
1274,227.5
1275,141.42987145460245
1276,45.0
1277,4.200522554283273
1278,1.4683361259196333
1279,4.050187009593197
1280,-62.5
1281,3.6396940909780255
1282,86.0
1283,164.5
1284,2.676250080282652
1285,-61.921871085275455
1286,2.917835515464582
1287,43.0
1288,70.0
1289,4.395120802424608
1290,214.40235742553503
1291,3.291003232978889
1292,45.206287033921214
1293,108.73188702629736
1294,270.0
1295,167.47013022240543
1296,6.566092022584846
1297,60.0
1298,-12.0
1299,5.941819099219963
1300,176.5
1301,230.73233175923468
1302,226.5
1303,5.916083742876407
1304,3.150170330039413
1305,5.085091492776802
1306,45.0
1307,148.9674502019826
1308,1.87218993806313
1309,4.970080417303741
1310,354.5
1311,2.574015629802951
1312,7.468978359782292
1313,60.0
1314,164.0
1315,191.2220927291584
1316,250.93066613186537
1317,54.91624515631484
1318,2.3134376502861995
1319,210.0
1320,255.95862653595063
1321,18.871578801559327
1322,37.61
1323,260.7295444195624
1324,211.83249384605944
1325,50.56384177083499
1326,45.0
1327,204.0
1328,2.561075175791342
1329,5.829372088263483
1330,133.93111038997966
1331,-39.82648991666394
1332,279.08510822732273
1333,2.1206971043135665
1334,312.0
1335,1.8623647785230784
1336,98.5
1337,33.0
1338,244.0
1339,6.553538152871664
1340,250.0
1341,241.03314932820888
1342,197.0
1343,41.07102184862982
1344,160.93
1345,2.5687562432994544
1346,112.0
1347,95.26419746587334
1348,3.1932154215082926
1349,177.0
1350,16.0
1351,230.0
1352,2.6087725979697822
1353,15.0
1354,5.155297431771245
1355,6.547650443382715
1356,3.5444114306409777
1357,7.230198522102288
1358,6.586089318845168
1359,1.7040105078980188
1360,323.16027225347574
1361,5.16027740891099
1362,6.801521726911218
1363,60.5
1364,3.870401194111324
1365,5.782269628919062
1366,6.742491072247326
1367,5.900814956805294
1368,10.129048456021554
1369,186.0106285283213
1370,297.8701048847511
1371,228.0
1372,10.6629059255124
1373,3.715093275583959
1374,108.0
1375,121.5
1376,5.011315693615887
1377,4.520761754247956
1378,111.27168619966372
1379,15.0
1380,110.65781364091558
1381,278.75
1382,90.0
1383,60.0
1384,-15.811620464538011
1385,152.28932852797058
1386,2.122581440215588
1387,47.0
1388,1.682941011112406
1389,211.0
1390,172.0
1391,46.82803385696333
1392,48.0
1393,279.13773778219274
1394,-21.700171885726505
1395,70.0
1396,211.03031601067408
1397,5.349272827148647
1398,224.0
1399,1.744475044389492
1400,131.0
1401,392.0
1402,36.0
1403,342.0
1404,94.0
1405,117.77485957969547
1406,1.900734472255737
1407,140.0
1408,7.444251767787441
1409,4.04925404478854
1410,270.951692141312
1411,325.0
1412,-58.13
1413,136.58360508109232
1414,254.0
1415,2.5505885068442136
1416,2.037953326430742
1417,5.092918961079548
1418,348.7620641387179
1419,169.2993322213974
1420,4.496536361715305
1421,30.124134092245995
1422,6.613215635472461
1423,3.470942815617385
1424,5.566608197502844
1425,2.1085319692483635
1426,-24.9480961746459
1427,3.845646777017115
1428,4.881483146378613
1429,3.437456328680589
1430,5.078712829093564
1431,6.679611259179861
1432,134.0
1433,2.992032552793995
1434,6.5302362114466215
1435,5.09975371558991
1436,-58.0
1437,176.0
1438,151.0
1439,6.260784298964804
1440,2.95578233080498
1441,132.36228490833767
1442,194.0
1443,50.00799410451295
1444,5.743942090782015
1445,48.0
1446,296.1203366805644
1447,239.652044905091
1448,-42.88606390199061
1449,5.77824846560979
1450,270.9651451118466
1451,110.0
1452,4.991634145366092
1453,4.691136622376457
1454,166.489033983499
1455,72.75498228524263
1456,-7.7
1457,7.5849867789296495
1458,5.178842316748678
1459,376.0
1460,357.7775606740993
1461,145.0
1462,-21.51
1463,83.63872096766653
1464,5.921001468141326
1465,2.8666923315240225
1466,231.6792937874133
1467,5.7702680488118645
1468,5.439063669145584
1469,34.38514241059396
1470,3.785547753402274
1471,-8.0
1472,6.726156029844491
1473,2.865717749151767
1474,268.0
1475,99.79259102189516
1476,6.630459019200893
1477,2.362155412880415
1478,186.0
1479,4.548737392660556
1480,104.78514911284223
1481,5.987384387180406
1482,155.59114165777572
1483,6.409633998743637
1484,307.0
1485,187.984991276309
1486,6.350539807262334
1487,3.4979859237109685
1488,120.0
1489,-26.0
1490,87.26949994407462
1491,3.37938966081005
1492,1.9842038314871853
1493,7.129331181926295
1494,5.51406108633094
1495,8.7
1496,7.113211732043428
1497,46.8
1498,5.566408292007336
1499,80.0
1500,6.696872297570794
1501,5.81690044849526
1502,58.9
1503,5.764283035562661
1504,2.126216296418627
1505,5.22457931665422
1506,218.0
1507,40.54224711468686
1508,107.41996811881914
1509,69.0
1510,3.2286180878655664
1511,-25.71
1512,45.6
1513,5.534373232236931
1514,276.0
1515,66.0
1516,2.244112869434157
1517,359.6766537857141
1518,4.539666947390757
1519,222.7666157991691
1520,5.167274554502705
1521,52.20139531054309
1522,4.990279099979814
1523,2.9227928794023845
1524,114.0
1525,-22.65
1526,2.0936453139400704
1527,5.885508113578017
1528,3.080392503472222
1529,221.0
1530,264.0
1531,3.2989123327924794
1532,5.744062270630861
1533,3.193270642043359
1534,-24.96
1535,81.29543604678383
1536,5.2736594071513245
1537,2.6276221236060184
1538,289.04193238502825
1539,176.0
1540,2.155774061566601
1541,138.0
1542,3.362906447130851
1543,9.0
1544,7.919608964432159
1545,3.511548874737023
1546,5.9458116333652615
1547,-31.3908134465168
1548,203.14416174655685
1549,44.0730022274462
1550,4.168766999741916
1551,2.305426256956116
1552,239.0
1553,6.452799242530864
1554,301.08501706992257
1555,169.67
1556,4.021193510261316
1557,16.0
1558,3.48619136034124
1559,250.08059422300948
1560,207.0
1561,185.0
1562,262.0
1563,85.90741226403782
1564,3.724515758569992
1565,50.0
1566,3.9211868477342775
1567,15.823739518760862
1568,95.0
1569,6.0
1570,283.19103978548617
1571,3.4911214250500286
1572,91.91482418552212
1573,2.2180954848929613
1574,4.81534968025032
1575,6.213489952287371
1576,4.737900443488095
1577,5.915034276447278
1578,79.1620439218356
1579,5.350551981117614
1580,165.0
1581,214.71994818267808
1582,6.734075633211903
1583,292.0
1584,319.419339545179
1585,6.457355912387722
1586,4.662257770387907
1587,44.0
1588,290.7267951852581
1589,6.857176172502097
1590,6.091671634222993
1591,119.0
1592,7.149411112408312
1593,111.57
1594,142.0
1595,128.0
1596,5.721161327171757
1597,63.11904796540512
1598,6.785098204384852
1599,1.4311083776408622
1600,4.482631297976504
1601,2.8143160060160683
1602,5.722331848290966
1603,302.8567415140536
1604,27.75445274515793
1605,109.22983773001408
1606,260.658835323026
1607,3.712184448130896
1608,3.79749364217562
1609,6.72258836141888
1610,2.532608856020225
1611,212.890135391079
1612,87.18222746095395
1613,3.5882402850957766
1614,283.41296144542946
1615,5.4138555906819095
1616,3.657938288653103
1617,216.0
1618,235.0
1619,6.0
1620,0.0
1621,2.2579840470181947
1622,2.736502068428276
1623,2.7170093569746
1624,311.0
1625,58.725160029074274
1626,1.6871375320608255
1627,-38.8
1628,3.925687246836033
1629,225.355330610432
1630,32.0
1631,1.445239524511625
1632,361.5
1633,5.2233480051198455
1634,-28.5
1635,3.3889864010384225
1636,4.550966791889635
1637,7.38274922114713
1638,222.0
1639,27.694225366531487
1640,5.051658980774722
1641,316.981808664038
1642,141.0
1643,204.9447987305728
1644,59.0
1645,178.5
1646,5.724016600175276
1647,6.68917807889754
1648,10.0
1649,4.2346043391267765
1650,89.76
1651,6.372111167719703
1652,6.148261630785044
1653,226.0
1654,6.492576876711837
1655,293.8480337617204
1656,25.0
1657,0.9445864348029216
1658,271.0
1659,2.092125142581093
1660,-6.0
1661,6.647292279098629
1662,199.2801346847945
1663,5.852820883081738
1664,125.0
1665,0.980510860757592
1666,150.0
1667,-69.2492659313572
1668,275.5
1669,51.0
1670,2.1373068688980834
1671,2.3218397979283574
1672,5.289171015454785
1673,4.482702214173204
1674,108.0
1675,2.094632330547813
1676,-62.0
1677,28.14302199248625
1678,-92.0
1679,241.3176663005185
1680,121.43
1681,1.34073238152728
1682,3.340291090109885
1683,66.38006170514137
1684,21.23489548085356
1685,6.607931204120539
1686,151.0
1687,8.087524637858502
1688,210.0
1689,252.0
1690,3.122200468884581
1691,3.767905741441262
1692,4.3544014123059664
1693,3.0870531255857694
1694,45.0
1695,259.0
1696,98.0
1697,1.2743206518429324
1698,214.0
1699,186.0
1700,133.4638251954514
1701,278.0
1702,-56.50835290947506
1703,5.404709727893651
1704,5.523057025610937
1705,2.88099089282982
1706,81.98924873674467
1707,4.804536020136861
1708,84.0
1709,138.0
1710,6.034475281383281
1711,93.0
1712,1.8799107654340583
1713,5.97337398922972
1714,-116.0
1715,5.138734131959339
1716,3.512789385170507
1717,109.0
1718,128.26758548164847
1719,18.344832849716337
1720,6.675481066179134
1721,259.3088611436511
1722,3.478450109145046
1723,166.44588087969476
1724,162.0
1725,2.0525524239944835
1726,3.5979374006960505
1727,255.1737298689596
1728,3.063787936827564
1729,3.5350040615446026
1730,95.0
1731,230.0
1732,4.634864500427339
1733,387.0616161299694
1734,283.7777364902778
1735,180.7
1736,2.998887748253074
1737,320.0
1738,280.0
1739,123.65
1740,82.26743522198112
1741,152.0
1742,251.0
1743,5.576882026015728
1744,118.46616826785956
1745,190.0
1746,3.536788553983877
1747,6.622183065906941
1748,207.0
1749,3.3119972972518434
1750,36.62
1751,10.972735700442668
1752,7.207709838611563
1753,5.992743311238807
1754,287.91700534350963
1755,243.0
1756,1.887521383295902
1757,231.0
1758,325.0
1759,5.12942457952305
1760,255.0
1761,234.0
1762,13.0
1763,47.6593525273794
1764,4.081778780340944
1765,5.825931197953807
1766,248.4
1767,145.0
1768,5.038114137943548
1769,55.80894008496794
1770,55.0
1771,3.108532089650736
1772,221.509670619399
1773,248.0
1774,6.3283631705653365
1775,305.46650941243774
1776,3.02470239693572
1777,5.0
1778,-10.0
1779,-27.0
1780,108.44875309986568
1781,5.733124427027272
1782,139.8130395748061
1783,243.492785429643
1784,4.021023866407049
1785,94.0
1786,2.556947394617523
1787,70.0
1788,5.108353523858589
1789,3.329981386816273
1790,7.72669083913477
1791,4.625647060695754
1792,2.286783715143683
1793,1.9544873580334063
1794,211.0
1795,180.38303332310423
1796,258.5937512874203
1797,120.0
1798,6.918663383871301
1799,216.6580770703501
1800,146.0
1801,5.228700518984825
1802,1.9371113651315457
1803,147.86570229643402
1804,4.172940107442071
1805,350.0
1806,5.640262961439476
1807,265.4
1808,197.15687614616843
1809,79.72210845385572
1810,4.506789755972103
1811,2.507307447599349
1812,28.5
1813,3.607369674388081
1814,170.0
1815,261.065742953875
1816,5.707353258650181
1817,130.30278654633983
1818,29.95
1819,235.04086712473315
1820,7.618275102624818
1821,3.4023168763766964
1822,216.7
1823,-1.311494377746167
1824,75.0
1825,2.37613713628239
1826,6.009961772010605
1827,3.1531871879173514
1828,2.1148612671398497
1829,214.0
1830,240.10477555935623
1831,6.608097777023068
1832,40.33
1833,3.799872168569856
1834,4.027612078676779
1835,108.06297817803728
1836,6.410641862829054
1837,5.339378258662016
1838,5.91508111338017
1839,109.0
1840,-42.0
1841,-77.7914195260203
1842,249.0
1843,163.0
1844,248.0
1845,145.8995223019482
1846,50.0
1847,274.3903954291864
1848,130.0
1849,4.076461017599629
1850,6.517973516908658
1851,-70.8359826200944
1852,6.140062908492418
1853,111.0
1854,99.98582030090829
1855,5.3678040804325935
1856,196.71077850431053
1857,2.770774234426957
1858,5.038258125178387
1859,5.715777783703144
1860,5.725000212527211
1861,156.96678306601245
1862,6.241505469774804
1863,56.64294960715488
1864,87.0
1865,210.8168573959192
1866,62.5
1867,46.0
1868,265.0
1869,149.8164686781683
1870,2.9467707136659542
1871,257.67
1872,56.0
1873,2.658874576418285
1874,16.593560202153622
1875,83.05424353908472
1876,3.8546369629589554
1877,2.5570985861690616
1878,57.45
1879,23.0
1880,271.12741149476096
1881,6.038611014258559
1882,87.0
1883,7.024399974331056
1884,77.4630175024659
1885,303.264446064363
1886,294.1979583986649
1887,3.056900146236722
1888,232.77130861784025
1889,218.0
1890,2.285733654394994
1891,259.0
1892,213.39223536808424
1893,4.255803826968594
1894,2.058886225569733
1895,10.0
1896,5.693371366169915
1897,58.0
1898,-50.0
1899,2.808898936204764
1900,5.89210640528299
1901,268.0
1902,228.64414535277783
1903,-66.0
1904,16.0
1905,49.716942548382974
1906,167.0
1907,6.758597079937295
1908,6.0321189804307815
1909,128.0
1910,5.716825573318297
1911,5.057950438708597
1912,4.01911762452958
1913,98.0
1914,-44.0
1915,7.738834591194854
1916,1.040803216595205
1917,2.8647630017929733
1918,194.0
1919,5.080519907571395
1920,4.646968976520457
1921,84.0
1922,3.791789632335722
1923,6.337042402133212
1924,2.9141474857667578
1925,4.238349301018452
1926,105.0
1927,144.0
1928,3.895935058637801
1929,50.0
1930,2.549594716977364
1931,6.027229700328167
1932,4.722975634833528
1933,2.807542633223618
1934,263.0
1935,6.337905328022189
1936,5.107402476230288
1937,37.0
1938,-30.0
1939,2.844717255226587
1940,303.0
1941,3.468900101342504
1942,231.40963508887864
1943,4.389993239484078
1944,231.33188641156875
1945,293.0
1946,5.831875379178468
1947,106.94190040913476
1948,5.610000292290682
1949,52.0
1950,30.862445181931108
1951,2.959647271888791
1952,31.25
1953,418.5
1954,2.8378894877924443
1955,109.45604459736956
1956,1.9722744943915749
1957,103.0
1958,3.3318647820453933
1959,177.43404834717873
1960,58.0
1961,0.9544565367563445
1962,4.063899026555626
1963,3.54384238214603
1964,4.974585976983639
1965,80.5
1966,3.751282633729627
1967,4.97220486414705
1968,270.0
1969,4.6
1970,6.005261114110407
1971,1.9609890274705424
1972,98.0
1973,-41.37
1974,2.6487180134309
1975,2.8875509493317044
1976,327.4467033194195
1977,1.7341708877545976
1978,250.0
1979,74.54013379972477
1980,263.0
1981,165.0
1982,131.3314696552514
1983,88.0
1984,9.776889131851927
1985,4.6586679136885865
1986,3.736406643908426
1987,6.115918719518903
1988,1.1844894696721686
1989,5.687157373567876
1990,4.848132841917973
1991,11.38
1992,4.322635709505006
1993,18.99
1994,1.5692553421848026
1995,138.0
1996,3.9857056222531417
1997,2.6611267605432354
1998,5.1373320377916
1999,317.17258319230643
2000,5.961067652794061
2001,291.7384280805631
2002,-72.5
2003,6.749654317430352
2004,330.5849137624563
2005,82.0
2006,5.0155589923933
2007,49.0
2008,222.0
2009,145.0
2010,262.0211767886092
2011,5.570252218163479
2012,236.0
2013,-46.05
2014,276.0
2015,215.0
2016,22.0
2017,2.889440793585934
2018,48.03320225811284
2019,104.0
2020,6.755257586579518
2021,4.672471019935861
2022,187.5
2023,81.72536205219959
2024,3.918291781943341
2025,3.9054703911209816
2026,62.0
2027,5.784830793112948
2028,6.237142339821005
2029,35.83027825431597
2030,311.92535028952057
2031,56.47375740754398
2032,314.0
2033,244.05713164661591
2034,2.537744724397108
2035,68.79529167636862
2036,170.0
2037,4.505446714023588
2038,2.622856561981044
2039,3.074736319399047
2040,142.83300747682134
2041,277.499069206068
2042,4.278580403817547
2043,182.7564061100705
2044,2.2466548600474843
2045,115.0
2046,290.0
2047,5.462817667836529
2048,-32.499452667563574
2049,1.934391121835138
2050,364.5922176148701
2051,4.337270756674345
2052,0.845196132768666
2053,254.0
2054,4.961577787497816
2055,3.608139572214028
2056,-61.91
2057,191.0
2058,-29.37564905003834
2059,5.222591542590712
2060,24.11319086909706
2061,2.344537406708877
2062,152.88126359466656
2063,3.878176323114915
2064,4.51408378248365
2065,3.393550741061587
2066,2.044085415133821
2067,6.411257572569227
2068,3.278534614770145
2069,1.9536157894295576
2070,273.0
2071,283.0
2072,4.389239211159544
2073,214.0
2074,383.0
2075,259.31222452645744
2076,3.776895449512101
2077,2.750773760112569
2078,4.191105079324446
2079,3.8960668836385786
2080,2.6362398935993423
2081,2.9885326750464167
2082,4.352501250471042
2083,45.10774008309556
2084,1.6238649251865305
2085,4.884364834459075
2086,115.44748311538564
2087,68.0
2088,31.0
2089,45.1393479344188
2090,250.690371900066
2091,154.0
2092,-106.0
2093,5.4319497432896044
2094,4.157856677763484
2095,104.08314935189551
2096,49.85450518346506
2097,131.0
2098,6.048064118545532
2099,-9.0
2100,24.0
2101,5.573972730134874
2102,6.331936196137386
2103,16.0
2104,64.80852223583615
2105,68.46673398792674
2106,311.0
2107,6.989885662584672
2108,6.671057181959583
2109,5.874676062749859
2110,246.6122942761172
2111,3.870164064402246
2112,53.75915326852172
2113,100.0
2114,2.7482005703466927
2115,48.36285799917994
2116,3.8604774857921766
2117,3.432246460478716
2118,3.468483081996359
2119,104.0
2120,3.703286627938202
2121,178.05
2122,204.0
2123,2.7899128159244206
2124,1.61276147289839
2125,4.594095547595475
2126,6.320051820868128
2127,81.36198480445232
2128,234.0
2129,1.8102450039827824
2130,2.492442406461252
2131,5.518708520032811
2132,5.977632260069197
2133,246.6850116078968
2134,-10.0
2135,218.4875808699473
2136,-45.0
2137,254.0
2138,3.485158873871785
2139,82.0
2140,17.0
2141,54.03736896113026
2142,5.849639800999975
2143,16.63
2144,190.0
2145,17.0
2146,3.916868296551682
2147,4.838696787544078
2148,57.0
2149,-60.93317877517475
2150,-16.0
2151,57.03910925729781
2152,5.044218372780749
2153,3.83013432391932
2154,1.7856282943529476
2155,2.3889928847298245
2156,5.905407865882947
2157,211.75
2158,3.5762662520839523
2159,328.57
2160,237.0
2161,296.0
2162,1.8830005751691072
2163,329.0
2164,5.997480071209314
2165,2.813776901193428
2166,2.4804577994792814
2167,10.8
2168,364.67
2169,2.379984179294958
2170,2.296844696184229
2171,157.58018186776516
2172,5.318241982955124
2173,252.8881308972336
2174,266.6691068576156
2175,1.148843154171041
2176,4.753384881086775
2177,-88.0
2178,4.150170547271997
2179,68.65736226910755
2180,290.0
2181,1.8564692645166605
2182,171.0
2183,180.91371251814817
2184,5.562057349234792
2185,2.637805986923955
2186,3.07672338245932
2187,4.991766449815367
2188,265.44205830592887
2189,257.0
2190,68.0
2191,2.651973220842588
2192,3.4285845530937955
2193,94.0
2194,2.8269178425584465
2195,5.194561052961758
2196,6.486976477365907
2197,1.9031218676399384
2198,4.530771119487893
2199,3.377355712411949
2200,1.6320292197155797
2201,4.298922084686828
2202,100.0
2203,1.536147949614645
2204,1.9419320297722853
2205,138.0
2206,5.369560363770629
2207,209.0
2208,6.133996550991063
2209,-10.0
2210,256.93891496487186
2211,1.809840961926596
2212,4.860134669155878
2213,6.32685149618136
2214,128.917734884376
2215,34.34482222428479
2216,87.28319674776597
2217,4.748535524712349
2218,8.0
2219,2.120104276362772
2220,5.736204220039955
2221,3.129939746548219
2222,-69.88251632286762
2223,190.0667297854016
2224,-83.08521017423706
2225,158.56727286705492
2226,-23.67
2227,96.0
2228,153.35861638061675
2229,238.0
2230,3.2884064569575013
2231,5.289775727007066
2232,4.561981794610733
2233,276.0
2234,224.0
2235,232.0
2236,3.2313650095602195
2237,3.2074967135197365
2238,230.0
2239,80.04
2240,230.67
2241,2.257205554687307
2242,220.0
2243,5.2479095397364
2244,92.74
2245,220.0
2246,111.52566762149354
2247,225.0
2248,6.242636027906385
2249,292.5557934435571
2250,140.0
2251,4.750345501039255
2252,276.3790864591889
2253,6.049252908339534
2254,113.0
2255,-104.0
2256,31.0
2257,2.0221575755085874
2258,3.995177611440517
2259,62.08429965948594
2260,5.993717418990524
2261,102.0
2262,2.3480714046376487
2263,74.47685896429877
2264,-35.0
2265,55.0
2266,2.3360899180486805
2267,2.7250056573686843
2268,5.343090297611242
2269,3.803053076859059
2270,9.22164767809664
2271,145.0
2272,47.0
2273,4.404596183002803
2274,6.073353369532985
2275,7.013577307860107
2276,4.913274911903767
2277,1.9957449485568712
2278,0.5341449248539835
2279,5.964641012781623
2280,2.23516293021756
2281,193.26769326009125
2282,2.6143911586192896
2283,3.681087314504688
2284,222.0
2285,2.8276831649419147
2286,-11.938618939818936
2287,5.295013113200057
2288,2.4540518422426065
2289,5.307331008450263
2290,-50.605213168119775
2291,32.31596785250445
2292,5.009254907750981
2293,1.917001015514844
2294,16.0
2295,2.939156845472976
2296,4.429250391449473
2297,160.0
2298,-43.32818329614344
2299,-78.0
2300,4.263687019656091
2301,5.223553481024156
2302,-105.0
2303,154.0
2304,5.633343061796237
2305,-27.0
2306,256.0
2307,23.0
2308,50.0
2309,6.267368825849462
2310,194.0
2311,-40.0
2312,102.89711890229316
2313,3.149375936765414
2314,4.6185054554912695
2315,238.69674022072587
2316,7.437995165980293
2317,3.796215568271633
2318,294.5
2319,6.521272686737001
2320,111.0
2321,3.761038486142366
2322,232.0821053606309
2323,155.67
2324,1.9933107265684429
2325,31.0
2326,3.5756456498547644
2327,111.0
2328,4.0460762424271
2329,342.0
2330,182.8678529902309
2331,0.1399380517548419
2332,265.6
2333,-11.0
2334,-5.821104210755028
2335,5.5941792154616605
2336,37.9
2337,139.44403654344464
2338,210.0
2339,20.192719416393285
2340,48.0
2341,110.0
2342,2.641199389331728
2343,6.788712965578421
2344,350.0
2345,6.107802953291423
2346,129.42843699899566
2347,197.8979302076229
2348,1.88007096746193
2349,274.0828160972343
2350,50.0
2351,5.142701674092711
2352,5.1401873281295725
2353,1.7378565065523872
2354,-40.0
2355,134.0
2356,3.5119994233470035
2357,95.0
2358,7.159637365443794
2359,6.672911552318454
2360,4.373647921800591
2361,6.412574071853332
2362,260.0
2363,4.4729907858059095
2364,239.0
2365,99.13550752379612
2366,47.0
2367,47.77628812380605
2368,-75.11584457523219
2369,4.547517397083462
2370,209.0
2371,63.0
2372,59.06062996698345
2373,1.971606618130616
2374,-69.0
2375,3.5879919020010607
2376,138.81691700387887
2377,107.23
2378,5.607220054494338
2379,6.4141916206201
2380,43.42631503054761
2381,165.0
2382,177.21138756022657
2383,59.0
2384,3.2025603393320106
2385,242.0
2386,5.865207038016328
2387,50.173973947249706
2388,266.0
2389,83.82157339099764
2390,1.8992126605007416
2391,100.0
2392,15.745338234222192
2393,34.0
2394,136.0
2395,5.810011993053629
2396,2.512115915570979
2397,317.0
2398,287.0
2399,4.689183651512384
2400,201.7439901915891
2401,40.0
2402,234.0
2403,6.070023217868039
2404,1.9524321488135523
2405,5.285810178143227
2406,2.9431530222107947
2407,75.0
2408,273.97263682035134
2409,163.41644376026886
2410,4.317279086791417
2411,6.705532509847738
2412,303.96309621218427
2413,-8.0
2414,3.973621234005986
2415,83.89787785333212
2416,274.0
2417,24.0
2418,3.658781191920932
2419,3.8483954737066495
2420,1.7448042213123574
2421,6.542150951954327
2422,234.524131955457
2423,2.6343009312928625
2424,202.26271685634129
2425,5.884843916930865
2426,-17.0
2427,147.0
2428,48.013750543589374
2429,2.870315387825028
2430,6.116994366564656
2431,3.1209994662399545
2432,295.0
2433,255.5793489951082
2434,4.780279777060331
2435,53.463771977363606
2436,232.3
2437,-70.97879766109246
2438,5.430062658049169
2439,6.707206146607306
2440,160.29536700795484
2441,6.341507087810552
2442,5.976526391483868
2443,5.05696748173985
2444,-87.33
2445,6.690712620687185
2446,4.892029120865736
2447,250.0
2448,6.368131825213961
2449,5.8199243411982255
2450,36.68922178727156
2451,3.261704002800692
2452,4.651063992635607
2453,31.0
2454,410.0
2455,131.82421427484763
2456,2.9911986471345053
2457,273.0
2458,6.268633908283144
2459,0.9457287021301488
2460,5.869747081664119
2461,59.5
2462,52.012170392141
2463,6.226484495483879
2464,-71.95578269261195
2465,-13.2
2466,206.0
2467,154.0
2468,278.0
2469,245.48547658338933
2470,5.778930688035796
2471,155.0
2472,3.2313520039162458
2473,2.3
2474,145.0
2475,6.623090817968662
2476,68.0
2477,99.0
2478,128.0
2479,5.417806953562687
2480,32.30927541955864
2481,42.79018430887928
2482,2.353785804121882
2483,5.180243744307959
2484,161.25
2485,132.99102366913792
2486,6.919702469068633
2487,5.068772876902148
2488,-66.0
2489,190.7481105301468
2490,6.1020229163451045
2491,117.0
2492,129.0
2493,42.0
2494,6.040634312615097
2495,5.103249489084039
2496,-12.6
2497,90.5
2498,2.053797714806699
2499,6.818504476660402
2500,1.8755344076441245
2501,129.0
2502,288.70967463506685
2503,66.64
2504,345.1556503096492
2505,3.4542435590958225
2506,4.522813647699247
2507,262.05702694488014
2508,204.0
2509,132.0
2510,6.677431206349999
2511,183.0
2512,125.0
2513,140.16587366778967
2514,237.27571887077056
2515,310.0
2516,1.902465867835607
2517,2.262710324613731
2518,274.81934719289967
2519,4.736809105123584
2520,200.0
2521,149.83
2522,2.055086415597228
2523,5.578816382734831
2524,5.03141670507802
2525,263.0
2526,4.652527618790385
2527,3.985458226303528
2528,232.32405656621168
2529,90.88947621283135
2530,242.62222606492605
2531,303.0
2532,52.09967502394933
2533,2.195680093113751
2534,5.733387264458279
2535,5.814250563294061
2536,3.586032430438572
2537,6.547853122581046
2538,5.671622953433237
2539,152.0
2540,1.993953999860696
2541,1.78337379781892
2542,-15.508241035868506
2543,5.579069402812178
2544,88.7
2545,2.415985217338126
2546,226.0
2547,30.0
2548,5.0
2549,215.0
2550,124.82220244952346
2551,-45.96091868739455
2552,2.362002613787764
2553,298.87754040751
2554,2.6151812069521645
2555,43.6
2556,134.0
2557,4.945850440314314
2558,27.39873982050534
2559,6.623585575518069
2560,270.0
2561,1.95161333211845
2562,224.0
2563,235.33773427021225
2564,287.9460420818802
2565,4.885152157474123
2566,4.933100460528375
2567,261.3044351590021
2568,60.0
2569,79.0
2570,3.634137303361442
2571,89.29
2572,-62.0
2573,235.0
2574,3.330378283842028
2575,4.6315595593136
2576,3.2759977823861024
2577,6.249909859225038
2578,42.84607222441674
2579,5.905646892065685
2580,5.0837412872645
2581,2.697940051101304
2582,-68.0
2583,1.588677398937179
2584,7.146303399880957
2585,65.0
2586,4.773007708292666
2587,253.0
2588,212.2664664717213
2589,4.408538873739592
2590,40.06215736604325
2591,1.4259441489770874
2592,110.0
2593,52.13723828119854
2594,41.0
2595,47.76674427910145
2596,51.2
2597,5.496248201403818
2598,6.469986069968495
2599,-51.0
2600,3.3685508741036285
2601,211.60549852396423
2602,6.165004871542656
2603,376.0
2604,173.1912081320744
2605,23.5
2606,4.703205611419181
2607,37.8249638003128
2608,205.0
2609,21.80210288054122
2610,2.5665993349098613
2611,-15.0
2612,4.24844920247629
2613,4.598331830861256
2614,2.7902736464225786
2615,99.94717744194573
2616,117.0
2617,267.0
2618,200.90849879274649
2619,4.819302483716831
2620,2.213453813649969
2621,4.710942130371846
2622,2.8233800717895634
2623,0.7969277335237095
2624,6.8880613392410766
2625,93.0
2626,351.0
2627,105.0
2628,125.0
2629,51.38
2630,63.0
2631,10.12132678213556
2632,6.250659814227141
2633,273.9073159268637
2634,56.44175902041974
2635,147.0
2636,-15.0
2637,3.263777997693895
2638,-58.60811292614112
2639,-47.0
2640,178.0
2641,3.959222340038119
2642,5.671835982414518
2643,155.0
2644,166.0
2645,217.59946499242736
2646,2.494912074886741
2647,3.1989850381718528
2648,4.679382752391796
2649,6.539180916167782
2650,304.0
2651,250.0
2652,59.99276394436936
2653,3.807866835668545
2654,9.25
2655,212.0
2656,249.9898292316266
2657,2.945323131663353
2658,22.38
2659,280.0
2660,1.8276047666893045
2661,254.17
2662,80.0
2663,2.0
2664,75.0
2665,286.20269053809886
2666,212.03281039408108
2667,-47.5
2668,56.0
2669,6.516930138822732
2670,72.0
2671,219.0
2672,138.0375081375724
2673,307.0
2674,231.0
2675,1.3593894407030056
2676,-35.491642754496546
2677,328.8
2678,23.0
2679,5.640559275666656
2680,65.0
2681,5.463544418962456
2682,3.0152273362437394
2683,2.425351130673808
2684,2.8745270565403223
2685,6.503551479094325
2686,-33.0
2687,27.8
2688,-28.0
2689,44.54558457840388
2690,134.80669747973496
2691,73.83
2692,51.0
2693,129.0
2694,135.31666163700012
2695,8.259230128563567
2696,155.4879496875734
2697,4.397111590387881
2698,2.512263745219607
2699,4.360616413261395
2700,222.0292109608182
2701,58.0
2702,160.0
2703,4.079312528414236
2704,186.0
2705,3.3922176241763005
2706,5.148945427820309
2707,197.0
2708,3.190278083284449
2709,67.0
2710,5.422544957403195
2711,169.51469647545912
2712,1.8485970058533203
2713,85.5
2714,-46.24014314424257
2715,5.144174239831725
2716,2.9187212957662627
2717,238.0
2718,4.898922141670726
2719,2.7759612380403658
2720,6.4186806785814
2721,6.586904664738087
2722,4.384934161285802
2723,239.6259554541636
2724,6.869164019501179
2725,14.0
2726,12.5
2727,305.0
2728,68.0
2729,179.18
2730,173.4526801432139
2731,252.0
2732,6.593839887917276
2733,230.0
2734,109.0
2735,59.0
2736,97.5
2737,197.53030624217945
2738,148.0
2739,96.20364572914372
2740,5.746746725052664
2741,57.37809522809412
2742,1.3064653210795725
2743,-27.00144050418893
2744,-33.66030738255878
2745,4.82069710602229
2746,229.0
2747,230.0
2748,2.9284577814559687
2749,5.254895170973864
2750,209.0385742240032
2751,245.0
2752,2.068292899580631
2753,118.1430788386813
2754,0.5766476405755722
2755,26.2
2756,277.7139113580353
2757,5.965074443510244
2758,264.8
2759,45.0
2760,170.0
2761,6.503147324709757
2762,4.2353928367375815
2763,71.1324164343506
2764,4.768828441105064
2765,156.67
2766,2.028732597426232
2767,275.0
2768,5.0122746114582535
2769,2.977499861620162
2770,213.22116083837915
2771,112.0
2772,6.874816970703575
2773,3.0816085189799605
2774,4.587160230045488
2775,6.504760934526336
2776,3.9056599970402734
2777,248.0
2778,24.85091788294116
2779,2.2437048168306517
2780,2.9097852343933144
2781,233.0
2782,217.7316153336432
2783,5.969525340660149
2784,15.283947367582751
2785,6.13193669041533
2786,3.585507428755619
2787,48.05
2788,-12.0
2789,150.0
2790,222.0
2791,78.0
2792,160.0
2793,169.95859653783504
2794,152.0
2795,58.12986623337201
2796,239.8618133088003
2797,103.87592407250916
2798,47.0
2799,36.63504557214059
2800,5.730366627580949
2801,4.078902744072306
2802,3.298820946795729
2803,39.0
2804,3.741288866364238
2805,57.39275532110924
2806,6.98075173654761
2807,26.328801813920904
2808,89.73545947437397
2809,6.04060689761364
2810,5.800890649087406
2811,219.0
2812,5.84176579157241
2813,-30.5
2814,5.8149809746117285
2815,135.0
2816,56.826922891373655
2817,281.44276158422133
2818,100.80166352580169
2819,38.0
2820,166.746532844644
2821,68.0
2822,6.110740196583555
2823,19.0
2824,260.8555432161823
2825,150.0
2826,-61.520164597490655
2827,6.586005001117136
2828,5.623478680801974
2829,5.185473426901949
2830,6.015089953032846
2831,5.749081845963604
2832,6.183226262239755
2833,118.47727415033133
2834,3.492659538719775
2835,3.538019557023893
2836,3.4438185209897454
2837,3.3204979229312395
2838,5.820311800832117
2839,2.019283023681625
2840,60.199915879721445
2841,53.31587201118514
2842,302.49118161281126
2843,6.10050906630513
2844,174.71418793366385
2845,216.0
2846,3.3538606220459606
2847,105.05591310496126
2848,14.76
2849,-61.5
2850,6.618229152468021
2851,5.543295245184933
2852,-103.33
2853,72.49637079241714
2854,2.329977626773569
2855,78.0
2856,5.943619590971798
2857,22.0
2858,163.0
2859,1.525375740783412
2860,144.63568429846214
2861,298.0
2862,243.0
2863,2.521743132244729
2864,273.09681609902816
2865,234.8110904784984
2866,1.5054580365312238
2867,2.5408527573504123
2868,86.0
2869,53.44
2870,200.14463955764825
2871,6.43211787242768
2872,241.0
2873,5.171204254560143
2874,-22.0
2875,5.059598062667138
2876,-40.0
2877,309.67
2878,-69.34113419786816
2879,5.09172720260851
2880,260.0
2881,6.00108846990016
2882,5.805946214254866
2883,3.8225356427488273
2884,6.579164187087264
2885,220.0
2886,254.5177636995697
2887,5.984139531896065
2888,2.1955240419903306
2889,6.342130319769354
2890,2.2887051849829243
2891,-44.0
2892,154.441778747912
2893,85.0
2894,48.09270051597712
2895,4.474638374505598
2896,3.2672697592669624
2897,5.817043436554298
2898,32.0
2899,25.0
2900,3.4242324427560416
2901,17.319934845094046
2902,245.0
2903,273.83030911490584
2904,4.454741533775574
2905,3.2136389600619606
2906,31.0
2907,4.254617604321521
2908,14.657073635408237
2909,2.131113513791325
2910,110.0
2911,3.325516148765866
2912,2.570996336138618
2913,6.582639230308303
2914,69.16888558368542
2915,8.730813243331944
2916,235.6728474662725
2917,181.0
2918,3.829199738875989
2919,376.25
2920,180.0
2921,5.752996700249022
2922,3.794475989730701
2923,225.70888309272817
2924,5.495034242162219
2925,5.367453558008132
2926,5.929238532536997
2927,35.82158886611383
2928,6.406553068375448
2929,136.0
2930,238.0
2931,1.90103447838126
2932,5.566513568693392
2933,-2.73
2934,77.0
2935,-17.559471717415107
2936,-69.59765081984305
2937,6.991744614296886
2938,46.9692309083624
2939,3.116655431774748
2940,146.0
2941,125.0
2942,47.5
2943,6.176458337431099
2944,6.443343184350314
2945,5.822926866642819
2946,6.608522522165109
2947,-49.31805632623061
2948,2.282895524953061
2949,6.973341452256937
2950,2.99622239227545
2951,130.93135411781043
2952,181.0
2953,7.225702736333669
2954,1.6678073596709848
2955,-4.5
2956,6.206412230389228
2957,111.2
2958,6.315123881505974
2959,112.0
2960,7.091635917645958
2961,217.5
2962,3.710331089999472
2963,4.354912742422132
2964,233.7618957707957
2965,178.0
2966,4.672893082964158
2967,4.031790886450475
2968,168.94210226588942
2969,-84.0
2970,1.8464646333207977
2971,208.0
2972,6.7996719811321045
2973,201.3644370317128
2974,274.0
2975,4.45426299712884
2976,46.0
2977,46.15
2978,4.593973194574174
2979,4.592573080611103
2980,299.6503826727976
2981,250.0
2982,150.89863381737746
2983,156.39403998431033
2984,303.0
2985,125.0
2986,277.0
2987,234.83035324821304
2988,93.0
2989,122.83146317598494
2990,30.0
2991,6.985657535900643
2992,2.8364026821826824
2993,5.288170368682343
2994,43.00982257392278
2995,-1.0367566319734511
2996,4.292163461286881
2997,3.627705334775704
2998,86.33
2999,122.0
3000,67.52429554734036
3001,2.871915883794355
3002,319.2765869916142
3003,4.389163896128687
3004,344.0
3005,92.0
3006,95.83143738770649
3007,6.284147908100727
3008,2.6126193828215394
3009,41.87403055806424
3010,4.562663323727295
3011,120.0
3012,4.641878422118736
3013,267.0
3014,6.310680552226449
3015,3.8741934321778335
3016,5.901864240083738
3017,6.47205440952374
3018,4.254735516789823
3019,198.0
3020,3.1433768185790982
3021,207.0
3022,295.0
3023,3.495191395497618
3024,121.98521454143106
3025,241.8938062229909
3026,146.0
3027,6.115161812291648
3028,5.282368199602471
3029,-11.33
3030,-69.0
3031,6.112446481960147
3032,6.618259541114651
3033,4.937804060958657
3034,133.0
3035,148.13239419607407
3036,199.0071805468628
3037,6.136058195404623
3038,2.0887088766908537
3039,-35.1
3040,170.36078348148493
3041,4.935769753324775
3042,-9.67
3043,5.851874556525053
3044,214.0
3045,177.40104832610592
3046,4.046751815188661
3047,4.341968926732885
3048,58.71333628334961
3049,5.882234391081871
3050,237.2855122262132
3051,106.0
3052,6.564628204456054
3053,3.8278683429425526
3054,121.0
3055,189.8297304776694
3056,66.0
3057,3.262232431911022
3058,110.86166158478004
3059,1.892170984141886
3060,261.0
3061,5.256454248624557
3062,222.0458655653669
3063,142.2551543059091
3064,218.29
3065,245.91638114817545
3066,119.0
3067,-11.3
3068,6.295741920864181
3069,5.887280115494218
3070,3.937600265340752
3071,6.234419652417208
3072,199.0
3073,140.0
3074,6.1609314291089
3075,5.968426561559647
3076,129.89502165327585
3077,10.97
3078,29.0
3079,5.564670383492736
3080,3.1997780622918746
3081,39.56705723910816
3082,111.1
3083,62.0
3084,1.054936436741413
3085,6.151150655871025
3086,235.0
3087,3.0717937861377145
3088,180.0
3089,3.529317829623949
3090,301.280961806107
3091,160.0
3092,94.2886368266634
3093,3.986634945529749
3094,201.0
3095,248.0
3096,138.51606119010185
3097,4.707943870078739
3098,6.277719289345925
3099,27.90245358398558
3100,89.0
3101,3.580107856477024
3102,2.5734147601335886
3103,3.6668589168546535
3104,51.61245692726111
3105,0.0
3106,36.62660661390529
3107,1.1714847601942586
3108,2.0220146235530345
3109,6.688213323689477
3110,247.2954003385579
3111,2.0731842624370085
3112,210.9877201666259
3113,5.645264371290243
3114,35.89558601397234
3115,247.0
3116,106.0
3117,-66.0
3118,245.63668636449543
3119,5.230890926932358
3120,110.0
3121,47.614638636510975
3122,144.87
3123,3.813405620829264
3124,3.096575296800701
3125,3.73668954589096
3126,213.0
3127,267.5
3128,47.99109420757594
3129,381.67
3130,2.1227953463652343
3131,107.77129908749552
3132,194.5230784832432
3133,104.56869634246866
3134,237.1812229446487
3135,1.680929307293363
3136,312.0
3137,3.066204156039773
3138,91.75
3139,5.93424825675423
3140,2.71121686393005
3141,94.5
3142,3.300439677382692
3143,145.0
3144,256.0
3145,5.063947238147714
3146,295.0
3147,123.66214403052194
3148,98.0
3149,-24.0
3150,1.7476104383126356
3151,233.0
3152,7.045938639575135
3153,241.66004532116568
3154,230.0
3155,40.774536487718095
3156,41.33
3157,4.901810636541244
3158,323.4
3159,115.0
3160,241.0
3161,-42.4055471017085
3162,3.9117131819497497
3163,173.68679818608842
3164,3.456646278733132
3165,-6.0
3166,79.0
3167,6.500509724113972
3168,5.54709606559437
3169,3.337038687112454
3170,232.25887821469465
3171,2.981835157700358
3172,233.5360472479441
3173,268.6162524089524
3174,46.0
3175,-61.45968011981787
3176,3.846132058884418
3177,3.072485171589735
3178,182.7457672658076
3179,6.181876874380718
3180,326.58666772439545
3181,232.18410423822937
3182,309.2033022825997
3183,5.742655747418063
3184,142.75300515589726
3185,6.985443170945911
3186,160.0
3187,248.0
3188,-50.29691493423103
3189,262.0
3190,4.237107331310813
3191,229.74888404297587
3192,68.0
3193,6.489930018386531
3194,4.841426618741964
3195,5.860658650336849
3196,139.2721502433361
3197,5.755209254051722
3198,178.55414858165352
3199,208.0
3200,2.099644243091488
3201,277.39229976508733
3202,4.320747895670337
3203,4.886135552872976
3204,-25.0
3205,6.486939858279162
3206,257.0
3207,6.00221340910979
3208,174.585527353095
3209,-40.30060590694457
3210,7.330982715817909
3211,240.0
3212,85.0
3213,2.578779556843284
3214,237.1
3215,3.1790902833362096
3216,5.9868147012336586
3217,125.0
3218,282.272655903746
3219,71.0
3220,67.32094036677269
3221,133.0
3222,249.92
3223,365.5
3224,-58.43563314364129
3225,142.0
3226,5.975737995158239
3227,5.870704147205039
3228,10.4387362920887
3229,303.58473072697745
3230,230.0
3231,6.647427693020954
3232,5.118670178470806
3233,5.560017708493129
3234,4.442181977572408
3235,197.0
3236,125.0
3237,15.516466445445454
3238,324.8169573164583
3239,6.471565281749656
3240,53.0
3241,-4.898581137032176
3242,2.358343667470831
3243,59.6
3244,169.0
3245,5.327895470122912
3246,247.67
3247,6.3180861089969165
3248,63.58642211296529
3249,-7.0
3250,234.6705994164249
3251,235.6198383272452
3252,134.0
3253,58.88
3254,153.5
3255,6.430736991784232
3256,5.85010056799859
3257,-60.0
3258,1.6130375756049329
3259,43.0
3260,5.867138708951928
3261,90.4
3262,358.0
3263,2.611994371428741
3264,4.344132488449883
3265,126.0
3266,3.652026612284992
3267,6.6182320310700025
3268,3.34565129471226
3269,4.612305124633005
3270,60.0
3271,221.48817537148588
3272,2.229258732457124
3273,210.0
3274,221.6
3275,124.0
3276,96.14390272764184
3277,6.62165581899676
3278,6.403642677006462
3279,3.515049057033519
3280,170.2
3281,307.0
3282,2.463059963555356
3283,396.0
3284,372.9820500220257
3285,84.41538450063481
3286,3.0703476996810526
3287,83.33
3288,63.57619636212701
3289,1.799890971444822
3290,55.0
3291,195.0
3292,3.1846523524040964
3293,33.77696818274283
3294,202.9124299735985
3295,148.0
3296,23.0
3297,176.0
3298,2.077393530890838
3299,254.29333851680136
3300,2.0686607890841366
3301,215.8515003916659
3302,181.653542886294
3303,-31.4
3304,230.9878003337536
3305,5.314403004124581
3306,4.385160722882176
3307,114.5
3308,3.4060491234725863
3309,6.44236703652761
3310,-49.69097923659344
3311,2.158616976010902
3312,4.31299899113926
3313,2.488809619771442
3314,6.058831807512964
3315,4.155911426303575
3316,333.0890408968876
3317,340.0
3318,40.86686478535405
3319,1.841864045182878
3320,1.4766425886442975
3321,5.532866257291444
3322,234.0
3323,4.4236578635734
3324,4.108335597338079
3325,339.6510916021057
3326,143.0
3327,-64.5
3328,6.25753013931967
3329,1.88373179432422
3330,173.0
3331,109.0
3332,3.67767196835819
3333,205.0
3334,120.13006258521328
3335,3.720069110656121
3336,4.46750054701542
3337,2.6661220263196843
3338,1.788070435990424
3339,28.0
3340,10.0
3341,65.0
3342,223.07307479568203
3343,142.0
3344,3.8562625466658487
3345,238.0
3346,308.0
3347,230.0
3348,61.0
3349,5.688453911249049
3350,3.671586428805528
3351,3.4750222002368174
3352,1.8148367896447355
3353,121.86
3354,54.0
3355,3.1831354771484346
3356,313.0774259442238
3357,3.652542937532391
3358,223.0
3359,94.54249142063225
3360,167.87179561631223
3361,3.5989467524270347
3362,2.959647780549413
3363,3.2543873036992563
3364,0.0
3365,62.0
3366,96.0
3367,2.623785306685821
3368,99.4339641701096
3369,4.588350850056803
3370,79.0
3371,-0.3263179321286897
3372,175.0
3373,65.31891104734929
3374,309.6006750885373
3375,2.3824668107143108
3376,4.036134295582386
3377,119.79224755294211
3378,6.299922238742636
3379,83.5
3380,330.0422055699209
3381,6.646356226570728
3382,118.0
3383,6.31238045712426
3384,38.0
3385,4.092792681556837
3386,41.60254696950619
3387,2.0927058596527264
3388,164.0
3389,213.511860000604
3390,2.4085148577215114
3391,5.577373243019941
3392,5.1296898562006765
3393,179.0
3394,124.00429424409911
3395,5.623677991956918
3396,6.082252997352503
3397,160.55268023064792
3398,1.932817996278778
3399,200.0380093483425
3400,175.89871666283625
3401,4.5871720116301375
3402,0.3256054367917276
3403,48.25424776627328
3404,110.0
3405,172.88398489574985
3406,253.0
3407,3.906034138939962
3408,114.0
3409,106.0
3410,6.032785098426723
3411,4.930340243683206
3412,55.0
3413,2.2494268035869154
3414,6.477810709496686
3415,118.13311149815354
3416,65.75
3417,203.0
3418,149.5
3419,36.0
3420,-8.55
3421,-65.26001657812954
3422,182.3659632145899
3423,2.058702840824279
3424,3.872402785137961
3425,5.718148428062654
3426,3.7040766032556416
3427,59.0
3428,2.2600896946913283
3429,329.148562607858
3430,312.0
3431,115.64507689962528
3432,6.192468259563908
3433,105.23634279039165
3434,1.892200041574484
3435,321.20076196551787
3436,212.0
3437,3.1546930027943736
3438,17.0
3439,250.0
3440,6.577592615208051
3441,4.848962855594149
3442,218.0
3443,5.109708166481285
3444,230.8
3445,3.1973089262012624
3446,5.501763071900793
3447,235.0
3448,5.3255758770369495
3449,5.817616218512461
3450,156.13
3451,230.0
3452,1.6943967945541585
3453,1.1216498528863894
3454,15.0
3455,3.971998434667362
3456,5.636771561258666
3457,4.028817354746192
3458,6.342239954034716
3459,167.30558256397538
3460,-24.0
3461,1.3294351554049657
3462,51.0
3463,225.0
3464,4.4916646008054775
3465,2.805760554266705
3466,6.697823103418495
3467,112.0
3468,42.0
3469,334.3325758520804
3470,146.7506450208652
3471,4.440061413573444
3472,299.0
3473,6.443106908012458
3474,4.497454339466303
3475,4.878772648272014
3476,55.5
3477,3.605778491537479
3478,6.556905770307258
3479,2.7145166759598904
3480,80.0
3481,35.0
3482,63.115128729951465
3483,56.7089380252698
3484,177.4611572281865
3485,2.34412426963311
3486,241.0
3487,5.88886118149312
3488,4.693945329332398
3489,3.453465034206709
3490,6.510871775910527
3491,3.357047522505362
3492,2.295190944828577
3493,297.23098169389255
3494,158.51829244888245
3495,6.252706624238989
3496,13.141829093600814
3497,4.6811760092178245
3498,6.662865412950301
3499,-30.0
3500,186.0
3501,276.0
3502,6.346668792647958
3503,4.443053175639309
3504,160.0
3505,125.60155544924324
3506,95.3
3507,6.207468758544249
3508,3.329995016322802
3509,2.49178406466169
3510,286.33
3511,1.99170310858958
3512,180.0
3513,35.0
3514,3.2638679228230782
3515,60.41
3516,3.0145724651512835
3517,200.02
3518,4.274944411598415
3519,270.50279626101724
3520,373.0
3521,1.8520368809223648
3522,200.0
3523,5.523703594131924
3524,6.547112151455186
3525,5.229910682199008
3526,20.0
3527,1.639045056319993
3528,281.9
3529,183.0
3530,2.818043955826224
3531,89.34435979719709
3532,287.0
3533,45.7087996744916
3534,8.140680507221857
3535,86.18837783215756
3536,3.474148174605742
3537,78.8
3538,6.860713456722385
3539,37.93905094748492
3540,149.0
3541,-62.21326686145535
3542,1.0930222085193686
3543,221.0
3544,26.0
3545,2.5109716905213526
3546,5.324466817601522
3547,157.0
3548,5.3906361702359264
3549,1.7414588288067738
3550,4.727392437080864
3551,5.02097739551453
3552,5.937472095562658
3553,6.368581293471733
3554,166.70290663223298
3555,3.942874406866444
3556,2.239357866314545
3557,102.87084246474974
3558,5.0742528572075685
3559,86.0
3560,55.87924146786299
3561,5.994687846129375
3562,-3.0
3563,-36.5
3564,5.855539096399078
3565,4.704264056763127
3566,177.5
3567,1.9337604357443443
3568,242.01625638995665
3569,167.9281757769735
3570,75.3578006988648
3571,193.0
3572,1.8052580157122853
3573,6.15601857632277
3574,5.785859277683502
3575,1.9881261810985151
3576,5.334777791631495
3577,5.9467752457805325
3578,55.451808462962354
3579,1.932707629976417
3580,81.0
3581,227.0
3582,70.63288372219077
3583,72.28156824931806
3584,6.586937875921515
3585,25.0
3586,5.7183780709036895
3587,30.1591343430451
3588,2.5763083451620825
3589,233.8975699896935
3590,2.7745749817063645
3591,3.4736570882031805
3592,235.0
3593,5.338679770332973
3594,2.343661329820548
3595,6.689047986469471
3596,38.5
3597,250.0
3598,82.96288149746371
3599,75.0
3600,2.49273164136
3601,280.0
3602,19.83
3603,5.286587191504187
3604,3.283229155591824
3605,150.6
3606,2.11184132593298
3607,3.428864263591589
3608,181.0
3609,218.510601331479
3610,87.0
3611,5.520247731502025
3612,285.6819503158974
3613,6.536802927710446
3614,4.8052538004766765
3615,6.8795821765426775
3616,99.0
3617,4.985865698018905
3618,3.0126846053873777
3619,-51.08251605804384
3620,0.97
3621,-50.0
3622,5.331342257487677
3623,232.0
3624,-9.715380071653508
3625,100.0
3626,25.75
3627,5.0
3628,6.731033409593052
3629,38.0
3630,236.0
3631,319.28616614036605
3632,247.0
3633,237.06614102512543
3634,56.0
3635,128.63180568422737
3636,4.794788951287099
3637,45.26823485960061
3638,48.0
3639,5.088306432627649
3640,365.0
3641,229.6591125295636
3642,168.32920177926732
3643,214.0
3644,6.523566400968654
3645,104.0
3646,2.3809012019276925
3647,5.965193565590728
3648,248.565175965634
3649,10.0
3650,2.651531404642429
3651,201.0
3652,44.25
3653,-19.1
3654,74.52893890329324
3655,2.0197725964335813
3656,141.0
3657,5.550742971337206
3658,8.044041254147695
3659,4.41911100967049
3660,5.683475149257601
3661,39.26592488227658
3662,2.029718089391628
3663,5.472464311388558
3664,120.45498719510276
3665,4.796852891562411
3666,288.0
3667,253.0
3668,232.0
3669,218.0
3670,8.294580375611508
3671,6.252999938887649
3672,215.0041974787972
3673,4.9049957465497895
3674,307.4597947298073
3675,158.90122184829343
3676,58.45492172788327
3677,60.0
3678,-12.65
3679,4.0549848000154265
3680,3.653160737681693
3681,139.17069265807277
3682,65.0
3683,163.0
3684,10.78
3685,154.75099050283814
3686,302.1196415182556
3687,105.48030294482756
3688,291.0
3689,2.267644948909308
3690,170.74305303504343
3691,176.64179956327376
3692,331.0
3693,267.95200774842806
3694,1.473811328136246
3695,240.0
3696,248.0
3697,0.6437539884770527
3698,-43.45060121190031
3699,4.113563750962954
3700,5.971764267307387
3701,403.0
3702,3.613927737348268
3703,3.750951649350576
3704,6.504524390362196
3705,1.2199322796266985
3706,50.0
3707,10.939137335232576
3708,140.0
3709,3.0053916593904515
3710,5.450552664234688
3711,337.2506810043571
3712,19.9
3713,5.279921174630517
3714,329.0
3715,2.794739076226928
3716,2.0183612276480147
3717,150.77500713963508
3718,66.0
3719,168.0
3720,208.0
3721,3.330412944724616
3722,3.747701116501829
3723,3.381344522808193
3724,1.8539426343839385
3725,74.0
3726,1.730401644775875
3727,242.43227136025683
3728,65.61330781711965
3729,66.69
3730,181.75
3731,55.75
3732,3.3609809737738274
3733,-36.07729742469058
3734,3.33749719903555
3735,1.6408697739361324
3736,-21.99273553709229
3737,6.550462747849169
3738,178.5
3739,-49.44097884072764
3740,243.7523824580477
3741,23.784609892114148
3742,282.0
3743,2.45701123316858
3744,90.0
3745,-46.0
3746,4.991158135905984
3747,4.880435082758522
3748,120.0
3749,89.68382761123864
3750,1.6165229679269788
3751,237.67
3752,87.63209641912314
3753,4.409904004575987
3754,3.923662668577032
3755,31.45
3756,5.698585744816568
3757,15.757464314105576
3758,5.920343807735896
3759,44.85627333089517
3760,1.9132894678629009
3761,6.528758120964095
3762,5.959567857774382
3763,122.75706371957418
3764,180.0
3765,376.0
3766,7.159565617840177
3767,321.0
3768,71.0
3769,1.6669609696933976
3770,162.1164886396628
3771,3.500495515064801
3772,197.0
3773,248.0
3774,2.512787120143833
3775,3.404428729194419
3776,226.2917301053908
3777,6.130450806218953
3778,216.67
3779,249.43
3780,6.087755489501869
3781,6.2126415953346905
3782,2.2169295903721298
3783,1.8662159934294813
3784,5.440553648252517
3785,23.07609683012176
3786,64.0
3787,5.895674497422688
3788,6.512208307280448
3789,334.0
3790,6.976627522765035
3791,6.639212912867982
3792,3.231601359814991
3793,132.0
3794,-17.75
3795,111.5
3796,209.34177416642345
3797,4.827560719812879
3798,104.0
3799,-73.0
3800,246.1009672117908
3801,130.0
3802,158.16320870566648
3803,50.0
3804,48.92966750687864
3805,3.61568969014888
3806,3.006551552517329
3807,86.5
3808,3.33071941750098
3809,-55.0
3810,2.5767513979249954
3811,4.79723812509959
3812,281.0
3813,3.7299975022475698
3814,293.67
3815,7.3899285147515155
3816,4.130210099473908
3817,59.33
3818,6.819401804149057
3819,2.406414342868638
3820,132.9
3821,7.84793427798307
3822,5.621550577864118
3823,240.0
3824,4.782297444495859
3825,262.6573830092146
3826,6.081623216584898
3827,307.4597594343216
3828,298.0
3829,6.190573455949966
3830,226.3
3831,47.0
3832,1.788973857091111
3833,90.0
3834,126.0
3835,2.6401204908137785
3836,5.283006642866129
3837,6.728749495196642
3838,5.967265138274389
3839,189.0
3840,5.690980264753284
3841,119.0
3842,3.641065304011653
3843,270.0
3844,6.340575048099764
3845,6.813797504130347
3846,6.253554881401561
3847,67.41398137276242
3848,110.0
3849,196.7592004650516
3850,10.38271379150424
3851,136.0
3852,283.4691322638636
3853,5.574321897908627
3854,238.0
3855,1.9432315946357737
3856,44.0
3857,3.816813104631536
3858,2.983790506243104
3859,265.08184552994044
3860,6.141986201696563
3861,-72.0
3862,-22.0
3863,3.8120835087662015
3864,2.81544958721061
3865,342.0
3866,4.839982200898263
3867,207.0
3868,4.067211004867055
3869,3.074083115357168
3870,110.0
3871,45.0
3872,4.730119003122671
3873,16.825553660864284
3874,359.0400199144183
3875,272.2544982546918
3876,92.0
3877,-62.89994818833688
3878,194.0
3879,263.3723765183603
3880,6.2985832945288935
3881,4.104648281682519
3882,1.5501543058270293
3883,194.0
3884,159.1893097920941
3885,6.627692002128938
3886,5.186987610595989
3887,6.230356406636055
3888,2.670891859166247
3889,196.11350160944693
3890,1.0986090104758843
3891,3.43334009387963
3892,204.76
3893,3.0175964647692832
3894,320.86587586676774
3895,-27.2383829253856
3896,44.38
3897,240.2931611904823
3898,182.0
3899,1.7627770369608458
3900,50.47
3901,100.0
3902,2.929037885669917
3903,52.0
3904,59.56711685877569
3905,3.5299575690085256
3906,7.630353708729093
3907,191.0
3908,144.66571860246415
3909,3.181450268013214
3910,4.235895385331835
3911,239.1107873176887
3912,4.606675938843275
3913,41.4437660773668
3914,301.0
3915,7.235920869601967
3916,5.809872939177752
3917,3.756426906019769
3918,-66.5
3919,5.114210237608741
3920,38.0
3921,68.1468159997966
3922,8.459564389511272
3923,3.1129256445317632
3924,371.0
3925,72.0
3926,2.373238262916072
3927,254.2701619306465
3928,3.5898772813473374
3929,5.740479722982452
3930,6.233651212871965
3931,172.0
3932,5.334963642480955
3933,2.726990573293616
3934,6.649060182506489
3935,237.0508192379372
3936,1.7199212323979545
3937,3.7036515194445134
3938,3.240717262107875
3939,285.6128616926923
3940,6.290405193114618
3941,6.337795614522928
3942,5.516928569373649
3943,3.0841173056352424
3944,6.435390150148427
3945,353.0
3946,167.0
3947,27.0
3948,146.63044273901093
3949,5.376038609429317
3950,239.41948450452023
3951,1.8026700204420925
3952,64.0
3953,87.0
3954,2.269464123176967
3955,5.775491544954689
3956,134.25104727325785
3957,48.0
3958,58.5
3959,248.0
3960,5.949516857275493
3961,6.353469293899999
3962,94.59912336912188
3963,5.983371979055882
3964,234.0
3965,7.098213124694643
3966,3.3321921264216865
3967,3.0715210800540658
3968,188.0
3969,86.0
3970,2.434893267724365
3971,3.794822187479039
3972,2.890243818185509
3973,3.907267385141018
3974,34.3792792515104
3975,34.25
3976,3.317731387909639
3977,4.192369557485998
3978,3.275886465125305
3979,152.0
3980,249.5
3981,246.0
3982,5.591523681629512
3983,3.270417956382663
3984,346.66
3985,246.0
3986,141.1434782290741
3987,50.0
3988,2.888479844707668
3989,-4.111828945294711
3990,70.77013233222515
3991,315.0
3992,5.861218975321815
3993,5.996851127193377
3994,40.41676150040284
3995,123.0
3996,5.246077355923504
3997,72.0
3998,2.530478206140528
3999,296.0
4000,5.150632321234235
4001,4.257780304597593
4002,40.0
4003,162.0
4004,2.0764593252348686
4005,317.4
4006,68.0
4007,6.625558929679409
4008,3.151179063636026
4009,5.662235830939197
4010,201.7643856039276
4011,3.097787466401865
4012,6.291981111608821
4013,281.0
4014,5.854721811992611
4015,6.19712601856415
4016,65.9168206137714
4017,165.0
4018,110.0
4019,0.9520655982592906
4020,1.946545616104399
4021,113.73660246136076
4022,56.431388001268445
4023,4.362942606588376
4024,110.0
4025,118.0
4026,180.0
4027,224.7946202641736
4028,91.861215332851
4029,6.75903138367464
4030,2.174743071475339
4031,107.0
4032,80.69524972674903
4033,2.0819607700847755
4034,214.0
4035,76.66192411793942
4036,3.136971408616151
4037,3.4712505222412164
4038,6.133491564604223
4039,5.891874217141327
4040,117.0
4041,341.0
4042,59.62
4043,232.0
4044,4.884427380356106
4045,9.38
4046,5.825068074828561
4047,4.416372596163942
4048,278.8280300805497
4049,116.94687098960586
4050,294.33
4051,70.1
4052,2.4709579573769647
4053,4.082720579306131
4054,5.50273313512893
4055,4.663931073016327
4056,260.1124555961913
4057,6.882501623852321
4058,278.0
4059,4.2
4060,254.54873161102444
4061,96.0
4062,3.933524255443899
4063,2.1504987143290366
4064,184.7232176062345
4065,2.0871786031586748
4066,69.2
4067,235.0
4068,190.66035933840925
4069,347.0
4070,3.0807304211052258
4071,2.55753988606126
4072,1.5774406373551673
4073,2.979612464207845
4074,3.99250653626414
4075,-42.70413217201615
4076,7.5
4077,4.721136381249478
4078,6.190322968919258
4079,7.120412565572047
4080,275.0
4081,2.872323084362898
4082,131.0
4083,4.441457038473194
4084,-8.884071111352167
4085,51.26769802039204
4086,-22.5
4087,4.047453616154662
4088,5.048512289803158
4089,57.65896694272336
4090,167.7321781748506
4091,4.538127888036941
4092,79.89085140749663
4093,22.948862635254248
4094,4.464223390523508
4095,6.797184084900295
4096,2.567744955244112
4097,2.325542022051482
4098,2.533465388677965
4099,-44.92996627708792
4100,22.33
4101,7.25777983344766
4102,4.217924966998833
4103,63.75012517738288
4104,221.1408614767984
4105,5.740082228295764
4106,113.0
4107,105.0
4108,78.85743819549913
4109,264.89272822739304
4110,5.475444260182569
4111,54.82620972901425
4112,80.0
4113,3.429238172185979
4114,5.5791413918112
4115,84.0
4116,124.9308141494596
4117,80.0
4118,282.0
4119,274.0
4120,221.9667585831924
4121,74.0
4122,-27.0
4123,1.6501203162100797
4124,100.97704034188152
4125,2.469344647905713
4126,146.33
4127,5.595723767170064
4128,1.2504242824872585
4129,6.316869816806889
4130,1.7580943362085757
4131,60.0
4132,6.119163560015691
4133,4.971371771891387
4134,78.0
4135,-55.0
4136,283.0
4137,388.0
4138,-35.25
4139,130.0
4140,59.05146741287109
4141,4.4771565472231
4142,124.17
4143,293.0
4144,73.0
4145,235.0
4146,62.0
4147,74.20626299927876
4148,277.4976904500414
4149,27.8
4150,-2.0
4151,73.75
4152,128.2323365726553
4153,4.049323694605261
4154,351.67
4155,148.0
4156,3.394582902399817
4157,-22.0
4158,3.977574789275953
4159,4.41913989766099
4160,134.75
4161,176.6820671343995
4162,6.162696113266625
4163,345.0
4164,173.25254654466352
4165,-14.0
4166,44.0
4167,100.38033349320328
4168,-14.65
4169,2.3555477214558587
4170,-4.9
4171,105.0
4172,4.685672526936129
4173,4.3040962811788885
4174,83.0
4175,98.0
4176,1.97992325421372
4177,3.365653097590116
4178,14.766630548257686
4179,126.48177428849834
4180,198.6615403804946
4181,25.0
4182,50.43379349859929
4183,30.4087553327415
4184,160.0
4185,286.52393244394943
4186,2.437339851861404
4187,86.0
4188,3.997639976800665
4189,4.678566180855498
4190,118.29766572138456
4191,2.0613310317506413
4192,29.8875000654307
4193,53.500537390651175
4194,5.78324999601724
4195,4.219472058292755
4196,138.12786954363247
4197,6.618965919549464
4198,3.257209147634969
4199,5.085967691340777
4200,309.02785703248213
4201,241.0
4202,52.0
4203,5.451123878588826
4204,86.59946887160254
4205,4.984014540267285
4206,7.684735035199771
4207,132.9294687812423
4208,154.0
4209,243.8555611048892
4210,-40.0
4211,1.7422873712682585
4212,5.595567811007966
4213,-50.0
4214,6.644138797819392
4215,2.594173714021104
4216,1.986181163277308
4217,3.086501111033963
4218,5.737633366315039
4219,38.80698325186925
4220,118.0
4221,1.8755409053624832
4222,114.46136457433872
4223,2.6664451897539885
4224,6.521055471715703
4225,5.263665696221705
4226,269.16400231323985
4227,2.5767558376466617
4228,207.0
4229,122.64988806656878
4230,3.2185723085826536
4231,3.811739476984034
4232,42.20618430091093
4233,3.3308364435306386
4234,-6.75
4235,70.66760646383653
4236,254.29296595064164
4237,180.0
4238,3.3007309910439244
4239,261.0
4240,22.0
4241,30.0
4242,255.0
4243,-116.0
4244,353.0
4245,4.171294095972445
4246,2.020074759400853
4247,4.376154790510919
4248,4.0654105735115
4249,-31.0
4250,10.0
4251,289.6408664944322
4252,6.5005260041899176
4253,6.458744242376759
4254,5.746665540272254
4255,-71.0
4256,10.0
4257,74.0
4258,2.35035950245816
4259,1.5685114407797336
4260,68.58689970850365
4261,2.365847423038258
4262,360.0
4263,72.5
4264,2.671181575364692
4265,35.318163422206204
4266,4.511677139903373
4267,5.927395139184704
4268,5.722377544194201
4269,176.87573343616762
4270,223.52339333021064
4271,152.93258447286468
4272,4.933900385585612
4273,7.470019494407854
4274,77.40037904085102
4275,6.386884823185424
4276,328.0
4277,225.0
4278,385.6108790250332
4279,334.0
4280,153.0
4281,54.0
4282,-6.10953313280251
4283,6.636690543822219
4284,4.957230587415124
4285,100.0
4286,331.0
4287,1.8851237425545744
4288,164.0
4289,209.9567386355953
4290,223.0
4291,2.636504741322136
4292,5.049439077349396
4293,-1.0
4294,-35.672575035289626
4295,0.4819472115528226
4296,5.64458706178627
4297,6.7904798147700856
4298,5.348528410118887
4299,77.0
4300,43.81315027706398
4301,-48.0
4302,154.4757388209708
4303,1.7783704680834975
4304,-51.42357859399478
4305,3.2575655828943413
4306,278.0
4307,2.773021042997133
4308,74.29870013083583
4309,5.054547416397799
4310,2.557049604881453
4311,-45.21667851347925
4312,263.8173143312571
4313,3.3586203839323208
4314,2.2846739538455334
4315,232.07626483630912
4316,1.3878286243165627
4317,178.05
4318,5.79796421966807
4319,59.0
4320,114.0
4321,4.603585519890677
4322,315.0286264120923
4323,97.61837783712276
4324,3.520500786098863
4325,6.768895847796826
4326,3.9639251180811095
4327,98.0
4328,144.5
4329,200.64483195935503
4330,20.3986136459054
4331,2.73914792416831
4332,2.1717681976367373
4333,229.0
4334,4.5251177261447
4335,2.656819279221772
4336,2.136496750889876
4337,5.532030536514934
4338,-4.909040769116596
4339,5.70660593654062
4340,-45.86144091903727
4341,62.6703968654644
4342,219.0
4343,167.0
4344,175.4
4345,5.683458938568148
4346,5.058674826293266
4347,218.4871675306564
4348,5.633790366202639
4349,139.0465337050134
4350,-75.33
4351,84.96116333593346
4352,123.5
4353,5.528264011018634
4354,103.55
4355,167.0
4356,1.892560430755823
4357,5.355520001462957
4358,315.0
4359,233.47274251858207
4360,3.4626112956404365
4361,-0.5834151704587409
4362,0.2387406322925747
4363,3.609153623902963
4364,4.940395355444865
4365,1.6405026979629804
4366,3.072568508735628
4367,248.37573983988136
4368,-36.783439902280506
4369,99.05218306978772
4370,6.111715481152604
4371,246.0
4372,92.81638073807878
4373,305.0
4374,6.463000990680103
4375,268.0
4376,265.4
4377,5.28553808471791
4378,5.525734704794679
4379,247.0
4380,2.839516601471112
4381,2.84094227981353
4382,6.725986006641261
4383,34.40005307951104
4384,5.096898394842783
4385,217.26214323583287
4386,-6.0
4387,303.0
4388,48.0
4389,6.768982720837138
4390,4.322273651139024
4391,4.277893345847718
4392,2.812112895990502
4393,103.64632129287357
4394,106.85506422155451
4395,3.0710865622480195
4396,-0.052295452801367
4397,2.443141229427418
4398,6.525472414302713
4399,4.170976471105255
4400,304.0
4401,6.893832232437367
4402,232.13369329103264
4403,290.0
4404,244.7629694010205
4405,490.0
4406,37.18729027941681
4407,92.5
4408,6.413927882742233
4409,108.54817113115767
4410,-90.0
4411,2.6631811983781466
4412,285.1691581914507
4413,199.0
4414,4.071329239409322
4415,195.8
4416,44.0
4417,2.5110533253886405
4418,225.0
4419,179.0
4420,340.0
4421,359.4830822221204
4422,0.1195473837746579
4423,1.5961155221359258
4424,50.0
4425,160.0
4426,5.331320850344982
4427,204.0
4428,6.068824650107354
4429,5.267810089756384
4430,5.3641294746282
4431,171.0
4432,3.861508919026449
4433,3.784187971852304
4434,121.4770070140134
4435,5.72014100973367
4436,6.3959295155419245
4437,-7.0
4438,71.0
4439,6.75995282605093
4440,252.5
4441,1.1946857593254996
4442,235.0
4443,6.372533921734724
4444,263.2612497870678
4445,3.867222148404682
4446,3.6837027478474167
4447,124.6543202390928
4448,5.027288509128443
4449,-29.33
4450,101.07848494735636
4451,106.0
4452,290.0
4453,260.77067749207225
4454,5.551699347711509
4455,5.40156692488037
4456,218.0
4457,4.012951140223856
4458,6.869899388918995
4459,81.14504226611403
4460,0.5050138361750045
4461,93.42530402310972
4462,158.13104381812974
4463,35.38782005507981
4464,3.9175187114738153
4465,118.0
4466,4.642124593880969
4467,10.97
4468,1.720334711481301
4469,2.515440575256597
4470,4.839996155387476
4471,2.4683970343683623
4472,275.4
4473,2.940740698354088
4474,247.4121313751596
4475,4.475733281454724
4476,60.0
4477,5.84747138471806
4478,4.268821727050617
4479,99.0
4480,311.0
4481,3.8490249813150736
4482,183.0
4483,44.0
4484,301.08017783517005
4485,208.0
4486,2.5336151186586875
4487,86.0
4488,28.0
4489,-48.86176133871422
4490,107.5972877333798
4491,5.497059618767362
4492,259.2318652593198
4493,355.0
4494,38.82540524656417
4495,2.5187731576607315
4496,74.12839591486039
4497,6.772139328375351
4498,207.23094455608071
4499,305.5900376104952
4500,161.5934835235871
4501,5.157858358518347
4502,5.834558401808999
4503,170.87991659460712
4504,36.42246030770511
4505,68.65213240102814
4506,0.903672990959859
4507,-17.0
4508,143.81410820501247
4509,28.96305547945247
4510,2.294789794723539
4511,275.0769077372414
4512,46.0
4513,134.0
4514,2.3129699649498603
4515,3.2643031813934527
4516,3.419958123615962
4517,4.693845590527626
4518,17.227063978953538
4519,112.52568554972828
4520,52.0
4521,2.4147852117376627
4522,80.0
4523,6.655930242904625
4524,264.0
4525,11.5
4526,2.33969955440668
4527,65.0
4528,165.0
4529,191.0
4530,61.4
4531,4.138556686605517
4532,4.268199513077111
4533,4.4284358478036205
4534,59.93981195653544
4535,6.1627499849038045
4536,2.15247900455
4537,1.990485522286476
4538,6.26332209518723
4539,312.7908733510988
4540,130.0
4541,2.9443559741407004
4542,2.836672926546442
4543,198.5
4544,18.0
4545,5.203793425409421
4546,23.5
4547,5.876648456415172
4548,167.0
4549,4.383888134967108
4550,246.4481794599565
4551,22.56361584638844
4552,83.44965087511378
4553,118.72318283152612
4554,5.04008577560173
4555,207.0
4556,303.5
4557,5.070084178755284
4558,4.360112635932171
4559,49.0
4560,7.14582593844786
4561,5.310335062304792
4562,193.5819572953864
4563,44.47898281402917
4564,182.0
4565,55.0
4566,208.0
4567,254.0
4568,145.0
4569,5.215898684071885
4570,226.6929724322637
4571,382.0
4572,5.498510518415866
4573,2.928287089127145
4574,1.8505779762425425
4575,5.523107850623123
4576,147.0
4577,241.1913826309029
4578,108.0
4579,5.0
4580,0.3258311064236039
4581,380.0
4582,0.0
4583,0.6611676513233732
4584,294.5131520972274
4585,38.06631490440623
4586,5.811306327723612
4587,3.9746092015082057
4588,1.6013526896750785
4589,4.6233458837825
4590,3.473019359172264
4591,68.17862911230173
4592,5.297027490467124
4593,116.0
4594,-13.81
4595,3.638317603181872
4596,43.0
4597,132.25201831166171
4598,4.587991924168365
4599,-38.0
4600,94.0
4601,7.1255768057954
4602,5.440493804693235
4603,5.186842845745045
4604,57.21
4605,2.216803853952027
4606,149.34078650728662
4607,27.0
4608,4.63584357310621
4609,218.0
4610,77.0
4611,110.0
4612,2.417000527189451
4613,-77.5
4614,63.94304851010087
4615,-27.0
4616,4.356245640267869
4617,4.899006052288311
4618,5.064932710708301
4619,6.200421647620802
4620,6.677581369397005
4621,98.0
4622,4.243071416790564
4623,5.97595014488718
4624,0.4343163124090398
4625,89.64
4626,44.85268147310106
4627,5.869415532248185
4628,5.664362219714023
4629,48.0
4630,5.381876124156676
4631,29.0
4632,6.615293743763122
4633,239.8657535848738
4634,5.7111115850658924
4635,5.851068935896499
4636,71.99904718630883
4637,7.109831533133097
4638,399.3804124900946
4639,284.54441903823
4640,2.1189847534139687
4641,189.0
4642,140.92178737827118
4643,45.25
4644,10.0
4645,5.586827158204435
4646,42.28872845766645
4647,32.0
4648,141.29312977432642
4649,113.77669854753292
4650,133.0
4651,49.0
4652,5.129211661417237
4653,255.0
4654,-4.794416136430788
4655,5.5641573404103575
4656,2.8224015057745566
4657,3.361041869972268
4658,7.0812416040473884
4659,61.33188220094482
4660,1.5540929724349433
4661,2.628051061646836
4662,3.310873996398785
4663,119.0
4664,5.730129459734791
4665,174.32144881002512
4666,160.0
4667,1.838843528030543
4668,149.72
4669,260.0
4670,17.348852519217417
4671,2.015920262457395
4672,0.3161730352198026
4673,54.72
4674,270.0
4675,1.8093856716088537
4676,151.0
4677,53.0
4678,5.802322461911811
4679,98.32123648618564
4680,4.121165238950777
4681,1.9303849887769189
4682,230.0
4683,158.0
4684,76.0
4685,256.7584331247383
4686,3.6623482458005534
4687,222.7159789191581
4688,346.9305943593571
4689,114.28911748234032
4690,6.217100150949754
4691,6.710243951771532
4692,4.44404852708384
4693,66.0
4694,4.612656335162242
4695,393.825336868505
4696,4.63898295276925
4697,2.702915996347004
4698,4.587227114447338
4699,3.533266446950533
4700,102.16413605624597
4701,5.818914580146607
4702,1.941340046081773
4703,3.560855714094008
4704,5.083154577987241
4705,303.0
4706,3.798592936746147
4707,4.913716677203292
4708,3.047605321005032
4709,74.3863021291336
4710,159.67737215623595
4711,6.356401877086754
4712,242.0
4713,4.077951466612005
4714,5.719894892686616
4715,104.0
4716,158.5
4717,6.838427568202404
4718,6.02549045906652
4719,200.4700367732244
4720,145.3361134629542
4721,6.151061541264326
4722,4.099470682697193
4723,6.853099070361213
4724,50.0
4725,238.0
4726,3.883291376441445
4727,303.45348935768163
4728,270.0
4729,3.7517552656847055
4730,154.0
4731,147.0
4732,-6.137530486527249
4733,5.6830132088312455
4734,6.358820442139391
4735,5.663865436159278
4736,3.231472850219745
4737,51.13545203938303
4738,-10.0
4739,139.0
4740,320.7155349430955
4741,5.030923971762856
4742,24.0
4743,5.787536882821708
4744,238.0
4745,39.0
4746,4.55494015211369
4747,2.789516648368424
4748,3.2137372597309053
4749,5.4152471152731385
4750,5.677310600538154
4751,3.741847646531842
4752,96.74292084082904
4753,147.0
4754,128.0
4755,4.194012623214175
4756,1.931248413165587
4757,3.2288910366664765
4758,79.17722614503191
4759,111.21268334164574
4760,5.019911689888389
4761,2.6330930740258744
4762,178.0
4763,214.32463767818004
4764,2.502936317270464
4765,370.0
4766,25.544999754564184
4767,14.0
4768,13.0
4769,-32.960882098623784
4770,40.64562739705465
4771,35.0
4772,4.326474031124347
4773,4.061976645218711
4774,150.5
4775,1.8324093495118656
4776,2.790296647446071
4777,232.0
4778,5.109456362406905
4779,36.0
4780,1.5184916532540913
4781,36.7
4782,4.7287538321913365
4783,3.976930015207749
4784,2.6427967312036205
4785,52.0
4786,61.1
4787,5.59394477817774
4788,4.712302434366088
4789,3.3052205824018595
4790,120.0
4791,104.6
4792,4.545863494599932
4793,160.6217626825708
4794,64.96562856069853
4795,200.0
4796,3.142208510473984
4797,145.67
4798,5.9002791715756215
4799,3.9147547913625567
4800,359.86609215291026
4801,3.63789546046421
4802,5.351375288584218
4803,243.0
4804,1.6922003680088653
4805,255.97861128103943
4806,1.806234866585756
4807,2.7723254229390943
4808,53.24139922016923
4809,92.0
4810,1.6363365406632318
4811,2.034237684577691
4812,5.274164115788803
4813,267.33992394476496
4814,250.0
4815,3.015741812222161
4816,2.8586244075774485
4817,5.946899746052999
4818,1.6620912230006104
4819,45.0
4820,2.5390247980453045
4821,200.81043663982115
4822,103.0
4823,5.047420562845308
4824,3.0980115957927654
4825,242.4221306675483
4826,4.880558178444177
4827,5.900402876220595
4828,215.0
4829,119.82915623730176
4830,46.5
4831,200.0
4832,6.887131725644123
4833,3.696311604916164
4834,113.0
4835,3.7570143672325056
4836,6.8310084559962
4837,228.0
4838,37.05198599274373
4839,303.8059365349469
4840,3.6037908502957934
4841,196.0
4842,23.821314228773268
4843,2.361301527659404
4844,4.482465696837193
4845,4.268667961788458
4846,7.314691725969843
4847,4.091562172310435
4848,2.2681586728565
4849,5.331727233509992
4850,6.730160587294373
4851,5.986472165191
4852,100.91905050727888
4853,340.0
4854,2.8129846304766897
4855,3.0640951814099493
4856,190.8957989389268
4857,252.0
4858,126.0
4859,133.0
4860,216.0
4861,-118.0
4862,124.0
4863,6.80829779016661
4864,5.315865334576541
4865,1.8559870519789747
4866,0.9989816942469154
4867,3.522216318508462
4868,57.07562946286482
4869,1.0894283174864563
4870,118.6289374345018
4871,6.520475920127439
4872,2.3441237910603734
4873,308.0
4874,69.4
4875,3.5319853927515545
4876,240.42531452133616
4877,6.508268181083503
4878,80.4512922818792
4879,73.0
4880,5.661582985688789
4881,5.7285071546936726
4882,25.0
4883,1.7538301841815755
4884,170.0
4885,-75.43
4886,238.7663493456616
4887,4.8616852276729965
4888,293.0
4889,26.05559275270596
4890,213.0
4891,91.0
4892,2.0092319884872865
4893,5.7864202779482685
4894,102.0
4895,6.397116864319098
4896,5.805935441237093
4897,6.430937093372334
4898,23.94242491462383
4899,228.32024764243383
4900,1.5841026023764706
4901,283.0
4902,4.215692828483491
4903,110.0
4904,376.0
4905,99.31586613294976
4906,153.0
4907,179.37084687166796
4908,4.708124676317678
4909,176.86024478141275
4910,139.80455737475972
4911,77.92279002184588
4912,5.89536371645562
4913,138.0
4914,150.0
4915,2.0490884390632296
4916,5.085857665528395
4917,6.507228527317346
4918,2.571015098152921
4919,40.0
4920,2.023298177112052
4921,-13.0
4922,214.67
4923,230.7404647564613
4924,6.266454812226717
4925,2.767841883175917
4926,0.6424557479100661
4927,5.859905097639389
4928,2.9491456477687032
4929,67.40059864010048
4930,104.0393873241022
4931,-41.022044502200885
4932,5.596064322661214
4933,398.0
4934,-56.0
4935,77.0
4936,251.48007088248585
4937,25.02279837904117
4938,90.83992009273628
4939,53.0
4940,3.5617905990832406
