canon,slope_K,tg_infinity,r2_flory_fox,monotone
*CC(COCC=C)O*,13.898679630869587,-9.317191725449154,0.5190636576515155,False
*C(=O)c1ccc2c(c1)C(=O)N(c1ccc(Oc3ccc(C(=O)c4cccc(C(=O)c5ccc(Oc6ccc(N7C(=O)c8ccc(*)cc8C7=O)cc6)cc5)n4)cc3)cc1)C2=O,-22.151597947997445,207.5547627669221,0.7670620955356963,False
*c1ccc(Oc2ccc(C3(c4ccc(Oc5ccc(N6C(=O)c7ccc(Oc8ccccc8Oc8ccc9c(c8)C(=O)N(*)C9=O)cc7C6=O)cc5C(F)(F)F)cc4)c4ccccc4-c4ccccc43)cc2)c(C(F)(F)F)c1,-18.28685773353524,229.65647467845753,0.5885850779900468,False
*CC(*)(Cl)C(=O)OCC,-24.79829462769346,38.43146227593008,0.46066817579064523,False
*c1ccc(Oc2ccc(C(=O)c3ccc(Oc4ccc(N5C(=O)c6ccc(-c7ccc8c(c7)C(=O)N(*)C8=O)cc6C5=O)cc4)cc3)cc2)cc1,-7.188491576446942,240.33776470651705,0.1070932238620742,False
*CC(COC(C)(C)C)O*,-85.95743044831764,-9.648915298292872,0.9777122407938701,True
*CC(*)(C)C(=O)OC(C)C(C)(C)C,-66.09609474699056,46.46034199152032,0.9753600735314549,False
*Nc1cc(NC(=O)c2cc(OCCN(C)c3ccc(C#N)cc3)cc(C(*)=O)c2)cc(C(=O)OCCN(C)c2ccc(C#N)cc2)c1,-0.096987609999152,175.7877651039756,4.062989907305248e-05,False
*Oc1ccc(N=C(c2ccccc2)c2ccc(Oc3ccc(-c4ccc(Oc5ccc(C(=Nc6ccc(*)cc6)c6ccccc6)cc5)cc4)cc3)cc2)cc1,8.785838049495556,208.13072430646073,0.10693237713360482,False
*C(=O)Nc1ccc(Oc2ccc(-c3ccc(Oc4ccc(NC(=O)c5ccc6c(c5)C(=O)N(c5ccc(Oc7ccc(S(=O)(=O)c8ccc(Oc9ccc(N%10C(=O)c%11ccc(*)cc%11C%10=O)cc9)cc8)cc7)cc5)C6=O)cc4)cc3)cc2)cc1,17.474317935695833,258.73501537323153,0.7435401350790585,False
*OS(=O)(=O)c1cccc(S(=O)(=O)Oc2ccc(C(C)(C)c3ccc(*)cc3)cc2)c1,44.537239460043025,204.32028847779355,0.9078916026194613,False
*c1ccc(S(=O)(=O)c2ccc(N3C(=O)C(C)C(SCCOCCSC4C(=O)N(c5ccc(S(=O)(=O)c6ccc(N7C(=O)CC(C)(SCCOCCSC8(C)CC(=O)N(*)C8=O)C7=O)cc6)cc5)C(=O)C4C)C3=O)cc2)cc1,-0.13728714388196084,157.25803968113615,0.00014737369387174404,False
*CCOC(=O)C1CCC(C(=O)O*)CC1,26.05211496977894,111.31883855577038,0.45783892180610064,False
*C(Cl)=C(*)c1ccccc1,42.951383155619574,168.13564179399106,0.43864620661874454,False
*Oc1ccc(C(=O)Nc2cc(NC(=O)c3ccc(*)cc3)cc(-c3nc4ccccc4[nH]3)c2)cc1,-25.27391350552754,250.99152288682225,0.3841331933637897,False
*c1ccc(OC(=O)c2cccc(C(=O)Oc3ccc(C4(*)NC(=O)c5ccccc54)cc3)c2)cc1,17.628576008605833,243.99476042366408,0.751227777744045,False
*CCC(C)CC(=O)O*,-96.5477755857489,-33.404175394254324,0.9283679253022179,False
*CCCCCOC(=O)CCCCCCCCCCN1C(=O)c2ccc(-c3ccc(-c4ccc5c(c4)C(=O)N(CCCCCCCCCCC(=O)OCCCCCN4C(=O)c6ccc(-c7ccc8c(c7)C(=O)N(*)C8=O)cc6C4=O)C5=O)cc3)cc2C1=O,4.52981827957871,82.06594968589015,0.16342936596180646,False
*C(=O)Nc1ccc(Oc2ccc(NC(=O)c3ccc4c(c3)C(=O)N(c3ccc(Cc5ccc(N6C(=O)c7ccc(*)cc7C6=O)cc5)cc3)C4=O)cc2)cc1,8.24197162029084,238.0954526182079,0.07724513469842986,False
*C(=O)Oc1ccc([Si](C)(c2ccccc2)c2ccc(OC(=O)c3ccc(*)s3)cc2)cc1,53.877892337666296,151.28206369147367,0.9404432183245212,False
*c1ccc(CC(=O)Nc2ccc(-c3ccc(NC(=O)Cc4ccc(-c5sc(*)c(-c6ccccc6)c5-c5ccccc5)cc4)cc3)cc2)cc1,-21.130641524573672,214.38784678646502,0.16831125920641798,False
*c1ccc(Oc2ccc(S(=O)(=O)c3ccc(Oc4ccc(C5(*)OC(=O)c6ccccc65)cc4C)cc3)cc2)c(C)c1,-28.772327933924288,215.19757615209997,0.5853640360111204,False
*CC(*)(Cl)C(=O)OCCCCCCOc1ccc(C(=O)Oc2ccc(OCCCC)cc2)cc1,18.698144578244033,60.817599103897265,0.7557193964749955,False
*CC(*)(C)C(=O)Oc1ccc(C(=O)Oc2ccc(Oc3ccccc3)cc2)cc1,-6.629740854525772,112.68048704640333,0.06682410884378587,False
*CCCCCCS(=O)(=O)c1ccc(N=Nc2ccc(N(C)CCCCCC(=O)O*)cc2)cc1,-23.287544058260373,60.43811812781833,0.9284377483789846,False
*C=Cc1cc(OCCCCCCCCCCCC)c(*)cc1OC,50.13565882961336,87.42937170675707,0.6938524992640996,False
*Oc1cccc(C(=O)Nc2ccc(-c3ccc(NC(=O)c4cccc(Oc5nc(*)nc(Sc6ccccc6)n5)c4)cc3)cc2)c1,-57.100549284310524,196.37368529100493,0.8737913919569804,False
*Oc1ccc(C(=O)Nc2ccc(C(c3ccc(NC(=O)c4ccc(OC(=O)c5cccc(C(*)=O)c5)cc4)cc3)(C(F)(F)F)C(F)(F)F)cc2)cc1,-14.343950259752985,228.89388406058126,0.8338382439982689,False
*CC(*)C(=O)OCC(F)(F)C(F)(F)C(F)(F)C(F)(F)F,44.884744863356325,43.023347271378725,0.8512738427187161,False
*CC(*)(C)C(=O)OCC(C)O,2.9248807928253044,39.21086480421489,0.01919184062638446,False
*C(=O)Nc1ccc(Oc2ccccc2-c2ccccc2Oc2ccc(NC(=O)c3ccc4c(c3)C(=O)N(c3ccc(Oc5cccc(Oc6ccc(N7C(=O)c8ccc(*)cc8C7=O)cc6)c5)cc3)C4=O)cc2)cc1,23.68413360935078,244.64615704316498,0.8978025950553118,False
*O[Si](C)(C)c1cc(OCCO)c([Si](*)(C)C)cc1OCCO,-15.136675946599835,59.518825713559316,0.23208645368463088,False
*CCCCNC(=O)Cc1ccc(C(=O)N*)cc1,-6.384371175845925,105.6881837413954,0.04931625252368721,False
*Oc1ccc(-c2ccc(Oc3ccc(*)cc3)c3ccccc23)c2ccccc12,-16.67345464812518,264.8537643075782,0.5524808037049587,False
*c1ccc(Oc2ccc(C(=O)c3ccc(Oc4ccc(-c5c6c(c(*)c7ccccc57)C(=O)N(c5ccc(Cl)cc5)C6=O)cc4)cc3)cc2)cc1,8.313021222681906,259.4001464881655,0.055553090463357324,False
*C(=O)Nc1ccc(-c2ccc(NC(=O)c3ccc4c(c3)C(=O)N(c3c(C)cc(C)c(N5C(=O)c6ccc(*)cc6C5=O)c3C)C4=O)cc2C(F)(F)F)c(C(F)(F)F)c1,19.99198458704685,269.95162674750196,0.8692820572325144,False
*Oc1ccc(C2(c3ccc(OC(*)=O)cc3)c3ccccc3-c3ccccc32)cc1,-10.424396133994282,273.34665300680354,0.1590059868332725,False
*Oc1ccc(OC(=O)c2cc(OCCCCCCCCCCC(F)(F)C(F)(F)C(F)(F)C(F)(F)C(F)(F)C(F)(F)C(F)(F)C(F)(F)C(F)(F)C(F)(F)F)cc(C(*)=O)c2)cc1,-0.8537028828161568,89.07012620748799,0.0024167479553587334,False
*C(=O)Oc1ccc(C2(c3ccc(OC(=O)c4ccc5c(c4)C(=O)N(c4ccc(-c6ccc(N7C(=O)c8ccc(*)cc8C7=O)cc6C)c(C)c4)C5=O)cc3)CCC(C(C)(C)C)CC2)cc1,44.62062236353907,261.8484968694236,0.9447148387175421,True
*c1ccc(Oc2ccc(C(=O)c3cccc(C(=O)c4ccc(Oc5ccc(-c6c7c(c(*)c8ccccc68)C(=O)N(CCCCCCCCCCCC)C7=O)cc5)cc4)c3)cc2)cc1,-5.245601976355061,123.56898904454528,0.08349347803196894,False
*c1cc(N=Cc2ccc(F)cc2)c(O)c(*)c1C,135.32894583302135,287.67907398576295,0.9703325656282618,False
*c1ccc(Oc2ccc(C(C)(C)c3ccc(Oc4ccc(-c5nnc(*)c6c(-c7ccc(F)cc7)c(-c7ccc(F)cc7)c(-c7ccc(F)cc7)c(-c7ccc(F)cc7)c56)cc4)cc3)cc2)cc1,-23.984124569699823,246.80748031627206,0.48565658040720516,False
*CC(*)(C)C(=O)OCCCCCCOc1ccc(N=Nc2ccc([N+](=O)[O-])cc2)cc1,5.644547640108284,53.95078554544124,0.08218761527302498,False
*c1ccc(CC(=O)Nc2ccc(Cc3ccc(NC(=O)Cc4ccc(-c5sc(*)c(-c6ccccc6)c5-c5ccccc5)cc4)cc3)cc2)cc1,-28.759973238112668,187.79843709027688,0.8060562680319396,False
*Oc1ccc(C(C)(C)c2ccc(OC(=O)OCCN(CCOC(*)=O)c3ccc4[nH]c5ccccc5c4c3)cc2)cc1,27.5987305164441,162.66535881964097,0.5695663210107191,False
*COC(=O)Nc1ccc(Cc2ccc(NC(=O)OCc3cocc3*)cc2)cc1,-11.621873568149862,123.47080827112872,0.28272625618936364,False
*OC(CCCCC)CC(*)=O,-7.192209993778644,3.639418409920707,0.11680406569518986,False
*Oc1ccc(C(=O)c2cccc(C(=O)c3ccc(*)c(C(C)C)c3)c2)cc1CC,18.174344813631013,189.82121821551075,0.25723937005775865,False
*CCC(C)C(C)CCNC(=O)c1cccc(C(=O)N*)c1,24.898854920403807,129.57850036056382,0.8660737371939153,False
*c1ccc(N(c2ccc(OC)cc2)c2ccc(N3C(=O)c4ccc(S(=O)(=O)c5ccc6c(c5)C(=O)N(*)C6=O)cc4C3=O)cc2)cc1,-19.287427174234566,256.6574187564376,0.7855747387467186,False
*CCNC(=O)c1ccc(-c2ccc(O*)cc2)cc1,-42.250956517888795,161.3949810989163,0.819615176178002,False
*CCCCCCNC(=O)CCC1(CCC(=O)N*)c2ccccc2-c2ccccc21,7.021610075281906,106.89859116792722,0.0557125780636466,False
*c1ccc(C(=O)NNC(=O)c2ccc(C(=O)NNC(=O)c3ccc(C4(*)OC(=O)c5ccccc54)cc3)cc2)cc1,-12.714319610755425,231.6565947387605,0.46533990964525185,False
*CC(*)C(=O)Oc1ccc([N+](=O)[O-])cc1,-33.34979542848733,74.91816232451193,0.7282349348105314,False
*c1ccc(-c2ccc(-c3ccc(-c4ccc(-c5cc(-c6ccccc6)c6cc(Oc7ccc8nc(*)cc(-c9ccccc9)c8c7)ccc6n5)cc4)cc3)cc2)cc1,-7.931441579507692,284.3378857309298,0.6436267406151241,False
*CCCOCCCOC(=O)c1ccc(-c2ccc(C(=O)O*)cc2)cc1,-12.150578468124184,62.987718220152914,0.5724946463896283,False
*C[Si](*)(CCCC)CCCC,30.603315933363426,-22.76704590187921,0.36714728648848916,False
*OC(COC(=O)c1ccc(C(*)=O)c(OC)c1)COc1ccc(N=Nc2ccc(C#N)cc2)cc1,14.941979376846785,136.35042464764845,0.3143995214883186,False
*N=P(*)(Oc1ccc(C(C)C)cc1)Oc1ccc(C(C)C)cc1,17.34598046379575,133.70898591365557,0.5912689964710418,False
*Oc1cc2ccccc2cc1OC(=O)c1ccc(Oc2ccc(C(*)=O)cc2)cc1,68.49387725887266,224.679235751004,0.9726082749779227,False
