canon,n,pred_tg
*CC(COCC=C)O*,1,-19.87563215384444
*CC(COCC=C)O*,2,-24.474733181179737
*CC(COCC=C)O*,3,-15.362369311797327
*CC(COCC=C)O*,4,-12.049947276870093
*CC(COCC=C)O*,5,-9.049758945936809
*CC(COCC=C)O*,6,-8.5540716787255
*CC(COCC=C)O*,8,-11.642929579279357
*C(=O)c1ccc2c(c1)C(=O)N(c1ccc(Oc3ccc(C(=O)c4cccc(C(=O)c5ccc(Oc6ccc(N7C(=O)c8ccc(*)cc8C7=O)cc6)cc5)n4)cc3)cc1)C2=O,1,232.6514365280436
*C(=O)c1ccc2c(c1)C(=O)N(c1ccc(Oc3ccc(C(=O)c4cccc(C(=O)c5ccc(Oc6ccc(N7C(=O)c8ccc(*)cc8C7=O)cc6)cc5)n4)cc3)cc1)C2=O,2,214.09573793013698
*C(=O)c1ccc2c(c1)C(=O)N(c1ccc(Oc3ccc(C(=O)c4cccc(C(=O)c5ccc(Oc6ccc(N7C(=O)c8ccc(*)cc8C7=O)cc6)cc5)n4)cc3)cc1)C2=O,3,210.57571482670116
*C(=O)c1ccc2c(c1)C(=O)N(c1ccc(Oc3ccc(C(=O)c4cccc(C(=O)c5ccc(Oc6ccc(N7C(=O)c8ccc(*)cc8C7=O)cc6)cc5)n4)cc3)cc1)C2=O,4,210.27671424833238
*C(=O)c1ccc2c(c1)C(=O)N(c1ccc(Oc3ccc(C(=O)c4cccc(C(=O)c5ccc(Oc6ccc(N7C(=O)c8ccc(*)cc8C7=O)cc6)cc5)n4)cc3)cc1)C2=O,5,215.0329592313596
*C(=O)c1ccc2c(c1)C(=O)N(c1ccc(Oc3ccc(C(=O)c4cccc(C(=O)c5ccc(Oc6ccc(N7C(=O)c8ccc(*)cc8C7=O)cc6)cc5)n4)cc3)cc1)C2=O,6,214.98975323619527
*C(=O)c1ccc2c(c1)C(=O)N(c1ccc(Oc3ccc(C(=O)c4cccc(C(=O)c5ccc(Oc6ccc(N7C(=O)c8ccc(*)cc8C7=O)cc6)cc5)n4)cc3)cc1)C2=O,8,212.30138808377885
*c1ccc(Oc2ccc(C3(c4ccc(Oc5ccc(N6C(=O)c7ccc(Oc8ccccc8Oc8ccc9c(c8)C(=O)N(*)C9=O)cc7C6=O)cc5C(F)(F)F)cc4)c4ccccc4-c4ccccc43)cc2)c(C(F)(F)F)c1,1,252.01501521023022
*c1ccc(Oc2ccc(C3(c4ccc(Oc5ccc(N6C(=O)c7ccc(Oc8ccccc8Oc8ccc9c(c8)C(=O)N(*)C9=O)cc7C6=O)cc5C(F)(F)F)cc4)c4ccccc4-c4ccccc43)cc2)c(C(F)(F)F)c1,2,229.1201462485456
*c1ccc(Oc2ccc(C3(c4ccc(Oc5ccc(N6C(=O)c7ccc(Oc8ccccc8Oc8ccc9c(c8)C(=O)N(*)C9=O)cc7C6=O)cc5C(F)(F)F)cc4)c4ccccc4-c4ccccc43)cc2)c(C(F)(F)F)c1,3,236.05700264439534
*c1ccc(Oc2ccc(C3(c4ccc(Oc5ccc(N6C(=O)c7ccc(Oc8ccccc8Oc8ccc9c(c8)C(=O)N(*)C9=O)cc7C6=O)cc5C(F)(F)F)cc4)c4ccccc4-c4ccccc43)cc2)c(C(F)(F)F)c1,4,232.54993803657925
*c1ccc(Oc2ccc(C3(c4ccc(Oc5ccc(N6C(=O)c7ccc(Oc8ccccc8Oc8ccc9c(c8)C(=O)N(*)C9=O)cc7C6=O)cc5C(F)(F)F)cc4)c4ccccc4-c4ccccc43)cc2)c(C(F)(F)F)c1,5,235.11205555883032
*c1ccc(Oc2ccc(C3(c4ccc(Oc5ccc(N6C(=O)c7ccc(Oc8ccccc8Oc8ccc9c(c8)C(=O)N(*)C9=O)cc7C6=O)cc5C(F)(F)F)cc4)c4ccccc4-c4ccccc43)cc2)c(C(F)(F)F)c1,6,234.5901940258989
*c1ccc(Oc2ccc(C3(c4ccc(Oc5ccc(N6C(=O)c7ccc(Oc8ccccc8Oc8ccc9c(c8)C(=O)N(*)C9=O)cc7C6=O)cc5C(F)(F)F)cc4)c4ccccc4-c4ccccc43)cc2)c(C(F)(F)F)c1,8,235.23962968857603
*CC(*)(Cl)C(=O)OCC,1,59.40141758778533
*CC(*)(Cl)C(=O)OCC,2,53.511330713570175
*CC(*)(Cl)C(=O)OCC,3,53.08320755874132
*CC(*)(Cl)C(=O)OCC,4,53.26469424910141
*CC(*)(Cl)C(=O)OCC,5,49.83414717264301
*CC(*)(Cl)C(=O)OCC,6,29.406489834249673
*CC(*)(Cl)C(=O)OCC,8,34.374557481730236
*c1ccc(Oc2ccc(C(=O)c3ccc(Oc4ccc(N5C(=O)c6ccc(-c7ccc8c(c7)C(=O)N(*)C8=O)cc6C5=O)cc4)cc3)cc2)cc1,1,251.3325910934874
*c1ccc(Oc2ccc(C(=O)c3ccc(Oc4ccc(N5C(=O)c6ccc(-c7ccc8c(c7)C(=O)N(*)C8=O)cc6C5=O)cc4)cc3)cc2)cc1,2,241.5521532281021
*c1ccc(Oc2ccc(C(=O)c3ccc(Oc4ccc(N5C(=O)c6ccc(-c7ccc8c(c7)C(=O)N(*)C8=O)cc6C5=O)cc4)cc3)cc2)cc1,3,230.00429576538178
*c1ccc(Oc2ccc(C(=O)c3ccc(Oc4ccc(N5C(=O)c6ccc(-c7ccc8c(c7)C(=O)N(*)C8=O)cc6C5=O)cc4)cc3)cc2)cc1,4,241.75232672844035
*c1ccc(Oc2ccc(C(=O)c3ccc(Oc4ccc(N5C(=O)c6ccc(-c7ccc8c(c7)C(=O)N(*)C8=O)cc6C5=O)cc4)cc3)cc2)cc1,5,243.02140333410537
*c1ccc(Oc2ccc(C(=O)c3ccc(Oc4ccc(N5C(=O)c6ccc(-c7ccc8c(c7)C(=O)N(*)C8=O)cc6C5=O)cc4)cc3)cc2)cc1,6,245.57468506885976
*c1ccc(Oc2ccc(C(=O)c3ccc(Oc4ccc(N5C(=O)c6ccc(-c7ccc8c(c7)C(=O)N(*)C8=O)cc6C5=O)cc4)cc3)cc2)cc1,8,247.63726353659317
*CC(COC(C)(C)C)O*,1,72.9400020185374
*CC(COC(C)(C)C)O*,2,38.96115593055227
*CC(COC(C)(C)C)O*,3,24.42438967242267
*CC(COC(C)(C)C)O*,4,10.326065853581648
*CC(COC(C)(C)C)O*,5,6.9508222929454675
*CC(COC(C)(C)C)O*,6,3.238030733549866
*CC(COC(C)(C)C)O*,8,-3.042490185221501
*CC(*)(C)C(=O)OC(C)C(C)(C)C,1,114.77043326170204
*CC(*)(C)C(=O)OC(C)C(C)(C)C,2,76.4750818502642
*CC(*)(C)C(=O)OC(C)C(C)(C)C,3,65.40388830290455
*CC(*)(C)C(=O)OC(C)C(C)(C)C,4,60.23813727354263
*CC(*)(C)C(=O)OC(C)C(C)(C)C,5,59.284856873487755
*CC(*)(C)C(=O)OC(C)C(C)(C)C,6,62.67377731871453
*CC(*)(C)C(=O)OC(C)C(C)(C)C,8,56.573663033527154
*Nc1cc(NC(=O)c2cc(OCCN(C)c3ccc(C#N)cc3)cc(C(*)=O)c2)cc(C(=O)OCCN(C)c2ccc(C#N)cc2)c1,1,171.76555063755092
*Nc1cc(NC(=O)c2cc(OCCN(C)c3ccc(C#N)cc3)cc(C(*)=O)c2)cc(C(=O)OCCN(C)c2ccc(C#N)cc2)c1,2,183.41773265984222
*Nc1cc(NC(=O)c2cc(OCCN(C)c3ccc(C#N)cc3)cc(C(*)=O)c2)cc(C(=O)OCCN(C)c2ccc(C#N)cc2)c1,3,179.40142265093206
*Nc1cc(NC(=O)c2cc(OCCN(C)c3ccc(C#N)cc3)cc(C(*)=O)c2)cc(C(=O)OCCN(C)c2ccc(C#N)cc2)c1,4,176.24279724170114
*Nc1cc(NC(=O)c2cc(OCCN(C)c3ccc(C#N)cc3)cc(C(*)=O)c2)cc(C(=O)OCCN(C)c2ccc(C#N)cc2)c1,5,176.99801214602905
*Nc1cc(NC(=O)c2cc(OCCN(C)c3ccc(C#N)cc3)cc(C(*)=O)c2)cc(C(=O)OCCN(C)c2ccc(C#N)cc2)c1,6,172.73138299284605
*Nc1cc(NC(=O)c2cc(OCCN(C)c3ccc(C#N)cc3)cc(C(*)=O)c2)cc(C(=O)OCCN(C)c2ccc(C#N)cc2)c1,8,170.20720049467522
*Oc1ccc(N=C(c2ccccc2)c2ccc(Oc3ccc(-c4ccc(Oc5ccc(C(=Nc6ccc(*)cc6)c6ccccc6)cc5)cc4)cc3)cc2)cc1,1,192.79151510139855
*Oc1ccc(N=C(c2ccccc2)c2ccc(Oc3ccc(-c4ccc(Oc5ccc(C(=Nc6ccc(*)cc6)c6ccccc6)cc5)cc4)cc3)cc2)cc1,2,219.15359233572406
*Oc1ccc(N=C(c2ccccc2)c2ccc(Oc3ccc(-c4ccc(Oc5ccc(C(=Nc6ccc(*)cc6)c6ccccc6)cc5)cc4)cc3)cc2)cc1,3,209.65661357212392
*Oc1ccc(N=C(c2ccccc2)c2ccc(Oc3ccc(-c4ccc(Oc5ccc(C(=Nc6ccc(*)cc6)c6ccccc6)cc5)cc4)cc3)cc2)cc1,4,203.0720492689409
*Oc1ccc(N=C(c2ccccc2)c2ccc(Oc3ccc(-c4ccc(Oc5ccc(C(=Nc6ccc(*)cc6)c6ccccc6)cc5)cc4)cc3)cc2)cc1,5,200.02780018937952
*Oc1ccc(N=C(c2ccccc2)c2ccc(Oc3ccc(-c4ccc(Oc5ccc(C(=Nc6ccc(*)cc6)c6ccccc6)cc5)cc4)cc3)cc2)cc1,6,203.28162728989784
*Oc1ccc(N=C(c2ccccc2)c2ccc(Oc3ccc(-c4ccc(Oc5ccc(C(=Nc6ccc(*)cc6)c6ccccc6)cc5)cc4)cc3)cc2)cc1,8,206.30833941030866
*C(=O)Nc1ccc(Oc2ccc(-c3ccc(Oc4ccc(NC(=O)c5ccc6c(c5)C(=O)N(c5ccc(Oc7ccc(S(=O)(=O)c8ccc(Oc9ccc(N%10C(=O)c%11ccc(*)cc%11C%10=O)cc9)cc8)cc7)cc5)C6=O)cc4)cc3)cc2)cc1,1,239.04358655983458
*C(=O)Nc1ccc(Oc2ccc(-c3ccc(Oc4ccc(NC(=O)c5ccc6c(c5)C(=O)N(c5ccc(Oc7ccc(S(=O)(=O)c8ccc(Oc9ccc(N%10C(=O)c%11ccc(*)cc%11C%10=O)cc9)cc8)cc7)cc5)C6=O)cc4)cc3)cc2)cc1,2,256.06057428231577
*C(=O)Nc1ccc(Oc2ccc(-c3ccc(Oc4ccc(NC(=O)c5ccc6c(c5)C(=O)N(c5ccc(Oc7ccc(S(=O)(=O)c8ccc(Oc9ccc(N%10C(=O)c%11ccc(*)cc%11C%10=O)cc9)cc8)cc7)cc5)C6=O)cc4)cc3)cc2)cc1,3,251.36826647741404
*C(=O)Nc1ccc(Oc2ccc(-c3ccc(Oc4ccc(NC(=O)c5ccc6c(c5)C(=O)N(c5ccc(Oc7ccc(S(=O)(=O)c8ccc(Oc9ccc(N%10C(=O)c%11ccc(*)cc%11C%10=O)cc9)cc8)cc7)cc5)C6=O)cc4)cc3)cc2)cc1,4,253.0923113242718
*C(=O)Nc1ccc(Oc2ccc(-c3ccc(Oc4ccc(NC(=O)c5ccc6c(c5)C(=O)N(c5ccc(Oc7ccc(S(=O)(=O)c8ccc(Oc9ccc(N%10C(=O)c%11ccc(*)cc%11C%10=O)cc9)cc8)cc7)cc5)C6=O)cc4)cc3)cc2)cc1,5,257.6232002001419
*C(=O)Nc1ccc(Oc2ccc(-c3ccc(Oc4ccc(NC(=O)c5ccc6c(c5)C(=O)N(c5ccc(Oc7ccc(S(=O)(=O)c8ccc(Oc9ccc(N%10C(=O)c%11ccc(*)cc%11C%10=O)cc9)cc8)cc7)cc5)C6=O)cc4)cc3)cc2)cc1,6,255.06026439268996
*C(=O)Nc1ccc(Oc2ccc(-c3ccc(Oc4ccc(NC(=O)c5ccc6c(c5)C(=O)N(c5ccc(Oc7ccc(S(=O)(=O)c8ccc(Oc9ccc(N%10C(=O)c%11ccc(*)cc%11C%10=O)cc9)cc8)cc7)cc5)C6=O)cc4)cc3)cc2)cc1,8,253.90053569153483
*OS(=O)(=O)c1cccc(S(=O)(=O)Oc2ccc(C(C)(C)c3ccc(*)cc3)cc2)c1,1,160.30642446667323
*OS(=O)(=O)c1cccc(S(=O)(=O)Oc2ccc(C(C)(C)c3ccc(*)cc3)cc2)c1,2,184.3553212331948
*OS(=O)(=O)c1cccc(S(=O)(=O)Oc2ccc(C(C)(C)c3ccc(*)cc3)cc2)c1,3,180.28510868557402
*OS(=O)(=O)c1cccc(S(=O)(=O)Oc2ccc(C(C)(C)c3ccc(*)cc3)cc2)c1,4,197.7412737796321
*OS(=O)(=O)c1cccc(S(=O)(=O)Oc2ccc(C(C)(C)c3ccc(*)cc3)cc2)c1,5,195.40456262944434
*OS(=O)(=O)c1cccc(S(=O)(=O)Oc2ccc(C(C)(C)c3ccc(*)cc3)cc2)c1,6,197.46983978682854
*OS(=O)(=O)c1cccc(S(=O)(=O)Oc2ccc(C(C)(C)c3ccc(*)cc3)cc2)c1,8,199.99609715359674
*c1ccc(S(=O)(=O)c2ccc(N3C(=O)C(C)C(SCCOCCSC4C(=O)N(c5ccc(S(=O)(=O)c6ccc(N7C(=O)CC(C)(SCCOCCSC8(C)CC(=O)N(*)C8=O)C7=O)cc6)cc5)C(=O)C4C)C3=O)cc2)cc1,1,160.01554432587707
*c1ccc(S(=O)(=O)c2ccc(N3C(=O)C(C)C(SCCOCCSC4C(=O)N(c5ccc(S(=O)(=O)c6ccc(N7C(=O)CC(C)(SCCOCCSC8(C)CC(=O)N(*)C8=O)C7=O)cc6)cc5)C(=O)C4C)C3=O)cc2)cc1,2,153.55793626647045
*c1ccc(S(=O)(=O)c2ccc(N3C(=O)C(C)C(SCCOCCSC4C(=O)N(c5ccc(S(=O)(=O)c6ccc(N7C(=O)CC(C)(SCCOCCSC8(C)CC(=O)N(*)C8=O)C7=O)cc6)cc5)C(=O)C4C)C3=O)cc2)cc1,3,151.66278082220407
*c1ccc(S(=O)(=O)c2ccc(N3C(=O)C(C)C(SCCOCCSC4C(=O)N(c5ccc(S(=O)(=O)c6ccc(N7C(=O)CC(C)(SCCOCCSC8(C)CC(=O)N(*)C8=O)C7=O)cc6)cc5)C(=O)C4C)C3=O)cc2)cc1,4,157.09998216666995
*c1ccc(S(=O)(=O)c2ccc(N3C(=O)C(C)C(SCCOCCSC4C(=O)N(c5ccc(S(=O)(=O)c6ccc(N7C(=O)CC(C)(SCCOCCSC8(C)CC(=O)N(*)C8=O)C7=O)cc6)cc5)C(=O)C4C)C3=O)cc2)cc1,5,159.66231626373408
*c1ccc(S(=O)(=O)c2ccc(N3C(=O)C(C)C(SCCOCCSC4C(=O)N(c5ccc(S(=O)(=O)c6ccc(N7C(=O)CC(C)(SCCOCCSC8(C)CC(=O)N(*)C8=O)C7=O)cc6)cc5)C(=O)C4C)C3=O)cc2)cc1,6,160.67904585876494
*c1ccc(S(=O)(=O)c2ccc(N3C(=O)C(C)C(SCCOCCSC4C(=O)N(c5ccc(S(=O)(=O)c6ccc(N7C(=O)CC(C)(SCCOCCSC8(C)CC(=O)N(*)C8=O)C7=O)cc6)cc5)C(=O)C4C)C3=O)cc2)cc1,8,158.48218645972815
*CCOC(=O)C1CCC(C(=O)O*)CC1,1,93.2745465968442
*CCOC(=O)C1CCC(C(=O)O*)CC1,2,81.87246818131501
*CCOC(=O)C1CCC(C(=O)O*)CC1,3,97.6715918443064
*CCOC(=O)C1CCC(C(=O)O*)CC1,4,103.68397403547226
*CCOC(=O)C1CCC(C(=O)O*)CC1,5,107.93346406668944
*CCOC(=O)C1CCC(C(=O)O*)CC1,6,111.49181413813163
*CCOC(=O)C1CCC(C(=O)O*)CC1,8,116.21981498045268
*C(Cl)=C(*)c1ccccc1,1,137.79850705509938
*C(Cl)=C(*)c1ccccc1,2,119.89760917937869
*C(Cl)=C(*)c1ccccc1,3,151.40532764671786
*C(Cl)=C(*)c1ccccc1,4,144.9389725231844
*C(Cl)=C(*)c1ccccc1,5,169.07208791747564
*C(Cl)=C(*)c1ccccc1,6,169.23323214573168
*C(Cl)=C(*)c1ccccc1,8,174.00394446462903
*Oc1ccc(C(=O)Nc2cc(NC(=O)c3ccc(*)cc3)cc(-c3nc4ccccc4[nH]3)c2)cc1,1,268.0752680740524
*Oc1ccc(C(=O)Nc2cc(NC(=O)c3ccc(*)cc3)cc(-c3nc4ccccc4[nH]3)c2)cc1,2,284.10696864392156
*Oc1ccc(C(=O)Nc2cc(NC(=O)c3ccc(*)cc3)cc(-c3nc4ccccc4[nH]3)c2)cc1,3,262.8095380697653
*Oc1ccc(C(=O)Nc2cc(NC(=O)c3ccc(*)cc3)cc(-c3nc4ccccc4[nH]3)c2)cc1,4,251.75685987972085
*Oc1ccc(C(=O)Nc2cc(NC(=O)c3ccc(*)cc3)cc(-c3nc4ccccc4[nH]3)c2)cc1,5,250.06384100323365
*Oc1ccc(C(=O)Nc2cc(NC(=O)c3ccc(*)cc3)cc(-c3nc4ccccc4[nH]3)c2)cc1,6,253.35194911369692
*Oc1ccc(C(=O)Nc2cc(NC(=O)c3ccc(*)cc3)cc(-c3nc4ccccc4[nH]3)c2)cc1,8,251.85656270009818
*c1ccc(OC(=O)c2cccc(C(=O)Oc3ccc(C4(*)NC(=O)c5ccccc54)cc3)c2)cc1,1,224.56784316731856
*c1ccc(OC(=O)c2cccc(C(=O)Oc3ccc(C4(*)NC(=O)c5ccccc54)cc3)c2)cc1,2,238.12821263211848
*c1ccc(OC(=O)c2cccc(C(=O)Oc3ccc(C4(*)NC(=O)c5ccccc54)cc3)c2)cc1,3,238.02449504985245
*c1ccc(OC(=O)c2cccc(C(=O)Oc3ccc(C4(*)NC(=O)c5ccccc54)cc3)c2)cc1,4,242.63934391783474
*c1ccc(OC(=O)c2cccc(C(=O)Oc3ccc(C4(*)NC(=O)c5ccccc54)cc3)c2)cc1,5,241.42185334853684
*c1ccc(OC(=O)c2cccc(C(=O)Oc3ccc(C4(*)NC(=O)c5ccccc54)cc3)c2)cc1,6,241.89229844782395
*c1ccc(OC(=O)c2cccc(C(=O)Oc3ccc(C4(*)NC(=O)c5ccccc54)cc3)c2)cc1,8,235.89569318000304
*CCC(C)CC(=O)O*,1,69.19164165521443
*CCC(C)CC(=O)O*,2,-3.1105068767684974
*CCC(C)CC(=O)O*,3,3.521275696810527
*CCC(C)CC(=O)O*,4,-7.006391092078519
*CCC(C)CC(=O)O*,5,-13.800273369885149
*CCC(C)CC(=O)O*,6,-13.526418518867901
*CCC(C)CC(=O)O*,8,-20.488033120901648
*CCCCCOC(=O)CCCCCCCCCCN1C(=O)c2ccc(-c3ccc(-c4ccc5c(c4)C(=O)N(CCCCCCCCCCC(=O)OCCCCCN4C(=O)c6ccc(-c7ccc8c(c7)C(=O)N(*)C8=O)cc6C4=O)C5=O)cc3)cc2C1=O,1,80.323760973652
*CCCCCOC(=O)CCCCCCCCCCN1C(=O)c2ccc(-c3ccc(-c4ccc5c(c4)C(=O)N(CCCCCCCCCCC(=O)OCCCCCN4C(=O)c6ccc(-c7ccc8c(c7)C(=O)N(*)C8=O)cc6C4=O)C5=O)cc3)cc2C1=O,2,73.9509355419294
*CCCCCOC(=O)CCCCCCCCCCN1C(=O)c2ccc(-c3ccc(-c4ccc5c(c4)C(=O)N(CCCCCCCCCCC(=O)OCCCCCN4C(=O)c6ccc(-c7ccc8c(c7)C(=O)N(*)C8=O)cc6C4=O)C5=O)cc3)cc2C1=O,3,79.8425277897378
*CCCCCOC(=O)CCCCCCCCCCN1C(=O)c2ccc(-c3ccc(-c4ccc5c(c4)C(=O)N(CCCCCCCCCCC(=O)OCCCCCN4C(=O)c6ccc(-c7ccc8c(c7)C(=O)N(*)C8=O)cc6C4=O)C5=O)cc3)cc2C1=O,4,79.2924012078852
*CCCCCOC(=O)CCCCCCCCCCN1C(=O)c2ccc(-c3ccc(-c4ccc5c(c4)C(=O)N(CCCCCCCCCCC(=O)OCCCCCN4C(=O)c6ccc(-c7ccc8c(c7)C(=O)N(*)C8=O)cc6C4=O)C5=O)cc3)cc2C1=O,5,81.50461951332984
*CCCCCOC(=O)CCCCCCCCCCN1C(=O)c2ccc(-c3ccc(-c4ccc5c(c4)C(=O)N(CCCCCCCCCCC(=O)OCCCCCN4C(=O)c6ccc(-c7ccc8c(c7)C(=O)N(*)C8=O)cc6C4=O)C5=O)cc3)cc2C1=O,6,83.29205789843918
*CCCCCOC(=O)CCCCCCCCCCN1C(=O)c2ccc(-c3ccc(-c4ccc5c(c4)C(=O)N(CCCCCCCCCCC(=O)OCCCCCN4C(=O)c6ccc(-c7ccc8c(c7)C(=O)N(*)C8=O)cc6C4=O)C5=O)cc3)cc2C1=O,8,84.59106280634231
*C(=O)Nc1ccc(Oc2ccc(NC(=O)c3ccc4c(c3)C(=O)N(c3ccc(Cc5ccc(N6C(=O)c7ccc(*)cc7C6=O)cc5)cc3)C4=O)cc2)cc1,1,222.38222553606553
*C(=O)Nc1ccc(Oc2ccc(NC(=O)c3ccc4c(c3)C(=O)N(c3ccc(Cc5ccc(N6C(=O)c7ccc(*)cc7C6=O)cc5)cc3)C4=O)cc2)cc1,2,249.27583724635036
*C(=O)Nc1ccc(Oc2ccc(NC(=O)c3ccc4c(c3)C(=O)N(c3ccc(Cc5ccc(N6C(=O)c7ccc(*)cc7C6=O)cc5)cc3)C4=O)cc2)cc1,3,244.61615706834107
*C(=O)Nc1ccc(Oc2ccc(NC(=O)c3ccc4c(c3)C(=O)N(c3ccc(Cc5ccc(N6C(=O)c7ccc(*)cc7C6=O)cc5)cc3)C4=O)cc2)cc1,4,230.05084514512285
*C(=O)Nc1ccc(Oc2ccc(NC(=O)c3ccc4c(c3)C(=O)N(c3ccc(Cc5ccc(N6C(=O)c7ccc(*)cc7C6=O)cc5)cc3)C4=O)cc2)cc1,5,233.70991771348483
*C(=O)Nc1ccc(Oc2ccc(NC(=O)c3ccc4c(c3)C(=O)N(c3ccc(Cc5ccc(N6C(=O)c7ccc(*)cc7C6=O)cc5)cc3)C4=O)cc2)cc1,6,232.4448765671972
*C(=O)Nc1ccc(Oc2ccc(NC(=O)c3ccc4c(c3)C(=O)N(c3ccc(Cc5ccc(N6C(=O)c7ccc(*)cc7C6=O)cc5)cc3)C4=O)cc2)cc1,8,232.96523212864383
*C(=O)Oc1ccc([Si](C)(c2ccccc2)c2ccc(OC(=O)c3ccc(*)s3)cc2)cc1,1,100.08615745890431
*C(=O)Oc1ccc([Si](C)(c2ccccc2)c2ccc(OC(=O)c3ccc(*)s3)cc2)cc1,2,119.10677113894135
*C(=O)Oc1ccc([Si](C)(c2ccccc2)c2ccc(OC(=O)c3ccc(*)s3)cc2)cc1,3,127.84868280798175
*C(=O)Oc1ccc([Si](C)(c2ccccc2)c2ccc(OC(=O)c3ccc(*)s3)cc2)cc1,4,140.6953676704992
*C(=O)Oc1ccc([Si](C)(c2ccccc2)c2ccc(OC(=O)c3ccc(*)s3)cc2)cc1,5,143.50206513491696
*C(=O)Oc1ccc([Si](C)(c2ccccc2)c2ccc(OC(=O)c3ccc(*)s3)cc2)cc1,6,146.4378663727148
*C(=O)Oc1ccc([Si](C)(c2ccccc2)c2ccc(OC(=O)c3ccc(*)s3)cc2)cc1,8,142.56196248686618
*c1ccc(CC(=O)Nc2ccc(-c3ccc(NC(=O)Cc4ccc(-c5sc(*)c(-c6ccccc6)c5-c5ccccc5)cc4)cc3)cc2)cc1,1,223.42634006973603
*c1ccc(CC(=O)Nc2ccc(-c3ccc(NC(=O)Cc4ccc(-c5sc(*)c(-c6ccccc6)c5-c5ccccc5)cc4)cc3)cc2)cc1,2,245.7521764944395
*c1ccc(CC(=O)Nc2ccc(-c3ccc(NC(=O)Cc4ccc(-c5sc(*)c(-c6ccccc6)c5-c5ccccc5)cc4)cc3)cc2)cc1,3,236.2456496901201
*c1ccc(CC(=O)Nc2ccc(-c3ccc(NC(=O)Cc4ccc(-c5sc(*)c(-c6ccccc6)c5-c5ccccc5)cc4)cc3)cc2)cc1,4,228.34916151323193
*c1ccc(CC(=O)Nc2ccc(-c3ccc(NC(=O)Cc4ccc(-c5sc(*)c(-c6ccccc6)c5-c5ccccc5)cc4)cc3)cc2)cc1,5,204.74960766470204
*c1ccc(CC(=O)Nc2ccc(-c3ccc(NC(=O)Cc4ccc(-c5sc(*)c(-c6ccccc6)c5-c5ccccc5)cc4)cc3)cc2)cc1,6,209.50227261722003
*c1ccc(CC(=O)Nc2ccc(-c3ccc(NC(=O)Cc4ccc(-c5sc(*)c(-c6ccccc6)c5-c5ccccc5)cc4)cc3)cc2)cc1,8,207.10112138158212
*c1ccc(Oc2ccc(S(=O)(=O)c3ccc(Oc4ccc(C5(*)OC(=O)c6ccccc65)cc4C)cc3)cc2)c(C)c1,1,249.90805379702655
*c1ccc(Oc2ccc(S(=O)(=O)c3ccc(Oc4ccc(C5(*)OC(=O)c6ccccc65)cc4C)cc3)cc2)c(C)c1,2,221.36138796857148
*c1ccc(Oc2ccc(S(=O)(=O)c3ccc(Oc4ccc(C5(*)OC(=O)c6ccccc65)cc4C)cc3)cc2)c(C)c1,3,216.59475810278465
*c1ccc(Oc2ccc(S(=O)(=O)c3ccc(Oc4ccc(C5(*)OC(=O)c6ccccc65)cc4C)cc3)cc2)c(C)c1,4,216.40539731614422
*c1ccc(Oc2ccc(S(=O)(=O)c3ccc(Oc4ccc(C5(*)OC(=O)c6ccccc65)cc4C)cc3)cc2)c(C)c1,5,222.24862071195562
*c1ccc(Oc2ccc(S(=O)(=O)c3ccc(Oc4ccc(C5(*)OC(=O)c6ccccc65)cc4C)cc3)cc2)c(C)c1,6,225.88290000768606
*c1ccc(Oc2ccc(S(=O)(=O)c3ccc(Oc4ccc(C5(*)OC(=O)c6ccccc65)cc4C)cc3)cc2)c(C)c1,8,228.07065959038596
*CC(*)(Cl)C(=O)OCCCCCCOc1ccc(C(=O)Oc2ccc(OCCCC)cc2)cc1,1,44.424893655546505
*CC(*)(Cl)C(=O)OCCCCCCOc1ccc(C(=O)Oc2ccc(OCCCC)cc2)cc1,2,47.463762959656705
*CC(*)(Cl)C(=O)OCCCCCCOc1ccc(C(=O)Oc2ccc(OCCCC)cc2)cc1,3,52.834380103437496
*CC(*)(Cl)C(=O)OCCCCCCOc1ccc(C(=O)Oc2ccc(OCCCC)cc2)cc1,4,56.499589826431624
*CC(*)(Cl)C(=O)OCCCCCCOc1ccc(C(=O)Oc2ccc(OCCCC)cc2)cc1,5,54.29865047703187
*CC(*)(Cl)C(=O)OCCCCCCOc1ccc(C(=O)Oc2ccc(OCCCC)cc2)cc1,6,58.015610226625604
*CC(*)(Cl)C(=O)OCCCCCCOc1ccc(C(=O)Oc2ccc(OCCCC)cc2)cc1,8,64.03858418957248
*CC(*)(C)C(=O)Oc1ccc(C(=O)Oc2ccc(Oc3ccccc3)cc2)cc1,1,125.82288023656446
*CC(*)(C)C(=O)Oc1ccc(C(=O)Oc2ccc(Oc3ccccc3)cc2)cc1,2,100.83252596739692
*CC(*)(C)C(=O)Oc1ccc(C(=O)Oc2ccc(Oc3ccccc3)cc2)cc1,3,113.34427732212676
*CC(*)(C)C(=O)Oc1ccc(C(=O)Oc2ccc(Oc3ccccc3)cc2)cc1,4,117.32883569787202
*CC(*)(C)C(=O)Oc1ccc(C(=O)Oc2ccc(Oc3ccccc3)cc2)cc1,5,111.6513242613702
*CC(*)(C)C(=O)Oc1ccc(C(=O)Oc2ccc(Oc3ccccc3)cc2)cc1,6,116.48230448300761
*CC(*)(C)C(=O)Oc1ccc(C(=O)Oc2ccc(Oc3ccccc3)cc2)cc1,8,120.37284405688904
*CCCCCCS(=O)(=O)c1ccc(N=Nc2ccc(N(C)CCCCCC(=O)O*)cc2)cc1,1,83.50899634013587
*CCCCCCS(=O)(=O)c1ccc(N=Nc2ccc(N(C)CCCCCC(=O)O*)cc2)cc1,2,74.36875933738688
*CCCCCCS(=O)(=O)c1ccc(N=Nc2ccc(N(C)CCCCCC(=O)O*)cc2)cc1,3,66.91941694045111
*CCCCCCS(=O)(=O)c1ccc(N=Nc2ccc(N(C)CCCCCC(=O)O*)cc2)cc1,4,63.187138555996924
*CCCCCCS(=O)(=O)c1ccc(N=Nc2ccc(N(C)CCCCCC(=O)O*)cc2)cc1,5,63.98081936890932
*CCCCCCS(=O)(=O)c1ccc(N=Nc2ccc(N(C)CCCCCC(=O)O*)cc2)cc1,6,65.91886536515474
*CCCCCCS(=O)(=O)c1ccc(N=Nc2ccc(N(C)CCCCCC(=O)O*)cc2)cc1,8,65.14825693671376
*C=Cc1cc(OCCCCCCCCCCCC)c(*)cc1OC,1,28.120606421229436
*C=Cc1cc(OCCCCCCCCCCCC)c(*)cc1OC,2,79.67466423337463
*C=Cc1cc(OCCCCCCCCCCCC)c(*)cc1OC,3,81.94318115488389
*C=Cc1cc(OCCCCCCCCCCCC)c(*)cc1OC,4,72.31150888800218
*C=Cc1cc(OCCCCCCCCCCCC)c(*)cc1OC,5,74.06446432177748
*C=Cc1cc(OCCCCCCCCCCCC)c(*)cc1OC,6,73.52192849490349
*C=Cc1cc(OCCCCCCCCCCCC)c(*)cc1OC,8,73.2699269468739
*Oc1cccc(C(=O)Nc2ccc(-c3ccc(NC(=O)c4cccc(Oc5nc(*)nc(Sc6ccccc6)n5)c4)cc3)cc2)c1,1,250.58553984269093
*Oc1cccc(C(=O)Nc2ccc(-c3ccc(NC(=O)c4cccc(Oc5nc(*)nc(Sc6ccccc6)n5)c4)cc3)cc2)c1,2,237.4761417335354
*Oc1cccc(C(=O)Nc2ccc(-c3ccc(NC(=O)c4cccc(Oc5nc(*)nc(Sc6ccccc6)n5)c4)cc3)cc2)c1,3,206.71955602232075
*Oc1cccc(C(=O)Nc2ccc(-c3ccc(NC(=O)c4cccc(Oc5nc(*)nc(Sc6ccccc6)n5)c4)cc3)cc2)c1,4,206.4333154906065
*Oc1cccc(C(=O)Nc2ccc(-c3ccc(NC(=O)c4cccc(Oc5nc(*)nc(Sc6ccccc6)n5)c4)cc3)cc2)c1,5,208.91730707390835
*Oc1cccc(C(=O)Nc2ccc(-c3ccc(NC(=O)c4cccc(Oc5nc(*)nc(Sc6ccccc6)n5)c4)cc3)cc2)c1,6,207.64582506828478
*Oc1cccc(C(=O)Nc2ccc(-c3ccc(NC(=O)c4cccc(Oc5nc(*)nc(Sc6ccccc6)n5)c4)cc3)cc2)c1,8,203.87202621278718
*Oc1ccc(C(=O)Nc2ccc(C(c3ccc(NC(=O)c4ccc(OC(=O)c5cccc(C(*)=O)c5)cc4)cc3)(C(F)(F)F)C(F)(F)F)cc2)cc1,1,244.76588579707632
*Oc1ccc(C(=O)Nc2ccc(C(c3ccc(NC(=O)c4ccc(OC(=O)c5cccc(C(*)=O)c5)cc4)cc3)(C(F)(F)F)C(F)(F)F)cc2)cc1,2,232.95229225512682
*Oc1ccc(C(=O)Nc2ccc(C(c3ccc(NC(=O)c4ccc(OC(=O)c5cccc(C(*)=O)c5)cc4)cc3)(C(F)(F)F)C(F)(F)F)cc2)cc1,3,233.39330048016473
*Oc1ccc(C(=O)Nc2ccc(C(c3ccc(NC(=O)c4ccc(OC(=O)c5cccc(C(*)=O)c5)cc4)cc3)(C(F)(F)F)C(F)(F)F)cc2)cc1,4,230.29463721263218
*Oc1ccc(C(=O)Nc2ccc(C(c3ccc(NC(=O)c4ccc(OC(=O)c5cccc(C(*)=O)c5)cc4)cc3)(C(F)(F)F)C(F)(F)F)cc2)cc1,5,232.82918737532486
*Oc1ccc(C(=O)Nc2ccc(C(c3ccc(NC(=O)c4ccc(OC(=O)c5cccc(C(*)=O)c5)cc4)cc3)(C(F)(F)F)C(F)(F)F)cc2)cc1,6,233.26304487756948
*Oc1ccc(C(=O)Nc2ccc(C(c3ccc(NC(=O)c4ccc(OC(=O)c5cccc(C(*)=O)c5)cc4)cc3)(C(F)(F)F)C(F)(F)F)cc2)cc1,8,231.69451234503754
*CC(*)C(=O)OCC(F)(F)C(F)(F)C(F)(F)C(F)(F)F,1,-1.675458041522499
*CC(*)C(=O)OCC(F)(F)C(F)(F)C(F)(F)C(F)(F)F,2,14.369301620492687
*CC(*)C(=O)OCC(F)(F)C(F)(F)C(F)(F)C(F)(F)F,3,37.81873070238064
*CC(*)C(=O)OCC(F)(F)C(F)(F)C(F)(F)C(F)(F)F,4,36.046357674629256
*CC(*)C(=O)OCC(F)(F)C(F)(F)C(F)(F)C(F)(F)F,5,28.191387467126372
*CC(*)C(=O)OCC(F)(F)C(F)(F)C(F)(F)C(F)(F)F,6,36.56448925310615
*CC(*)C(=O)OCC(F)(F)C(F)(F)C(F)(F)C(F)(F)F,8,34.27040420029581
*CC(*)(C)C(=O)OCC(C)O,1,31.718193780728267
*CC(*)(C)C(=O)OCC(C)O,2,45.53665235332489
*CC(*)(C)C(=O)OCC(C)O,3,40.23991989893547
*CC(*)(C)C(=O)OCC(C)O,4,47.80296751501606
*CC(*)(C)C(=O)OCC(C)O,5,34.850614394276846
*CC(*)(C)C(=O)OCC(C)O,6,33.35837613673109
*CC(*)(C)C(=O)OCC(C)O,8,33.43776150896636
*C(=O)Nc1ccc(Oc2ccccc2-c2ccccc2Oc2ccc(NC(=O)c3ccc4c(c3)C(=O)N(c3ccc(Oc5cccc(Oc6ccc(N7C(=O)c8ccc(*)cc8C7=O)cc6)c5)cc3)C4=O)cc2)cc1,1,219.2227432862189
*C(=O)Nc1ccc(Oc2ccccc2-c2ccccc2Oc2ccc(NC(=O)c3ccc4c(c3)C(=O)N(c3ccc(Oc5cccc(Oc6ccc(N7C(=O)c8ccc(*)cc8C7=O)cc6)c5)cc3)C4=O)cc2)cc1,2,237.48169712987846
*C(=O)Nc1ccc(Oc2ccccc2-c2ccccc2Oc2ccc(NC(=O)c3ccc4c(c3)C(=O)N(c3ccc(Oc5cccc(Oc6ccc(N7C(=O)c8ccc(*)cc8C7=O)cc6)c5)cc3)C4=O)cc2)cc1,3,234.94083975931593
*C(=O)Nc1ccc(Oc2ccccc2-c2ccccc2Oc2ccc(NC(=O)c3ccc4c(c3)C(=O)N(c3ccc(Oc5cccc(Oc6ccc(N7C(=O)c8ccc(*)cc8C7=O)cc6)c5)cc3)C4=O)cc2)cc1,4,239.4766697804785
*C(=O)Nc1ccc(Oc2ccccc2-c2ccccc2Oc2ccc(NC(=O)c3ccc4c(c3)C(=O)N(c3ccc(Oc5cccc(Oc6ccc(N7C(=O)c8ccc(*)cc8C7=O)cc6)c5)cc3)C4=O)cc2)cc1,5,241.14265591509118
*C(=O)Nc1ccc(Oc2ccccc2-c2ccccc2Oc2ccc(NC(=O)c3ccc4c(c3)C(=O)N(c3ccc(Oc5cccc(Oc6ccc(N7C(=O)c8ccc(*)cc8C7=O)cc6)c5)cc3)C4=O)cc2)cc1,6,239.70362843447916
*C(=O)Nc1ccc(Oc2ccccc2-c2ccccc2Oc2ccc(NC(=O)c3ccc4c(c3)C(=O)N(c3ccc(Oc5cccc(Oc6ccc(N7C(=O)c8ccc(*)cc8C7=O)cc6)c5)cc3)C4=O)cc2)cc1,8,239.5682209526141
*O[Si](C)(C)c1cc(OCCO)c([Si](*)(C)C)cc1OCCO,1,76.54519533287875
*O[Si](C)(C)c1cc(OCCO)c([Si](*)(C)C)cc1OCCO,2,71.85659809030227
*O[Si](C)(C)c1cc(OCCO)c([Si](*)(C)C)cc1OCCO,3,53.108410330980064
*O[Si](C)(C)c1cc(OCCO)c([Si](*)(C)C)cc1OCCO,4,51.69939341009227
*O[Si](C)(C)c1cc(OCCO)c([Si](*)(C)C)cc1OCCO,5,62.803262944366175
*O[Si](C)(C)c1cc(OCCO)c([Si](*)(C)C)cc1OCCO,6,71.0610186327967
*O[Si](C)(C)c1cc(OCCO)c([Si](*)(C)C)cc1OCCO,8,68.5348418159934
*CCCCNC(=O)Cc1ccc(C(=O)N*)cc1,1,105.60884817973044
*CCCCNC(=O)Cc1ccc(C(=O)N*)cc1,2,117.56980806277697
*CCCCNC(=O)Cc1ccc(C(=O)N*)cc1,3,116.23691030174136
*CCCCNC(=O)Cc1ccc(C(=O)N*)cc1,4,117.05391240690217
*CCCCNC(=O)Cc1ccc(C(=O)N*)cc1,5,103.32271572000312
*CCCCNC(=O)Cc1ccc(C(=O)N*)cc1,6,99.42943276248987
*CCCCNC(=O)Cc1ccc(C(=O)N*)cc1,8,97.03541453392683
*Oc1ccc(-c2ccc(Oc3ccc(*)cc3)c3ccccc23)c2ccccc12,1,284.21011238227186
*Oc1ccc(-c2ccc(Oc3ccc(*)cc3)c3ccccc23)c2ccccc12,2,265.78485723991855
*Oc1ccc(-c2ccc(Oc3ccc(*)cc3)c3ccccc23)c2ccccc12,3,274.88317113678534
*Oc1ccc(-c2ccc(Oc3ccc(*)cc3)c3ccccc23)c2ccccc12,4,263.95684853832125
*Oc1ccc(-c2ccc(Oc3ccc(*)cc3)c3ccccc23)c2ccccc12,5,270.1846787908779
*Oc1ccc(-c2ccc(Oc3ccc(*)cc3)c3ccccc23)c2ccccc12,6,267.18731381457997
*Oc1ccc(-c2ccc(Oc3ccc(*)cc3)c3ccccc23)c2ccccc12,8,270.70351396921427
*c1ccc(Oc2ccc(C(=O)c3ccc(Oc4ccc(-c5c6c(c(*)c7ccccc57)C(=O)N(c5ccc(Cl)cc5)C6=O)cc4)cc3)cc2)cc1,1,242.0799857302655
*c1ccc(Oc2ccc(C(=O)c3ccc(Oc4ccc(-c5c6c(c(*)c7ccccc57)C(=O)N(c5ccc(Cl)cc5)C6=O)cc4)cc3)cc2)cc1,2,276.69684552348576
*c1ccc(Oc2ccc(C(=O)c3ccc(Oc4ccc(-c5c6c(c(*)c7ccccc57)C(=O)N(c5ccc(Cl)cc5)C6=O)cc4)cc3)cc2)cc1,3,258.508790577239
*c1ccc(Oc2ccc(C(=O)c3ccc(Oc4ccc(-c5c6c(c(*)c7ccccc57)C(=O)N(c5ccc(Cl)cc5)C6=O)cc4)cc3)cc2)cc1,4,252.6050977233615
*c1ccc(Oc2ccc(C(=O)c3ccc(Oc4ccc(-c5c6c(c(*)c7ccccc57)C(=O)N(c5ccc(Cl)cc5)C6=O)cc4)cc3)cc2)cc1,5,260.1564648059301
*c1ccc(Oc2ccc(C(=O)c3ccc(Oc4ccc(-c5c6c(c(*)c7ccccc57)C(=O)N(c5ccc(Cl)cc5)C6=O)cc4)cc3)cc2)cc1,6,254.48375031943223
*c1ccc(Oc2ccc(C(=O)c3ccc(Oc4ccc(-c5c6c(c(*)c7ccccc57)C(=O)N(c5ccc(Cl)cc5)C6=O)cc4)cc3)cc2)cc1,8,249.86406108903765
*C(=O)Nc1ccc(-c2ccc(NC(=O)c3ccc4c(c3)C(=O)N(c3c(C)cc(C)c(N5C(=O)c6ccc(*)cc6C5=O)c3C)C4=O)cc2C(F)(F)F)c(C(F)(F)F)c1,1,251.14148827673796
*C(=O)Nc1ccc(-c2ccc(NC(=O)c3ccc4c(c3)C(=O)N(c3c(C)cc(C)c(N5C(=O)c6ccc(*)cc6C5=O)c3C)C4=O)cc2C(F)(F)F)c(C(F)(F)F)c1,2,258.33153271644505
*C(=O)Nc1ccc(-c2ccc(NC(=O)c3ccc4c(c3)C(=O)N(c3c(C)cc(C)c(N5C(=O)c6ccc(*)cc6C5=O)c3C)C4=O)cc2C(F)(F)F)c(C(F)(F)F)c1,3,259.9329154273295
*C(=O)Nc1ccc(-c2ccc(NC(=O)c3ccc4c(c3)C(=O)N(c3c(C)cc(C)c(N5C(=O)c6ccc(*)cc6C5=O)c3C)C4=O)cc2C(F)(F)F)c(C(F)(F)F)c1,4,267.88464764552015
*C(=O)Nc1ccc(-c2ccc(NC(=O)c3ccc4c(c3)C(=O)N(c3c(C)cc(C)c(N5C(=O)c6ccc(*)cc6C5=O)c3C)C4=O)cc2C(F)(F)F)c(C(F)(F)F)c1,5,265.51854258769004
*C(=O)Nc1ccc(-c2ccc(NC(=O)c3ccc4c(c3)C(=O)N(c3c(C)cc(C)c(N5C(=O)c6ccc(*)cc6C5=O)c3C)C4=O)cc2C(F)(F)F)c(C(F)(F)F)c1,6,265.1807447032902
*C(=O)Nc1ccc(-c2ccc(NC(=O)c3ccc4c(c3)C(=O)N(c3c(C)cc(C)c(N5C(=O)c6ccc(*)cc6C5=O)c3C)C4=O)cc2C(F)(F)F)c(C(F)(F)F)c1,8,270.19215556385484
*Oc1ccc(C2(c3ccc(OC(*)=O)cc3)c3ccccc3-c3ccccc32)cc1,1,282.5438167252227
*Oc1ccc(C2(c3ccc(OC(*)=O)cc3)c3ccccc3-c3ccccc32)cc1,2,272.8591675610184
*Oc1ccc(C2(c3ccc(OC(*)=O)cc3)c3ccccc3-c3ccccc32)cc1,3,291.1613674198158
*Oc1ccc(C2(c3ccc(OC(*)=O)cc3)c3ccccc3-c3ccccc32)cc1,4,278.65568020193757
*Oc1ccc(C2(c3ccc(OC(*)=O)cc3)c3ccccc3-c3ccccc32)cc1,5,277.2675484250002
*Oc1ccc(C2(c3ccc(OC(*)=O)cc3)c3ccccc3-c3ccccc32)cc1,6,269.03989256675544
*Oc1ccc(C2(c3ccc(OC(*)=O)cc3)c3ccccc3-c3ccccc32)cc1,8,268.741918192909
*Oc1ccc(OC(=O)c2cc(OCCCCCCCCCCC(F)(F)C(F)(F)C(F)(F)C(F)(F)C(F)(F)C(F)(F)C(F)(F)C(F)(F)C(F)(F)C(F)(F)F)cc(C(*)=O)c2)cc1,1,93.17888153284999
*Oc1ccc(OC(=O)c2cc(OCCCCCCCCCCC(F)(F)C(F)(F)C(F)(F)C(F)(F)C(F)(F)C(F)(F)C(F)(F)C(F)(F)C(F)(F)C(F)(F)F)cc(C(*)=O)c2)cc1,2,82.6112156104345
*Oc1ccc(OC(=O)c2cc(OCCCCCCCCCCC(F)(F)C(F)(F)C(F)(F)C(F)(F)C(F)(F)C(F)(F)C(F)(F)C(F)(F)C(F)(F)C(F)(F)F)cc(C(*)=O)c2)cc1,3,92.22787565386514
*Oc1ccc(OC(=O)c2cc(OCCCCCCCCCCC(F)(F)C(F)(F)C(F)(F)C(F)(F)C(F)(F)C(F)(F)C(F)(F)C(F)(F)C(F)(F)C(F)(F)F)cc(C(*)=O)c2)cc1,4,82.58332527892242
*Oc1ccc(OC(=O)c2cc(OCCCCCCCCCCC(F)(F)C(F)(F)C(F)(F)C(F)(F)C(F)(F)C(F)(F)C(F)(F)C(F)(F)C(F)(F)C(F)(F)F)cc(C(*)=O)c2)cc1,5,86.87467687694127
*Oc1ccc(OC(=O)c2cc(OCCCCCCCCCCC(F)(F)C(F)(F)C(F)(F)C(F)(F)C(F)(F)C(F)(F)C(F)(F)C(F)(F)C(F)(F)C(F)(F)F)cc(C(*)=O)c2)cc1,6,92.8220797607297
*Oc1ccc(OC(=O)c2cc(OCCCCCCCCCCC(F)(F)C(F)(F)C(F)(F)C(F)(F)C(F)(F)C(F)(F)C(F)(F)C(F)(F)C(F)(F)C(F)(F)F)cc(C(*)=O)c2)cc1,8,95.39111366192438
*C(=O)Oc1ccc(C2(c3ccc(OC(=O)c4ccc5c(c4)C(=O)N(c4ccc(-c6ccc(N7C(=O)c8ccc(*)cc8C7=O)cc6C)c(C)c4)C5=O)cc3)CCC(C(C)(C)C)CC2)cc1,1,219.83498691521172
*C(=O)Oc1ccc(C2(c3ccc(OC(=O)c4ccc5c(c4)C(=O)N(c4ccc(-c6ccc(N7C(=O)c8ccc(*)cc8C7=O)cc6C)c(C)c4)C5=O)cc3)CCC(C(C)(C)C)CC2)cc1,2,235.12352091594934
*C(=O)Oc1ccc(C2(c3ccc(OC(=O)c4ccc5c(c4)C(=O)N(c4ccc(-c6ccc(N7C(=O)c8ccc(*)cc8C7=O)cc6C)c(C)c4)C5=O)cc3)CCC(C(C)(C)C)CC2)cc1,3,245.44056237767884
*C(=O)Oc1ccc(C2(c3ccc(OC(=O)c4ccc5c(c4)C(=O)N(c4ccc(-c6ccc(N7C(=O)c8ccc(*)cc8C7=O)cc6C)c(C)c4)C5=O)cc3)CCC(C(C)(C)C)CC2)cc1,4,246.7454461849396
*C(=O)Oc1ccc(C2(c3ccc(OC(=O)c4ccc5c(c4)C(=O)N(c4ccc(-c6ccc(N7C(=O)c8ccc(*)cc8C7=O)cc6C)c(C)c4)C5=O)cc3)CCC(C(C)(C)C)CC2)cc1,5,254.07189347795943
*C(=O)Oc1ccc(C2(c3ccc(OC(=O)c4ccc5c(c4)C(=O)N(c4ccc(-c6ccc(N7C(=O)c8ccc(*)cc8C7=O)cc6C)c(C)c4)C5=O)cc3)CCC(C(C)(C)C)CC2)cc1,6,256.84446467902376
*C(=O)Oc1ccc(C2(c3ccc(OC(=O)c4ccc5c(c4)C(=O)N(c4ccc(-c6ccc(N7C(=O)c8ccc(*)cc8C7=O)cc6C)c(C)c4)C5=O)cc3)CCC(C(C)(C)C)CC2)cc1,8,259.9805009490891
*c1ccc(Oc2ccc(C(=O)c3cccc(C(=O)c4ccc(Oc5ccc(-c6c7c(c(*)c8ccccc68)C(=O)N(CCCCCCCCCCCC)C7=O)cc5)cc4)c3)cc2)cc1,1,126.09018619959862
*c1ccc(Oc2ccc(C(=O)c3cccc(C(=O)c4ccc(Oc5ccc(-c6c7c(c(*)c8ccccc68)C(=O)N(CCCCCCCCCCCC)C7=O)cc5)cc4)c3)cc2)cc1,2,136.79611772638097
*c1ccc(Oc2ccc(C(=O)c3cccc(C(=O)c4ccc(Oc5ccc(-c6c7c(c(*)c8ccccc68)C(=O)N(CCCCCCCCCCCC)C7=O)cc5)cc4)c3)cc2)cc1,3,119.99227471750473
*c1ccc(Oc2ccc(C(=O)c3cccc(C(=O)c4ccc(Oc5ccc(-c6c7c(c(*)c8ccccc68)C(=O)N(CCCCCCCCCCCC)C7=O)cc5)cc4)c3)cc2)cc1,4,120.53156336849811
*c1ccc(Oc2ccc(C(=O)c3cccc(C(=O)c4ccc(Oc5ccc(-c6c7c(c(*)c8ccccc68)C(=O)N(CCCCCCCCCCCC)C7=O)cc5)cc4)c3)cc2)cc1,5,124.68204827456806
*c1ccc(Oc2ccc(C(=O)c3cccc(C(=O)c4ccc(Oc5ccc(-c6c7c(c(*)c8ccccc68)C(=O)N(CCCCCCCCCCCC)C7=O)cc5)cc4)c3)cc2)cc1,6,125.77443824866327
*c1ccc(Oc2ccc(C(=O)c3cccc(C(=O)c4ccc(Oc5ccc(-c6c7c(c(*)c8ccccc68)C(=O)N(CCCCCCCCCCCC)C7=O)cc5)cc4)c3)cc2)cc1,8,124.62371986571708
*c1cc(N=Cc2ccc(F)cc2)c(O)c(*)c1C,1,154.76376149191
*c1cc(N=Cc2ccc(F)cc2)c(O)c(*)c1C,2,211.94957632325142
*c1cc(N=Cc2ccc(F)cc2)c(O)c(*)c1C,3,252.39786223869237
*c1cc(N=Cc2ccc(F)cc2)c(O)c(*)c1C,4,246.49616935874946
*c1cc(N=Cc2ccc(F)cc2)c(O)c(*)c1C,5,254.20012800559283
*c1cc(N=Cc2ccc(F)cc2)c(O)c(*)c1C,6,271.4766747227383
*c1cc(N=Cc2ccc(F)cc2)c(O)c(*)c1C,8,273.9973102393759
*c1ccc(Oc2ccc(C(C)(C)c3ccc(Oc4ccc(-c5nnc(*)c6c(-c7ccc(F)cc7)c(-c7ccc(F)cc7)c(-c7ccc(F)cc7)c(-c7ccc(F)cc7)c56)cc4)cc3)cc2)cc1,1,264.9119539820149
*c1ccc(Oc2ccc(C(C)(C)c3ccc(Oc4ccc(-c5nnc(*)c6c(-c7ccc(F)cc7)c(-c7ccc(F)cc7)c(-c7ccc(F)cc7)c(-c7ccc(F)cc7)c56)cc4)cc3)cc2)cc1,2,267.67814744312057
*c1ccc(Oc2ccc(C(C)(C)c3ccc(Oc4ccc(-c5nnc(*)c6c(-c7ccc(F)cc7)c(-c7ccc(F)cc7)c(-c7ccc(F)cc7)c(-c7ccc(F)cc7)c56)cc4)cc3)cc2)cc1,3,265.74027890298805
*c1ccc(Oc2ccc(C(C)(C)c3ccc(Oc4ccc(-c5nnc(*)c6c(-c7ccc(F)cc7)c(-c7ccc(F)cc7)c(-c7ccc(F)cc7)c(-c7ccc(F)cc7)c56)cc4)cc3)cc2)cc1,4,255.48556463447358
*c1ccc(Oc2ccc(C(C)(C)c3ccc(Oc4ccc(-c5nnc(*)c6c(-c7ccc(F)cc7)c(-c7ccc(F)cc7)c(-c7ccc(F)cc7)c(-c7ccc(F)cc7)c56)cc4)cc3)cc2)cc1,5,244.43210046974022
*c1ccc(Oc2ccc(C(C)(C)c3ccc(Oc4ccc(-c5nnc(*)c6c(-c7ccc(F)cc7)c(-c7ccc(F)cc7)c(-c7ccc(F)cc7)c(-c7ccc(F)cc7)c56)cc4)cc3)cc2)cc1,6,244.54341687376896
*c1ccc(Oc2ccc(C(C)(C)c3ccc(Oc4ccc(-c5nnc(*)c6c(-c7ccc(F)cc7)c(-c7ccc(F)cc7)c(-c7ccc(F)cc7)c(-c7ccc(F)cc7)c56)cc4)cc3)cc2)cc1,8,246.62002067477485
*CC(*)(C)C(=O)OCCCCCCOc1ccc(N=Nc2ccc([N+](=O)[O-])cc2)cc1,1,49.10278234354342
*CC(*)(C)C(=O)OCCCCCCOc1ccc(N=Nc2ccc([N+](=O)[O-])cc2)cc1,2,45.20431385940234
*CC(*)(C)C(=O)OCCCCCCOc1ccc(N=Nc2ccc([N+](=O)[O-])cc2)cc1,3,57.47926899589471
*CC(*)(C)C(=O)OCCCCCCOc1ccc(N=Nc2ccc([N+](=O)[O-])cc2)cc1,4,60.99904015675338
*CC(*)(C)C(=O)OCCCCCCOc1ccc(N=Nc2ccc([N+](=O)[O-])cc2)cc1,5,46.24349267951446
*CC(*)(C)C(=O)OCCCCCCOc1ccc(N=Nc2ccc([N+](=O)[O-])cc2)cc1,6,49.01329398862916
*CC(*)(C)C(=O)OCCCCCCOc1ccc(N=Nc2ccc([N+](=O)[O-])cc2)cc1,8,55.07859662107223
*c1ccc(CC(=O)Nc2ccc(Cc3ccc(NC(=O)Cc4ccc(-c5sc(*)c(-c6ccccc6)c5-c5ccccc5)cc4)cc3)cc2)cc1,1,213.13883323794408
*c1ccc(CC(=O)Nc2ccc(Cc3ccc(NC(=O)Cc4ccc(-c5sc(*)c(-c6ccccc6)c5-c5ccccc5)cc4)cc3)cc2)cc1,2,209.91115180050045
*c1ccc(CC(=O)Nc2ccc(Cc3ccc(NC(=O)Cc4ccc(-c5sc(*)c(-c6ccccc6)c5-c5ccccc5)cc4)cc3)cc2)cc1,3,201.0878982875714
*c1ccc(CC(=O)Nc2ccc(Cc3ccc(NC(=O)Cc4ccc(-c5sc(*)c(-c6ccccc6)c5-c5ccccc5)cc4)cc3)cc2)cc1,4,191.0992600596503
*c1ccc(CC(=O)Nc2ccc(Cc3ccc(NC(=O)Cc4ccc(-c5sc(*)c(-c6ccccc6)c5-c5ccccc5)cc4)cc3)cc2)cc1,5,190.74480661813504
*c1ccc(CC(=O)Nc2ccc(Cc3ccc(NC(=O)Cc4ccc(-c5sc(*)c(-c6ccccc6)c5-c5ccccc5)cc4)cc3)cc2)cc1,6,193.0119510218962
*c1ccc(CC(=O)Nc2ccc(Cc3ccc(NC(=O)Cc4ccc(-c5sc(*)c(-c6ccccc6)c5-c5ccccc5)cc4)cc3)cc2)cc1,8,189.65208969438027
*Oc1ccc(C(C)(C)c2ccc(OC(=O)OCCN(CCOC(*)=O)c3ccc4[nH]c5ccccc5c4c3)cc2)cc1,1,140.30500292191678
*Oc1ccc(C(C)(C)c2ccc(OC(=O)OCCN(CCOC(*)=O)c3ccc4[nH]c5ccccc5c4c3)cc2)cc1,2,133.52427120240552
*Oc1ccc(C(C)(C)c2ccc(OC(=O)OCCN(CCOC(*)=O)c3ccc4[nH]c5ccccc5c4c3)cc2)cc1,3,154.66747531553523
*Oc1ccc(C(C)(C)c2ccc(OC(=O)OCCN(CCOC(*)=O)c3ccc4[nH]c5ccccc5c4c3)cc2)cc1,4,160.33820529639488
*Oc1ccc(C(C)(C)c2ccc(OC(=O)OCCN(CCOC(*)=O)c3ccc4[nH]c5ccccc5c4c3)cc2)cc1,5,162.8768353777229
*Oc1ccc(C(C)(C)c2ccc(OC(=O)OCCN(CCOC(*)=O)c3ccc4[nH]c5ccccc5c4c3)cc2)cc1,6,156.09294985662672
*Oc1ccc(C(C)(C)c2ccc(OC(=O)OCCN(CCOC(*)=O)c3ccc4[nH]c5ccccc5c4c3)cc2)cc1,8,159.78604068704087
*COC(=O)Nc1ccc(Cc2ccc(NC(=O)OCc3cocc3*)cc2)cc1,1,139.45087404325528
*COC(=O)Nc1ccc(Cc2ccc(NC(=O)OCc3cocc3*)cc2)cc1,2,123.29958495026298
*COC(=O)Nc1ccc(Cc2ccc(NC(=O)OCc3cocc3*)cc2)cc1,3,122.04459624141053
*COC(=O)Nc1ccc(Cc2ccc(NC(=O)OCc3cocc3*)cc2)cc1,4,122.25733873837939
*COC(=O)Nc1ccc(Cc2ccc(NC(=O)OCc3cocc3*)cc2)cc1,5,124.72772408152845
*COC(=O)Nc1ccc(Cc2ccc(NC(=O)OCc3cocc3*)cc2)cc1,6,128.5042810891235
*COC(=O)Nc1ccc(Cc2ccc(NC(=O)OCc3cocc3*)cc2)cc1,8,133.93758319192654
*OC(CCCCC)CC(*)=O,1,13.233779636809658
*OC(CCCCC)CC(*)=O,2,4.985929617495098
*OC(CCCCC)CC(*)=O,3,-3.6381497199665644
*OC(CCCCC)CC(*)=O,4,4.525422456406159
*OC(CCCCC)CC(*)=O,5,14.146836278253094
*OC(CCCCC)CC(*)=O,6,9.426134380442171
*OC(CCCCC)CC(*)=O,8,1.3159169539853408
*Oc1ccc(C(=O)c2cccc(C(=O)c3ccc(*)c(C(C)C)c3)c2)cc1CC,1,165.40459338065267
*Oc1ccc(C(=O)c2cccc(C(=O)c3ccc(*)c(C(C)C)c3)c2)cc1CC,2,186.74280251063627
*Oc1ccc(C(=O)c2cccc(C(=O)c3ccc(*)c(C(C)C)c3)c2)cc1CC,3,201.64292966787298
*Oc1ccc(C(=O)c2cccc(C(=O)c3ccc(*)c(C(C)C)c3)c2)cc1CC,4,187.58216148200887
*Oc1ccc(C(=O)c2cccc(C(=O)c3ccc(*)c(C(C)C)c3)c2)cc1CC,5,178.75502768684984
*Oc1ccc(C(=O)c2cccc(C(=O)c3ccc(*)c(C(C)C)c3)c2)cc1CC,6,180.86488933263743
*Oc1ccc(C(=O)c2cccc(C(=O)c3ccc(*)c(C(C)C)c3)c2)cc1CC,8,180.95718555281687
*CCC(C)C(C)CCNC(=O)c1cccc(C(=O)N*)c1,1,103.3129293655386
*CCC(C)C(C)CCNC(=O)c1cccc(C(=O)N*)c1,2,122.37736254833206
*CCC(C)C(C)CCNC(=O)c1cccc(C(=O)N*)c1,3,118.78824509807403
*CCC(C)C(C)CCNC(=O)c1cccc(C(=O)N*)c1,4,119.81229548379538
*CCC(C)C(C)CCNC(=O)c1cccc(C(=O)N*)c1,5,126.62510103677184
*CCC(C)C(C)CCNC(=O)c1cccc(C(=O)N*)c1,6,126.3253111724065
*CCC(C)C(C)CCNC(=O)c1cccc(C(=O)N*)c1,8,125.69370639898834
*c1ccc(N(c2ccc(OC)cc2)c2ccc(N3C(=O)c4ccc(S(=O)(=O)c5ccc6c(c5)C(=O)N(*)C6=O)cc4C3=O)cc2)cc1,1,275.25287742013705
*c1ccc(N(c2ccc(OC)cc2)c2ccc(N3C(=O)c4ccc(S(=O)(=O)c5ccc6c(c5)C(=O)N(*)C6=O)cc4C3=O)cc2)cc1,2,270.9361006688163
*c1ccc(N(c2ccc(OC)cc2)c2ccc(N3C(=O)c4ccc(S(=O)(=O)c5ccc6c(c5)C(=O)N(*)C6=O)cc4C3=O)cc2)cc1,3,259.8561056510744
*c1ccc(N(c2ccc(OC)cc2)c2ccc(N3C(=O)c4ccc(S(=O)(=O)c5ccc6c(c5)C(=O)N(*)C6=O)cc4C3=O)cc2)cc1,4,258.47760480958414
*c1ccc(N(c2ccc(OC)cc2)c2ccc(N3C(=O)c4ccc(S(=O)(=O)c5ccc6c(c5)C(=O)N(*)C6=O)cc4C3=O)cc2)cc1,5,259.84864359774156
*c1ccc(N(c2ccc(OC)cc2)c2ccc(N3C(=O)c4ccc(S(=O)(=O)c5ccc6c(c5)C(=O)N(*)C6=O)cc4C3=O)cc2)cc1,6,259.04517251951205
*c1ccc(N(c2ccc(OC)cc2)c2ccc(N3C(=O)c4ccc(S(=O)(=O)c5ccc6c(c5)C(=O)N(*)C6=O)cc4C3=O)cc2)cc1,8,262.8505516018512
*CCNC(=O)c1ccc(-c2ccc(O*)cc2)cc1,1,204.7733723128761
*CCNC(=O)c1ccc(-c2ccc(O*)cc2)cc1,2,173.87600634701917
*CCNC(=O)c1ccc(-c2ccc(O*)cc2)cc1,3,181.655360112698
*CCNC(=O)c1ccc(-c2ccc(O*)cc2)cc1,4,180.26152496284746
*CCNC(=O)c1ccc(-c2ccc(O*)cc2)cc1,5,171.23545462320124
*CCNC(=O)c1ccc(-c2ccc(O*)cc2)cc1,6,164.26319925890206
*CCNC(=O)c1ccc(-c2ccc(O*)cc2)cc1,8,162.49616310843342
*CCCCCCNC(=O)CCC1(CCC(=O)N*)c2ccccc2-c2ccccc21,1,92.24163502562175
*CCCCCCNC(=O)CCC1(CCC(=O)N*)c2ccccc2-c2ccccc21,2,121.06184647490902
*CCCCCCNC(=O)CCC1(CCC(=O)N*)c2ccccc2-c2ccccc21,3,107.82934406715339
*CCCCCCNC(=O)CCC1(CCC(=O)N*)c2ccccc2-c2ccccc21,4,105.34698691864594
*CCCCCCNC(=O)CCC1(CCC(=O)N*)c2ccccc2-c2ccccc21,5,97.34169864260599
*CCCCCCNC(=O)CCC1(CCC(=O)N*)c2ccccc2-c2ccccc21,6,104.71083128286102
*CCCCCCNC(=O)CCC1(CCC(=O)N*)c2ccccc2-c2ccccc21,8,101.67714981984237
*c1ccc(C(=O)NNC(=O)c2ccc(C(=O)NNC(=O)c3ccc(C4(*)OC(=O)c5ccccc54)cc3)cc2)cc1,1,245.5582690154481
*c1ccc(C(=O)NNC(=O)c2ccc(C(=O)NNC(=O)c3ccc(C4(*)OC(=O)c5ccccc54)cc3)cc2)cc1,2,232.0064272150881
*c1ccc(C(=O)NNC(=O)c2ccc(C(=O)NNC(=O)c3ccc(C4(*)OC(=O)c5ccccc54)cc3)cc2)cc1,3,237.30966912420902
*c1ccc(C(=O)NNC(=O)c2ccc(C(=O)NNC(=O)c3ccc(C4(*)OC(=O)c5ccccc54)cc3)cc2)cc1,4,241.48997987565423
*c1ccc(C(=O)NNC(=O)c2ccc(C(=O)NNC(=O)c3ccc(C4(*)OC(=O)c5ccccc54)cc3)cc2)cc1,5,236.17177010888423
*c1ccc(C(=O)NNC(=O)c2ccc(C(=O)NNC(=O)c3ccc(C4(*)OC(=O)c5ccccc54)cc3)cc2)cc1,6,232.31773043247594
*c1ccc(C(=O)NNC(=O)c2ccc(C(=O)NNC(=O)c3ccc(C4(*)OC(=O)c5ccccc54)cc3)cc2)cc1,8,229.48169039725875
*CC(*)C(=O)Oc1ccc([N+](=O)[O-])cc1,1,112.57733974123838
*CC(*)C(=O)Oc1ccc([N+](=O)[O-])cc1,2,84.95277815895106
*CC(*)C(=O)Oc1ccc([N+](=O)[O-])cc1,3,78.91028895049274
*CC(*)C(=O)Oc1ccc([N+](=O)[O-])cc1,4,87.18555173223395
*CC(*)C(=O)Oc1ccc([N+](=O)[O-])cc1,5,76.11098427002912
*CC(*)C(=O)Oc1ccc([N+](=O)[O-])cc1,6,83.4333611792435
*CC(*)C(=O)Oc1ccc([N+](=O)[O-])cc1,8,87.13255546774941
*c1ccc(-c2ccc(-c3ccc(-c4ccc(-c5cc(-c6ccccc6)c6cc(Oc7ccc8nc(*)cc(-c9ccccc9)c8c7)ccc6n5)cc4)cc3)cc2)cc1,1,292.08623963199256
*c1ccc(-c2ccc(-c3ccc(-c4ccc(-c5cc(-c6ccccc6)c6cc(Oc7ccc8nc(*)cc(-c9ccccc9)c8c7)ccc6n5)cc4)cc3)cc2)cc1,2,287.81742012193587
*c1ccc(-c2ccc(-c3ccc(-c4ccc(-c5cc(-c6ccccc6)c6cc(Oc7ccc8nc(*)cc(-c9ccccc9)c8c7)ccc6n5)cc4)cc3)cc2)cc1,3,289.08224480386343
*c1ccc(-c2ccc(-c3ccc(-c4ccc(-c5cc(-c6ccccc6)c6cc(Oc7ccc8nc(*)cc(-c9ccccc9)c8c7)ccc6n5)cc4)cc3)cc2)cc1,4,286.73829013239794
*c1ccc(-c2ccc(-c3ccc(-c4ccc(-c5cc(-c6ccccc6)c6cc(Oc7ccc8nc(*)cc(-c9ccccc9)c8c7)ccc6n5)cc4)cc3)cc2)cc1,5,285.87837537825254
*c1ccc(-c2ccc(-c3ccc(-c4ccc(-c5cc(-c6ccccc6)c6cc(Oc7ccc8nc(*)cc(-c9ccccc9)c8c7)ccc6n5)cc4)cc3)cc2)cc1,6,282.20739101510316
*c1ccc(-c2ccc(-c3ccc(-c4ccc(-c5cc(-c6ccccc6)c6cc(Oc7ccc8nc(*)cc(-c9ccccc9)c8c7)ccc6n5)cc4)cc3)cc2)cc1,8,286.9787011001955
*CCCOCCCOC(=O)c1ccc(-c2ccc(C(=O)O*)cc2)cc1,1,77.22132410704884
*CCCOCCCOC(=O)c1ccc(-c2ccc(C(=O)O*)cc2)cc1,2,63.425559405575875
*CCCOCCCOC(=O)c1ccc(-c2ccc(C(=O)O*)cc2)cc1,3,69.53622997736937
*CCCOCCCOC(=O)c1ccc(-c2ccc(C(=O)O*)cc2)cc1,4,65.34774759625408
*CCCOCCCOC(=O)c1ccc(-c2ccc(C(=O)O*)cc2)cc1,5,62.64631552803346
*CCCOCCCOC(=O)c1ccc(-c2ccc(C(=O)O*)cc2)cc1,6,66.5362554196385
*CCCOCCCOC(=O)c1ccc(-c2ccc(C(=O)O*)cc2)cc1,8,67.48833506256986
*C[Si](*)(CCCC)CCCC,1,-64.61279880771819
*C[Si](*)(CCCC)CCCC,2,-14.991744235643461
*C[Si](*)(CCCC)CCCC,3,-23.220075145341436
*C[Si](*)(CCCC)CCCC,4,-33.63186353793019
*C[Si](*)(CCCC)CCCC,5,-32.11210023026767
*C[Si](*)(CCCC)CCCC,6,-32.76356915678609
*C[Si](*)(CCCC)CCCC,8,-36.84070872787824
*OC(COC(=O)c1ccc(C(*)=O)c(OC)c1)COc1ccc(N=Nc2ccc(C#N)cc2)cc1,1,123.83374030837949
*OC(COC(=O)c1ccc(C(*)=O)c(OC)c1)COc1ccc(N=Nc2ccc(C#N)cc2)cc1,2,119.84539966145158
*OC(COC(=O)c1ccc(C(*)=O)c(OC)c1)COc1ccc(N=Nc2ccc(C#N)cc2)cc1,3,129.4691616283941
*OC(COC(=O)c1ccc(C(*)=O)c(OC)c1)COc1ccc(N=Nc2ccc(C#N)cc2)cc1,4,142.4305713119532
*OC(COC(=O)c1ccc(C(*)=O)c(OC)c1)COc1ccc(N=Nc2ccc(C#N)cc2)cc1,5,138.66544612567597
*OC(COC(=O)c1ccc(C(*)=O)c(OC)c1)COc1ccc(N=Nc2ccc(C#N)cc2)cc1,6,134.74515701552934
*OC(COC(=O)c1ccc(C(*)=O)c(OC)c1)COc1ccc(N=Nc2ccc(C#N)cc2)cc1,8,126.9878995867747
*N=P(*)(Oc1ccc(C(C)C)cc1)Oc1ccc(C(C)C)cc1,1,113.682957422724
*N=P(*)(Oc1ccc(C(C)C)cc1)Oc1ccc(C(C)C)cc1,2,133.71065960947334
*N=P(*)(Oc1ccc(C(C)C)cc1)Oc1ccc(C(C)C)cc1,3,125.61589656253015
*N=P(*)(Oc1ccc(C(C)C)cc1)Oc1ccc(C(C)C)cc1,4,126.2747920588835
*N=P(*)(Oc1ccc(C(C)C)cc1)Oc1ccc(C(C)C)cc1,5,127.86829815778412
*N=P(*)(Oc1ccc(C(C)C)cc1)Oc1ccc(C(C)C)cc1,6,134.1442829161387
*N=P(*)(Oc1ccc(C(C)C)cc1)Oc1ccc(C(C)C)cc1,8,130.00011497378082
*Oc1cc2ccccc2cc1OC(=O)c1ccc(Oc2ccc(C(*)=O)cc2)cc1,1,157.51510393469167
*Oc1cc2ccccc2cc1OC(=O)c1ccc(Oc2ccc(C(*)=O)cc2)cc1,2,186.7178071106183
*Oc1cc2ccccc2cc1OC(=O)c1ccc(Oc2ccc(C(*)=O)cc2)cc1,3,200.50169316202863
*Oc1cc2ccccc2cc1OC(=O)c1ccc(Oc2ccc(C(*)=O)cc2)cc1,4,213.97786863536493
*Oc1cc2ccccc2cc1OC(=O)c1ccc(Oc2ccc(C(*)=O)cc2)cc1,5,207.39769568071844
*Oc1cc2ccccc2cc1OC(=O)c1ccc(Oc2ccc(C(*)=O)cc2)cc1,6,212.68326590880451
*Oc1cc2ccccc2cc1OC(=O)c1ccc(Oc2ccc(C(*)=O)cc2)cc1,8,217.58948188320392
