target,smiles,n_notations,pred_mean,pred_std,max_abs_dev
tg,*Nc1ccc(cc1)C(c1ccc(cc1)NC(=O)c1cc(cc(c1)NC(=O)CCCN1C(=O)c2c(C1=O)cccc2)C(=O)*)(C(F)(F)F)C(F)(F)F,3,218.89653558338583,29.873771644146615,63.371839527583404
tg,*N1C(=O)c2c(C1=O)cc(cc2)Oc1c(cccc1)Oc1cc2c(C(=O)N(C2=O)c2ccc(cc2)Oc2ccc(cc2)Oc2ccc(cc2)*)cc1,3,180.64936469477152,40.06740484719585,84.99580101599679
tg,*NC(=O)CCP(=O)(CCC(=O)NCCCCCCCCCC*)C,3,62.66391896145142,23.501420302766473,49.85404099080414
tg,*N1C(=O)c2c(C1=O)cc(cc2)Oc1c(cccc1)Oc1cc2c(C(=O)N(C2=O)c2cc(c(cc2)Oc2c(cccc2)Oc2c(cc(cc2)*)C(F)(F)F)C(F)(F)F)cc1,3,178.14318296281957,35.559294635923315,75.4326551138154
tg,*C(C*)C(=O)OCCCCSC,3,-16.08863566770431,67.36791258276291,142.90892346496258
tg,*c1cc2c(C(=O)N(C2=O)c2c(ccc(c2)C(=O)Oc2ccc(cc2)C(c2ccc(cc2)OC(=O)c2cc(c(cc2)C)N2C(=O)c3c(C2=O)cc(cc3)C(*)(C(F)(F)F)C(F)(F)F)(C(F)(F)F)C(F)(F)F)C)cc1,3,242.58946666881351,54.76329098383566,116.17048324428694
tg,*OC(=O)CCCCCCCCC(=O)OCC*,4,-11.923554761024516,35.429173411405884,86.78038753993408
tg,*C(CCCCC*)C,3,-6.902129906935433,73.76041043009889,156.46945919467763
tg,*Oc1ccc(cc1)C(=O)OCCOCCOCCOCCOC(=O)c1ccc(cc1)OC(=O)c1ccc(cc1)C(=O)*,4,56.135305090823444,30.346850418941766,73.16996627312872
tg,*C(C*)(C(=O)OCCOc1ccc(cc1)C(=O)Oc1ccc(cc1)OCCCC)C,3,103.74319066095443,4.346703290767846,9.220750118123476
tg,*N=Nc1ccc(cc1)NC(=O)CCC(=O)Nc1ccc(cc1)*,4,202.01487243361865,28.546600699402564,68.23125226213989
tg,*C(C*)(C(=O)OCC(Oc1ccc(cc1)c1ccc(cc1)c1ccc(cc1)C#N)C)C,3,132.48298774598075,1.594628609261106,3.3827181092478043
tg,*c1nc2c(cc1)cc(cc2)C(=O)c1ccc(cc1)Oc1ccc(cc1)c1ccc(cc1)Oc1ccc(cc1)C(=O)*,4,203.9480465325352,41.50982200386551,100.84723456400522
tg,*N=P(*)(OCCCCC)OCCC,3,-51.89437547442617,62.83248717179676,133.28783327398273
tg,*Oc1ccc(cc1)OCC(CN(S(=O)(=O)c1ccc(cc1)c1ccc(cc1)S(=O)(=O)N(CC(C*)O)C)C)O,3,94.47904456725594,13.262260600517909,28.13350321346816
tg,*Oc1c(cc(cc1)C(c1cc(c(cc1)OC(=O)c1ccc(cc1)C(=O)*)C(CC)C)(C)C)C(CC)C,3,113.19257684975526,25.948139020527037,55.04431518175778
tg,*Oc1ccc(cc1)C(c1ccc(cc1)OC(=O)c1ccc(cc1)Cc1ccc(cc1)C(=O)*)(C)C,3,172.23854960986057,13.690567625460217,29.042079618767787
tg,*c1oc(nn1)c1ccc(cc1)C(=O)OCCCCCCOc1ccc(cc1)C=C1C(=O)C(=Cc2ccc(cc2)OCCCCCCOC(=O)c2ccc(cc2)*)CCC1,3,95.54047840543986,21.070216736846703,44.69667940708378
tg,*Oc1c(cc(cc1)Oc1ccc(cc1)C(=O)Nc1ccc(cc1)Oc1ccc(cc1)c1ccc(cc1)Oc1ccc(cc1)NC(=O)c1ccc(cc1)*)c1ccccc1,3,215.8720266422481,12.705926125034962,26.953339572802605
tg,*c1cc2c(C(=O)N(C2=O)c2ccc(cc2)C(=O)OCCOCCOCCOCCOC(=O)*)cc1,3,69.87517191895624,13.436346286241989,28.50279472011718
tg,*C(C*)(C(=O)Oc1ccc(cc1)C(=O)Oc1ccc(cc1)c1ccccc1)C,3,102.80322330312033,0.7288729273618064,1.5461729686824697
tg,*OC(=O)CC(=O)OCCOCC*,4,-12.308472560545558,36.193907317113776,88.59863550217943
tg,*C(C*)C(=O)Oc1c(cccc1)C,3,66.19627950107605,22.654239246871562,48.056898582255926
tg,*c1oc(nn1)c1ccc(cc1)Oc1ccc(cc1)NC(=O)c1c(cc(cc1)C(=O)Nc1ccc(cc1)Oc1ccc(cc1)*)Oc1ccccc1,3,220.99346580908488,30.302383517292817,64.28106261357965
tg,*C(C*)OCCOc1ccc(cc1)C=C(C#N)C#N,3,64.34008731645956,26.339896965259452,55.875359279669766
tg,*c1cc2c(oc(n2)c2ccc(cc2)Oc2ccc(cc2)c2oc3c(n2)cc(cc3)C(*)(C(F)(F)F)C(F)(F)F)cc1,3,252.60617091002567,73.72238042445407,156.3887853700376
tg,*c1c2C(=O)N(C(=O)c2c(c2ccccc12)c1ccc(cc1)Oc1ccc(cc1)C(=O)c1ccc(cc1)Oc1ccc(cc1)*)c1ccccc1,3,223.03809976174702,67.09249401557057,142.32467245538342
tg,*OC(=O)Nc1ccc(cc1)Cc1ccc(cc1)NC(=O)OCCCCCCCCC*,4,81.10081966076461,16.884541279216503,39.68390769216958
tg,*C(C*)c1ccc(cc1)OCC,3,89.6789873821557,13.49954264354049,28.63685443849336
tg,*Oc1ccc(cc1)C(=Nc1ccc(cc1)N=C(c1ccc(cc1)Oc1ccc(cc1)C(c1ccc(cc1)*)(C)C)c1ccccc1)c1ccccc1,3,162.28942539860716,2.3476549740846178,4.980128256184685
tg,*Oc1ccc(cc1)Oc1ccc(cc1)Oc1c(cc(cc1)S(=O)(=O)c1cc(c(cc1)Oc1ccc(cc1)Oc1ccc(cc1)Oc1ccc(cc1)c1ccc(cc1)*)S(=O)(=O)O[Na])S(=O)(=O)O[Na],3,205.27564473268214,72.09045697266619,158.58482716733798
tg,*OC(C*)CCl,3,3.9425364550517443,40.04457173401046,84.94736466848983
tg,*c1cc2c(C(=O)N(C2=O)c2ccc(cc2)Oc2ccc(cc2)Oc2ccc(cc2)N2C(=O)c3c(C2=O)cc(cc3)C(*)(C(F)(F)F)C(F)(F)F)cc1,3,223.76004349536765,54.36981950701225,115.335804195891
tg,*Oc1ccc(cc1)CC(NC(=O)CCc1ccc(cc1)OC(=O)CCCCC(=O)*)C(=O)OCCCCCC,3,60.791225362789284,36.97234973530937,78.43019764271374
tg,*Oc1ccc(cc1)N1ON1c1ccc(cc1)OCCCCCCOC(=O)CC(=O)OCCCCCC*,4,30.502108037859298,26.305981548914627,61.587713743574106
tg,*Oc1ccc(cc1)C1(c2ccccc2c2ccccc12)c1ccc(cc1)Oc1c(cc(cc1)C(=O)c1ccc(cc1)C(=O)c1cc(c(cc1)*)C(F)(F)F)C(F)(F)F,3,203.19769977893168,37.776410858776785,80.13586886139058
tg,*NC(=O)c1ccc(cc1)C(=O)NCC(CC(CC*)C)(C)C,3,137.7537737374323,7.668342968753352,16.26701194100903
tg,*C(C*)C(=O)OCCC#N,3,29.43364284113423,39.743455051964816,84.30859972508122
tg,*c1cc2c(C(=O)N(C2=O)c2ccc(cc2)C(=O)Nc2ccc(cc2)Oc2ccc(cc2)c2ccc(cc2)Oc2ccc(cc2)NC(=O)c2ccc(cc2)N2C(=O)c3c(C2=O)cc(cc3)C(*)(C(F)(F)F)C(F)(F)F)cc1,3,260.1720956092815,42.966045973333166,91.1447474055505
tg,*[Si](C/C=C\C*)(CCCOc1ccccc1)c1ccccc1,3,41.88402220413041,31.790953011835732,73.47378458064362
tg,*O[Si](O[Si](O[Si](O[Si](OC(CCC(*)C)C)(C)C)(C)C)(C)C)(C)C,3,21.778166320732737,82.77811092276468,182.322387801517
tg,*Oc1ccc(cc1)N=CC=Nc1ccc(cc1)OC(=O)NCCCCCCNC(=O)*,4,102.37552660552981,23.82405452467068,52.66461483181668
tg,*Oc1ccc(cc1)Oc1ccc(cc1)OCCCCCCOC(=O)OCCOC(=O)OCCCCCC*,4,17.243785686262,23.960243090995984,56.807922984657246
tg,*c1cc2c(C(=O)N(C2=O)c2ccc(cc2)C(=O)c2ccc(cc2)C(=O)c2ccc(cc2)N2C(=O)c3c(C2=O)cc(cc3)C(=O)*)cc1,3,244.25232092070164,60.82356247077579,129.02626043702747
tg,*C(C*)(OC)C,3,77.07030081640836,15.550222180655766,32.98700265869746
tg,*C1C(=O)OC(=O)C1C1C2CC(C(C1*)C2)C(=O)OC1CCCCC1,3,181.2380461641732,28.40814932040932,60.26278507626432
tg,*C=CC(C(*)C(=O)OCC)C(=O)OCC,3,27.129735749536778,35.88688630182001,76.12758197906267
tg,*C(C*)(C(=O)OCCCCCCC(C(C(C(C(C(C(C(C(C(C(C(F)(F)F)(F)F)(F)F)(F)F)(F)F)(F)F)(F)F)(F)F)(F)F)(F)F)(F)F)(F)F)C,3,44.635684637450936,14.857301502674321,31.517095928022286
tg,*OC(C(=O)N(S(=O)(=O)C(C(*)(F)F)(F)F)[Li])(C(F)(F)F)F,3,55.2478037644323,28.32220148706053,67.83957007908344
tg,*c1cc2c(C(=O)N(C2=O)c2ccc(cc2)c2sc(c(c2c2ccccc2)c2ccccc2)c2ccc(cc2)N2C(=O)c3c(C2=O)cc(cc3)C(=O)Nc2ccc(cc2)Oc2ccc(cc2)NC(=O)*)cc1,3,262.3337502973754,57.37892834023165,121.71908797978432
egc,*Cc1ccc(COC(=O)CCCCSCCCCC(=O)O*)cc1,3,4.658155259384195,0.17590932526328498,0.3731600303028566
egc,*NC(CCC(=O)OCc1ccc(Cl)cc1)C(*)=O,3,4.493775791421053,0.14838442050142744,0.31477088987698654
egc,*Oc1ccc(OC(=O)c2ccc(C(*)=O)cc2)cc1C1CCCCCC1,3,3.8395295817840154,0.3883442299099242,0.8238025152119253
egc,*CC(*)n1ccc2ccccc21,3,2.672986971969365,1.128721867120879,2.3943806589441445
egc,*CCOC(=O)Nc1ccc(NC(=O)O*)cc1,3,4.797460991621288,0.12257806142793097,0.2600273353811735
egc,*OC(F)(C(*)(F)F)C(F)(F)F,3,7.323500950157336,1.8719930907980162,3.9710970265129246
egc,*OC(=O)CCCCCCCC(*)=O,3,5.720058993820994,0.773214692414075,1.640236056957189
egc,*COC(=S)O*,4,4.672890872848828,0.12185152396897812,0.27956566904690305
egc,*CCCOC(=O)NCCCCCCNC(=O)O*,4,5.866295025953365,0.6583662406761548,1.555364412189972
egc,*C=CCCCCCCCCCC(Cl)CCCCCCCCC*,4,5.642647228733171,0.6055485424534487,1.3849807196808346
egc,*C(=O)Nc1ccc(S(=O)(=O)c2ccc(NC(=O)c3ccc4[nH]c(-c5cccc(-c6nc7cc(*)ccc7[nH]6)c5)nc4c3)cc2)cc1,3,4.193390942725613,0.46312880108365456,1.0661630875794468
egc,*c1ccc(Oc2ccc(P(=O)(c3ccccc3)c3ccc(Oc4ccc(-c5cc(*)[nH]n5)cc4)cc3)cc2)cc1,3,4.397147546068027,0.2676412013030154,0.594046092360232
egc,*CCCCCCCCCO*,4,5.707531740684717,0.7001724019289608,1.6595003539079016
egc,*C1C2CCC(C2)C1*,4,5.83253154772811,0.6822074252123719,1.557276163838166
egc,*CCCOC(=O)C1CCC(C(=O)O*)CC1,3,6.068539940924377,0.9116023374432364,1.9338005836548593
egc,*CC(*)c1cccc2c1OCO2,3,4.4406645417570845,0.06354007431596592,0.13478885227775006
egc,*Cc1ccc(CSSSS*)cc1,3,4.346042568854165,0.11574718563768698,0.24553685960299987
egc,*CCC1CC(*)C2C3CC(C12)C(C)(C(=O)OC)C3,3,5.742800246289131,0.6724226485753864,1.4264238438932235
egc,*c1ccc(*)c(OC)c1N,3,4.5983095665610945,0.0034204292175996913,0.0072558260830000165
egc,*C(=O)c1cccc(C(=O)c2ccc3c(c2)C(=O)N(c2ccc(Oc4ccc(N5C(=O)c6ccc(*)cc6C5=O)cc4)cc2)C3=O)c1,3,3.150261273402102,0.7162513776165758,1.519398618440662
egc,*c1ccc(Oc2ccc(Oc3ccc(-n4c(=O)c5cc6c(=O)n(*)c(=O)c6cc5c4=O)cc3)cc2)cc1,3,2.8193311859480463,1.0379669559542242,2.201860419608371
egc,*C(F)(F)C1(F)C(F)(F)C(*)(F)C(F)(F)C(F)(Cl)C1(F)F,3,6.40646167744675,1.2662571761044683,2.6861371078487934
egc,*OC(CC(*)=O)C(C)(Cl)Cl,3,5.888924745608414,0.7607404516426379,1.6137741962382783
egc,*OC(=C(C)C)C(C)(C)C(*)=O,3,4.688682335794385,0.12342577367422801,0.26182560461472804
egc,*c1ccc(N2C(=O)c3ccc(-c4ccc5c(c4)C(=O)N(*)C5=O)cc3C2=O)nc1,3,3.642005925787835,0.5217622465388734,1.1068248680842938
egc,*NC(CC(=O)OCCC)C(*)=O,3,5.621311802290738,0.5918187180184235,1.2554370862318693
egc,*CCCCCCCCCNC(=O)NCCCCCCCNC(=O)N*,4,5.3386125285563875,0.43174909265619704,1.0072359970007216
egc,*COC1CC2CC(O*)C1C2,3,5.5215874522115955,0.7157881717975468,1.5184160105135005
egc,*CCCCCCOC(=O)NCC(F)(F)C(F)(F)C(F)(F)C(F)(F)CNC(=O)O*,4,6.185455586283847,0.7900682673187395,1.8549557247805994
egc,*c1ccc2c(c1)c1cc(*)ccc1n2CCC(=O)OCC,3,3.878844104972735,0.47753017335496006,1.0129944714014396
egc,*c1cc(C)c(*)s1,3,2.817087991799062,1.1370543999425948,2.4120566303322284
egc,*OC(COC(F)(C(F)(F)F)C(F)(F)F)C(*)COC(F)(C(F)(F)F)C(F)(F)F,3,5.922183601612873,0.9063154847814576,1.9225854755500258
egc,*C=CC(C)(C)CC(C#N)C*,4,5.333708050389282,0.47882559062679975,1.1228094753305413
egc,*CCCCCCCCCCCCO*,4,5.748829649549865,0.7240539356133616,1.7238582316295012
egc,*CCCCCCCCCCCCCCC(*)Cl,3,6.323491749103479,1.1400488242032956,2.4184087634337015
egc,*CCCCOC(=O)OCC1CCC(COC(=O)O*)CC1,3,6.214621383803966,0.9649532957696824,2.046975056901152
egc,*CC(*)OCc1ccccc1,3,4.895288121772544,0.21245176219762346,0.45067824517491406
egc,*c1ccc(Oc2cccc(Oc3ccc(-n4c(=O)c5cc6c(=O)n(*)c(=O)c6cc5c4=O)cc3)c2C#N)cc1,3,3.1435786995830477,0.8930407652578198,1.8944255429694845
egc,*CC(*)OC(=O)c1cccc(Cl)c1,3,4.260153911559363,0.2804597068436082,0.5949448816761196
egc,*CCCCCCCC(=O)OCC1COC(*)O1,3,6.024531831830049,0.833979427282274,1.7691375252041075
egc,*CCCCCCCCCCNC(=O)NCCCCCCNC(=O)N*,4,5.3757658419786845,0.453005685010283,1.0452017255125465
egc,*CC#CCOC(=O)CCCCCCCCC(=O)O*,4,5.96987071734774,0.7594571514944517,1.7987600071708334
egc,*C=CC1CC(*)C(F)(F)C1(F)OC(F)(F)C(F)(F)C(F)(F)F,3,4.009582049603135,0.3541492788083895,0.7512640697932125
egc,*CC(*)c1ccc(C(=O)Cc2ccccc2)cc1,3,3.8342627712360122,0.35105105726094377,0.744691749395761
egc,*CCCCCCOC(=O)Nc1ccc(C)c(NC(=O)O*)c1,3,4.984132060797027,0.2712878253796984,0.5754883829380102
egc,*C=C(*)c1cccc2ccccc12,3,1.8646777255639357,1.3833004963451176,2.934423484153049
egc,*CCN(*)Cc1ccccc1,3,4.1649432516212785,0.2548280622793911,0.5405719526231558
egc,*CC(*)C(=O)OCC=C,3,5.41636086714971,0.7863024604121553,1.6679994054633056
egc,*c1ccc(Oc2ccc(Oc3ccc(-n4c(=O)c5cc6c(=O)n(*)c(=O)c6cc5c4=O)cc3)cc2C)cc1,3,2.7917388869318462,1.0391411450566184,2.204351250838466
egc,*c1cc(SCCCCCC)c(*)s1,3,2.4962479565450977,1.1443581499396063,2.4275502237851625
egb,*c1ccc2oc(-c3ccc4nc(*)oc4c3)nc2c1,3,3.0866922383173487,0.8442909764328907,1.7910116241909257
egb,*CC(C#N)(C#N)CC(C#N)(C#N)CC(C#N)(C#N)C(C#N)C(*)(C#N)C#N,3,5.967690701711941,0.6340989965290259,1.345127101167778
egb,*CC(*)(C)C(=O)Oc1ccccc1,3,4.809475058188773,0.03620704916555506,0.07680674997515613
egb,*OCC(F)(F)C(*)(F)F,3,7.651052937645737,1.5920043036128682,3.377151116288479
egb,*NC(F)(F)NC(*)(F)F,3,7.190964615453861,1.3424255792792201,2.8477146910398474
egb,*C(C)C(*)O,3,7.028517256533025,1.2666218266576545,2.686910648485558
egb,*Oc1ccc(C(=S)c2ccc(*)cc2)cc1,3,2.630607039079655,1.0819253957185442,2.295110352151564
egb,*CC(*)(C)C(=O)OC(C(F)(F)F)C(F)(F)F,3,5.225723574081578,0.17667942804858272,0.37479366500794065
egb,*Oc1ccc(Cc2ccc(*)cc2)cc1,3,4.180314742718532,0.2385718494396732,0.5060873176170269
egb,*CNc1ccc(O*)cc1,3,3.977253853187735,0.2735358287634025,0.5802571182482525
egb,*C=CC1CC(*)C(C#N)(CCC)C1,3,5.409836472036228,0.6713643738920554,1.4241789042783992
egb,*Cc1ccc(C(=O)c2ccc(*)s2)cc1,3,3.663287565763895,0.4674502472373541,0.9916117190665839
egb,*c1ccc(C(F)(F)c2ccc(C(*)(F)F)cc2)cc1,3,3.9385639460091575,0.17470624148851008,0.3706079042164201
egb,*C(=O)c1ccc(Oc2ccc(*)s2)s1,3,3.4864569698022865,0.6081019940560494,1.2899791309502824
egb,*CCOC(=O)C1C2C=CC(C2)C1C(=O)O*,4,5.208769090068642,0.3548563873722542,0.8035835552932777
egb,*Cc1ccc(C(=O)c2ccc(*)s2)s1,3,3.2201989815770182,0.7615580666579183,1.6155086196033923
egb,*C(=O)c1ccc(-c2ccc(-c3ccc(*)cc3)cc2)cc1,3,3.0301054254132906,0.6736653613176554,1.4290600357145995
egb,*Oc1ccc(C(F)(F)C(*)(F)F)s1,3,4.108049775395833,0.16688561338771776,0.35401784672679515
egb,*CC(=O)Nc1ccc(*)s1,3,4.070743232027868,0.23833122816092214,0.5055768828033189
egb,*Nc1ccc(-c2ccc(-c3ccc(*)s3)s2)cc1,3,2.9997398019071433,0.7525765870573241,1.596456024211386
egb,*C(=S)c1ccc(-c2ccc(-c3ccc(*)cc3)cc2)cc1,3,2.407715777512227,1.0055056170724819,2.132999521059348
egb,*NC(=O)c1ccc(C(*)=S)s1,3,2.584520039964843,0.8907283876311389,1.889520249268014
egb,*CC(*)(C#N)C#N,3,5.524315572847738,0.40657548914719693,0.8624768563206615
egb,*Cc1ccc(-c2ccc(O*)cc2)cc1,3,3.880086587516189,0.2572817342283942,0.5457769768449978
egb,*Cc1ccc(NC(*)=S)cc1,3,3.7097775416206553,0.33969543032278293,0.7206028269579665
egb,*C(=S)c1ccc(C(F)(F)C(*)(F)F)cc1,3,3.318660318860593,0.6352364158525461,1.347539931917919
egb,*c1ccc(-c2ccc(-c3ccc(-c4ccc(*)cc4)cc3)cc2)cc1,3,3.176854870743773,0.6128799813515904,1.300114772601583
egb,*c1ccc(C(F)(F)NC(*)(F)F)cc1,3,4.349830498751007,0.09890975247793321,0.20981927010788848
egb,*C1C(=O)OC(=O)C1*,4,5.647625431057705,0.38403200202443744,0.9406290421068837
egb,*CC(*)CCC,3,6.588136299546513,0.9822962306519347,2.083764977483904
egb,*NC(=O)Nc1ccc(*)s1,3,3.632120152072821,0.5058274017384118,1.073021957637609
egb,*CC(=O)C(=S)C(*)=O,3,2.3239906597204176,1.2690999793526692,2.6921676042119396
egb,*CCC1CC(*)C2CCCC12,3,6.747065724839182,1.0374237583183552,2.200708123412829
egb,*CC(C#N)(C#N)CC(C#N)(C#N)C(C#N)C(*)(C#N)C#N,3,5.953331562649116,0.6719819135173198,1.4254889036484268
egb,*NC(=O)c1ccc(O*)s1,3,3.4185088536203323,0.5355254322992469,1.1360209940299644
egb,*C(=O)Oc1ccc(C(*)=S)s1,3,2.8026375934349623,0.837556975195377,1.776726650372232
egb,*C=CCCCC*,4,5.692621680265446,0.6585075142952055,1.3143309653960822
egb,*CC(*)(F)C(=O)OCCC(F)(F)C(F)(F)C(F)(F)C(F)(F)C(F)(F)C(F)(F)C(F)(F)C(F)(F)F,3,5.529508439146599,0.3591793216426935,0.7619344019865979
egb,*c1ccc(NC(F)(F)C(*)(F)F)cc1,3,4.3005076776514715,0.18104128218751792,0.3840465549285037
egb,*OCCCCONC(*)=O,3,5.843127144060165,0.5300391072146667,1.124382741016663
egb,*c1ccc(CC(F)(F)C(*)(F)F)cc1,3,4.9075405463341335,0.19057762588608573,0.40427619481945243
egb,*Cc1ccc(NC(*)=S)s1,3,3.3391414455253163,0.6280544287482002,1.332304636566287
egb,*CCC(F)(F)C(*)(F)Cl,3,6.676387968551162,0.9854311770206922,2.0904152029919176
egb,*Oc1ccc(-c2ccc(C(*)=O)s2)cc1,3,3.219765224041135,0.5560283973677852,1.1795143509331476
egb,*CC(*)OC(=O)CC1CCCC1,3,6.019824276628161,0.6443271858199402,1.3668243671883733
egb,*CC(*)F,3,6.679867803910608,1.133611783950167,2.4047537389924276
egb,*CCOC(=O)NCCSCCCCSCCNC(=O)O*,4,5.105540164620765,0.05497344847507646,0.0856509596393149
egb,*CC(=O)c1ccc(C(*)=S)cc1,3,2.919193033694357,0.6697624212153833,1.420780649475955
egb,*CC(C#N)(C#N)C(C#N)C(C#N)(C#N)C(C#N)C(C#N)(C#N)C(C#N)C(*)(C#N)C#N,3,5.613293861907473,0.44957563823959107,0.953693947366455
egb,*Cc1ccc(-c2ccc(C(*)=S)s2)cc1,3,2.8690675286316107,0.6840689542392744,1.451129389025343
ei,*OC(F)(F)c1ccc(C(*)(F)F)s1,3,7.490456511898226,0.18169961284338104,0.3854430851415751
ei,*c1ccc(C(F)(F)CC(*)(F)F)s1,3,7.0434049897014175,0.15830457756082672,0.33581472085839703
ei,*CC(=O)C(=S)C(*)=O,3,6.646197179797286,0.26235317779036255,0.5565351332442159
ei,*Oc1ccc(-c2ccc(-c3ccc(*)s3)s2)s1,3,5.151758624630673,0.4926977353740518,1.0451697292747415
ei,*C(=O)C(F)(F)NC(*)(F)F,3,8.03950179144231,0.7096596656488893,1.5054154857447228
ei,*NC(F)(F)CC(*)(F)F,3,8.006567645869291,0.7613275613339179,1.6150196439702915
ei,*Oc1ccc(-c2ccc(-c3ccc(*)cc3)s2)cc1,3,5.681623062795883,0.23543409472508264,0.4994311347078657
ei,*Cc1ccc(CC(*)=S)cc1,3,6.020962547937512,0.06891220918597521,0.1461848712658469
ei,*COc1ccc(O*)cc1,3,5.905091473832278,0.12918789455175797,0.2740489088542821
ei,*CNC(=S)O*,4,6.28476769284878,0.07723514980080554,0.17593678484579112
ei,*CC(*)(F)F,3,7.671132415457585,0.5903166352035674,1.2522506873990036
ei,*C(=S)C(=O)C(F)(F)C(*)(F)F,3,7.130864327643863,0.19701569144267603,0.41793339425781806
ei,*NC(=S)Nc1ccc(Cc2ccc(*)cc2)cc1,3,5.58241344401571,0.29581493795341685,0.6275182458094166
ei,*CCC(F)(F)C(*)(F)F,3,7.673456257714555,0.5735663511468057,1.2167179690689922
ei,*Nc1ccc(C(=S)c2ccc(*)s2)s1,3,5.478634602987256,0.3377243720862037,0.7164215810223702
ei,*Oc1ccc(-c2ccc(C(*)=O)s2)cc1,3,5.884809415322796,0.10666222196676273,0.22626474134736796
ei,*CC(=O)CO*,4,6.7729291179754565,0.2676064758265812,0.6541606600681096
ei,*CNC(=S)c1ccc(*)cc1,3,5.898087167624387,0.1736903409644472,0.36845285376769255
ei,*CC(=S)c1ccc(C(*)=S)s1,3,5.990957844978624,0.09369442969255608,0.19875589978503783
ei,*CNCO*,4,6.087595516800018,0.059362948953860274,0.14539668083370483
ei,*Nc1ccc(*)cc1,3,5.9510439816395175,0.08282894510709488,0.17570672629126527
ei,*CCCCCOC(=O)Nc1ccc(C)c(NC(=O)O*)c1,3,5.439446310532813,0.4260994314295897,0.9038933922707857
ei,*C(=O)c1ccc(Oc2ccc(*)s2)cc1,3,6.260617214960931,0.00373574148173078,0.007924704403475147
ei,*c1ccc(*)s1,3,6.135025620914132,0.03568065564200415,0.07569010068492954
ei,*NC(=O)c1ccc(C(*)=O)s1,3,6.8229397031536285,0.34508455793363835,0.732034892992913
ei,*OC(=S)c1ccc(C(*)=O)cc1,3,6.658528574755672,0.2236795206594113,0.47449591761247856
ei,*Cc1ccc(-c2ccc(O*)s2)s1,3,5.4927854099494455,0.3142206274024634,0.6665626092749202
ei,*Sc1ccc(*)cc1,3,6.151707047792288,0.012294196491661736,0.026079929125481627
ei,*Nc1ccc(-c2ccc(-c3ccc(*)s3)s2)s1,3,5.0870087558734065,0.4956554255429359,1.0514439375999416
ei,*CC(CC(CC(*)c1ccccn1)c1ccccn1)c1ccccn1,3,5.84339274634637,0.21125862672270948,0.44814722261935636
ei,*Cc1ccc(-c2ccc(N*)cc2)cc1,3,5.408429127177592,0.3778142008003967,0.8014649502436093
ei,*NC(=O)Nc1ccc(*)s1,3,5.271314650882189,0.464248376969947,0.9848195265308943
ei,*CC(=O)C(=S)O*,4,6.674175671621402,0.19072199166857343,0.38177153401677355
ei,*Oc1ccc(-c2ccc(-c3ccc(*)cc3)s2)s1,3,5.687798128717238,0.21269972864585257,0.45120426144606274
ei,*c1ccc(NC(F)(F)C(*)(F)F)cc1,3,6.71695047480418,0.010950444434860583,0.023229400550689228
ei,*Oc1ccc(C(F)(F)C(*)(F)F)s1,3,6.850853655353799,0.05864912611313917,0.12441358435579719
ei,*CNCC(*)=S,3,6.111894874262478,0.030461273618149248,0.06461811941691664
ei,*CNc1ccc(-c2ccc(*)s2)cc1,3,5.467965012432711,0.3329565089527121,0.7063074159619864
ei,*Nc1ccc(C(=O)C(*)=S)cc1,3,6.043631252632387,0.049458080361459336,0.10491643202417134
ei,*NC(=S)c1ccc(O*)cc1,3,6.125443703182392,0.011687432193415205,0.02479278767586557
ei,*NC(=S)NC(*)=S,3,6.157054131365414,0.010258080158448835,0.021760674125983037
ei,*Nc1ccc(C(=S)c2ccc(*)cc2)cc1,3,5.623485151922988,0.2675506767093136,0.567560693436616
ei,*NC(=O)C(=S)C(*)=O,3,6.190415046700211,0.06516199948274093,0.13822947512976125
ei,*OC(=O)c1ccc(C(*)=O)s1,3,7.146723554747381,0.4493612819484099,0.9532392290052023
ei,*C(F)C(*)(F)F,3,7.615227481044239,0.572096135532368,1.213599170776667
ei,*CC(=O)NC(*)=O,3,6.002498861889151,0.20351307702269741,0.4317164304686685
ei,*CNCCNC(=O)OC*,4,6.410286226294256,0.0966949491513217,0.2010751696769031
ei,*Cc1ccc(-c2ccc(C(*)=S)s2)cc1,3,5.865050827291387,0.1533812541378796,0.3253707747233756
ei,*CC(O*)C(F)(F)F,3,7.628266727290402,0.527629565584192,1.1192713313372833
ei,*Cc1ccc(C(=O)c2ccc(*)s2)cc1,3,6.466756386459011,0.1337923989187841,0.28381653764006387
eea,*CCNc1ccc(*)cc1,3,1.0416936807394253,0.18823071789696466,0.39929765115766724
eea,*CNC(=O)NCOCO*,4,1.3321713383845268,0.39342336492117697,0.9630029526499211
eea,*COC(=S)O*,4,2.2859126199207287,0.2289254230627667,0.3572642630643328
eea,*C(=O)c1ccc(C(=S)c2ccc(*)s2)cc1,3,3.4783073478024478,0.6175602588372711,1.3100431404454618
eea,*C(F)C(*)(F)F,3,1.5756201302831354,0.03938310508241989,0.08354418200388447
eea,*NC(=O)C(=S)c1ccc(*)cc1,3,3.2685303427386017,0.4947438670944813,1.0495102301188912
eea,*CCOC(=S)NC(=S)c1ccc(N*)cc1,3,2.874059212023216,0.3727066309918169,0.7906301585025179
eea,*Cc1ccc(C(=O)O*)cc1,3,2.1655565516633373,0.0058581196935848364,0.012426948481008893
eea,*CNCCNC(=O)OC*,4,1.1322081249613525,0.49135781437890425,1.103752324709621
eea,*CCc1ccc(O*)s1,3,0.9867316319428477,0.311646300499675,0.6611016372450622
eea,*CNCC(*)=S,3,2.447374871173254,0.2694727370141037,0.5716379990627156
eea,*Cc1ccc(CO*)cc1,3,1.289628674041308,0.17953750552352,0.3808565628989946
eea,*Oc1ccc(Cc2ccc(*)cc2)cc1,3,1.2971297709220784,0.09148943111545048,0.19407839144590366
eea,*CC(=S)C(=O)O*,4,3.4289682716716854,0.48958881546403565,1.1820572361108947
eea,*C(=S)C(F)(F)c1ccc(C(*)(F)F)cc1,3,3.570757892396502,0.5994615333134813,1.2716499457993442
eea,*NC(=O)c1ccc(-c2ccc(*)cc2)cc1,3,2.3098497500228365,0.10203296824927531,0.21644461126096282
eea,*Cc1ccc(NC(*)=S)cc1,3,1.9360233592851364,0.09824127412482694,0.20840121337821493
eea,*Oc1ccc(C(F)(F)C(*)(F)F)s1,3,1.8627696605179225,0.06501179361728834,0.13791084037165469
eea,*c1ccc(-c2ccc(-c3ccc(-c4ccc(*)s4)cc3)s2)cc1,3,2.7211363066400938,0.1644107055580953,0.348767774399382
eea,*CCOC(=O)c1ccc(C(=O)O*)cc1,3,2.242573901660526,0.006987875440924192,0.014823522331093297
eea,*CC(=O)C(=S)C(*)=O,3,4.281647695157379,0.7669147679778616,1.626871899087761
eea,*OC(F)(F)C(=S)C(*)(F)F,3,3.905230313043108,0.7190455539592864,1.5253259615599468
eea,*OC(=O)c1ccc(C(*)=O)s1,3,3.122602190601093,0.3572828842755553,0.7579114508194009
eea,*CNc1ccc(N*)cc1,3,1.2405854210827576,0.28727203939325346,0.6093960213007756
eea,*Cc1ccc(-c2ccc(-c3ccc(*)cc3)s2)cc1,3,1.8386588916299997,0.03601245244511136,0.07639394799328891
eea,*Cc1ccc(Oc2ccc(*)s2)s1,3,1.4170963446523563,0.08563004485906728,0.1816487561794642
eea,*CCOCCOC(=O)O*,4,1.0809763898494413,0.5928581328144987,1.3269743588777112
eea,*C(=S)OC(=S)c1ccc(*)cc1,3,3.2380125626679592,0.7382163109275195,1.5659932783180976
eea,*Cc1ccc(Cc2ccc(*)cc2)cc1,3,1.159662630570741,0.17040524288074604,0.3614841083721485
eea,*CONC(*)=O,3,1.3544408233304577,0.1468155764919528,0.31144286916381625
eea,*CNc1ccc(O*)cc1,3,0.9486467833480349,0.2649519402426978,0.5620479409024336
eea,*Oc1ccc(Oc2ccc(*)s2)s1,3,1.7198792990745406,0.0976171971126329,0.2070773461162998
eea,*CCC(=O)N*,4,1.7200942214257329,0.3530421765763347,0.7209760550743274
eea,*Nc1ccc(NC(=O)NONC(*)=O)s1,3,1.5744778247381488,0.2860990833381139,0.6069078057589066
eea,*C(=S)C(=O)C(F)(F)C(*)(F)F,3,4.418589770032148,0.7600846552332744,1.612383041973862
eea,*Cc1ccc(-c2ccc(C(*)=S)cc2)s1,3,2.6472528363002357,0.3450746104976515,0.7320137912945879
eea,*Cc1ccc(-c2ccc(C(*)=S)cc2)cc1,3,2.495594641348257,0.25077580560016505,0.5319758180921883
eea,*Nc1ccc(-c2ccc(-c3ccc(*)s3)cc2)cc1,3,1.8662929822159275,0.12355107377923617,0.26209140627653205
eea,*CC(=O)CC(*)=O,3,1.9808037490542318,0.20914443526558288,0.44366234527117365
eea,*CNC(=S)c1ccc(*)s1,3,2.263216135427443,0.2086215223667585,0.44255307950098777
eea,*Nc1ccc(-c2ccc(C(*)=S)s2)cc1,3,2.828632193422402,0.4654107596094225,0.9872853124710144
eea,*Cc1ccc(C(=O)c2ccc(*)s2)s1,3,2.426898471436996,0.05687079117887431,0.12064116628207833
eea,*C(=O)c1ccc(Oc2ccc(*)s2)s1,3,2.428544968848015,0.24621467642800837,0.522300201989689
eea,*Nc1ccc(Nc2ccc(*)s2)s1,3,1.5013390921760716,0.05644068361778089,0.11972877036281204
eea,*Cc1ccc(-c2ccc(-c3ccc(*)s3)s2)cc1,3,1.8859619325990848,0.1455946235302403,0.3088528368076062
eea,*Cc1ccc(NO*)s1,3,1.4478077017468902,0.08142745813338437,0.17273372346269933
eea,*CC(=O)O*,4,1.5807632818572677,0.34227205146033524,0.785223023658737
eea,*CCCC(*)=O,3,1.3929799105645453,0.17449972719163764,0.37016982123722864
eea,*Nc1ccc(Oc2ccc(*)cc2)cc1,3,1.1694785392132732,0.08404857148823273,0.17829394454511505
eea,*Cc1ccc(-c2ccc(N*)cc2)cc1,3,1.328197123423063,0.15962575800212295,0.3386173678060318
nc,*NC(=O)c1ccc(NC(=S)c2ccc(Nc3ccc(*)cc3)cc2)s1,3,2.1487670889345076,0.10307335680384039,0.2186516086669683
nc,*CC(*)C,3,1.6891027902850169,0.1051466998446929,0.22304983343870655
nc,*Nc1ccc(C(=O)c2ccc(*)s2)s1,3,2.3221982570262494,0.19015838403509563,0.4033868485520755
nc,*CC(=S)C(=O)O*,4,1.9014702659670808,0.03131233663406148,0.0749712289150457
nc,*C(F)C(*)(F)F,3,1.7275651095920648,0.09529562557243496,0.2021525491790488
nc,*CCC(=O)c1ccc(*)s1,3,1.890015502641357,0.04719543422024319,0.1001166347345328
nc,*Oc1ccc(-c2ccc(C(*)=O)s2)s1,3,2.0285198071378567,0.06580217548405633,0.13958749350481026
nc,*CCCC(*)=O,3,1.715025041199404,0.08096143121107738,0.17174513107176304
nc,*Cc1ccc(-c2ccc(-c3ccc(*)s3)cc2)cc1,3,2.014602936567552,0.024787091820014304,0.05258136213547715
nc,*NOC(=S)O*,4,1.9111000764526276,0.03720232574180211,0.0910673642325639
nc,*C(=O)NC(=O)c1ccc(*)cc1,3,1.9230192513569502,0.03086571601537746,0.06547607130195487
nc,*CC(=O)Cc1ccc(*)s1,3,1.839428862477811,0.055160819501007805,0.1170137685749093
nc,*Nc1ccc(NC(=O)NC(=O)NC(*)=O)s1,3,1.9633070401366444,0.022823926816516252,0.048416860275792395
nc,*OC(F)(F)C(=S)C(*)(F)F,3,1.728777822022013,0.06335623447103063,0.13439886907473197
nc,*CC(=S)NO*,4,1.8879848514909996,0.011751459082946466,0.024389253295044044
nc,*c1ccc(*)cc1,3,2.0355175270899633,0.043084907147738265,0.09139689003287543
nc,*c1ccc(CC(F)(F)C(*)(F)F)s1,3,1.8161994469068468,0.06579660782011158,0.13957568270601817
nc,*CCOC(=O)NCCOCCOCCNC(=O)O*,4,1.707308738086466,0.06838053441694261,0.15058594638545975
nc,*C(=O)c1ccc(C(=O)C(*)=S)cc1,3,2.0805628581019593,0.04224864945564204,0.08962291957817348
nc,*Oc1ccc(-c2ccc(-c3ccc(*)cc3)s2)s1,3,2.12019052105968,0.0814686921522562,0.1728211940257789
nc,*CCC(O*)(C(F)(F)F)C(F)(F)F,3,1.6582526902031496,0.11552792436917934,0.24507173621355993
nc,*NC(=S)c1ccc(O*)cc1,3,1.9844964230090734,0.002598686446262987,0.005512646424990386
nc,*CCC(=O)c1ccc(*)cc1,3,1.8694754317761022,0.06256895874304884,0.1327288050569735
nc,*C(=S)OC(=S)c1ccc(*)s1,3,2.1957039621193126,0.1368338007798771,0.2902683252809406
nc,*CC(=S)CC(*)=S,3,1.94784748592663,0.019306381582765594,0.04095502001204587
nc,*Cc1ccc(-c2ccc(O*)s2)s1,3,1.9647940747353623,0.022428929334209494,0.04757894408092023
nc,*C(=S)C(F)(F)NC(*)(F)F,3,1.8066627070244392,0.03082628760080517,0.06539243100400838
nc,*C(=O)C(=S)OC(*)=S,3,2.179398118690497,0.15245911426657907,0.32341462065477833
nc,*CNOc1ccc(*)s1,3,1.8801550337028035,0.036018897600675996,0.0764076202329056
nc,*C(=S)c1ccc(C(F)(F)C(*)(F)F)cc1,3,1.9342415379954214,0.0022320827230820064,0.004734962488981864
nc,*NC(=S)NC(*)=S,3,2.153721866551288,0.12712388075875541,0.26967047440579806
nc,*CC(=O)CO*,4,1.740046123414874,0.07714360469458699,0.18445937964994696
nc,*C(=O)c1ccc(C(=O)c2ccc(*)cc2)cc1,3,2.0034648120159138,0.002196292496432832,0.00465903995309036
nc,*C(=S)C(=O)CCNc1ccc(C(=S)c2ccc(*)cc2)cc1,3,1.9934566245516656,0.01603918848246147,0.03402425682203303
nc,*Nc1ccc(Oc2ccc(*)cc2)cc1,3,1.9447015674282506,0.01210029087672515,0.025668593199786205
nc,*CCCO*,4,1.7383419257704187,0.08060423164758382,0.1895065148308539
nc,*c1ccc(-c2ccc(Oc3ccc(*)s3)s2)cc1,3,2.1295408718978823,0.07780963486341799,0.1650591613607162
nc,*CNC(=O)ONC(=O)NO*,4,1.785887389243309,0.04537915602856289,0.10475299453405773
nc,*CNC(=O)NCOCO*,4,1.7345462155343112,0.06633398116004638,0.1577012012684733
nc,*c1ccc(-c2ccc(-c3ccc(-c4ccc(*)s4)cc3)cc2)cc1,3,2.2227654943596034,0.0672591868785422,0.14267828141673133
nc,*CC(=O)c1ccc(C(*)=O)s1,3,1.9326307499810447,0.007324760091889052,0.015538162594618043
nc,*Nc1ccc(C(=O)C(*)=S)cc1,3,2.1447912657233954,0.07838610689806193,0.1662820432152996
nc,*NC(=O)c1ccc(-c2ccc(*)cc2)cc1,3,2.030397468259831,0.024223623515532988,0.05138606535822987
nc,*CC(=O)O*,4,1.7702987581665268,0.053309798654841666,0.12791084176959777
nc,*C(=S)c1ccc(C(=S)c2ccc(*)cc2)s1,3,2.1241464364817992,0.0904167582173459,0.19180290860516935
nc,*CC(=S)NC(*)=S,3,2.0159652111193442,0.0445023810930726,0.0944038063495789
nc,*CC(CC(CC(CC(*)c1ccccc1)c1ccccc1)c1ccccc1)c1ccccc1,3,1.6954132996017794,0.08683872731145374,0.1842127588546152
nc,*CC(=O)c1ccc(-c2ccc(*)s2)cc1,3,1.9887387935443346,0.008042728034746063,0.017061202597824288
nc,*Cc1ccc(-c2ccc(-c3ccc(*)s3)cc2)s1,3,1.9846445114085756,0.011756377321815436,0.024939042379330312
nc,*Nc1ccc(C(=O)c2ccc(*)s2)cc1,3,2.112550326324705,0.06179245051059346,0.13108158234652434
eps,*CCOC(=S)NC(=S)c1ccc(N*)cc1,3,5.014433938500382,0.38001133613598737,0.8061257781285516
eps,*CO*,4,3.8880778092621573,0.3142063551907769,0.7648528643085575
eps,*CC(=O)c1ccc(C(*)=S)s1,3,5.223354725237514,0.44895688201919787,0.9523813672084307
eps,*C(=O)Oc1ccc(C(*)=S)cc1,3,4.733428239673358,0.1713935339833842,0.36358059039353385
eps,*CC(=O)Oc1ccc(*)s1,3,4.13699671012708,0.1212869686883765,0.25728851408733444
eps,*C(=O)c1ccc(-c2ccc(C(*)=S)cc2)s1,3,5.482505770507359,0.5534373141584246,1.174017833409275
eps,*Oc1ccc(C(F)(F)C(*)(F)F)s1,3,3.81459855870609,0.24131790869977443,0.5119125889901
eps,*Cc1ccc(Cc2ccc(*)s2)cc1,3,3.7298167216556055,0.40481713536017816,0.8587468246610834
eps,*NC(=S)Nc1ccc(NC(=S)Nc2ccc(Cc3ccc(*)cc3)cc2)cc1,3,4.582626854361783,0.05883452323356307,0.1248068710389898
eps,*CCCO*,4,3.4733996367694764,0.5007826591042576,1.2206463824554064
eps,*CONC(*)=O,3,4.245582211294534,0.15083866097106455,0.3199771201132151
eps,*CNC(=S)c1ccc(*)s1,3,4.61518255395596,0.07131374754634019,0.15127930344552798
eps,*CCC(=O)N*,4,3.8435896436860113,0.36526169877813786,0.8319166887351703
eps,*Oc1ccc(-c2ccc(-c3ccc(*)cc3)s2)s1,3,4.9324409344551485,0.28307406585242595,0.600490774626893
eps,*NC(=O)C(=S)c1ccc(*)s1,3,7.157290308549963,1.4659238389761198,3.1096940617290922
eps,*Nc1ccc(OC(*)=S)s1,3,4.926356916981912,0.18765657276779998,0.3980797054150145
eps,*OC(F)(F)CC(*)(F)F,3,3.754194878913159,0.3619087708130408,0.7677244380383677
eps,*CC(=O)c1ccc(C(*)=O)cc1,3,4.291249329792747,0.11663791835858611,0.24742638904451741
eps,*Cc1ccc(OC(*)=S)cc1,3,4.1335375657070665,0.11887063948834146,0.2521627057985629
eps,*c1ccc(C(F)(F)NC(*)(F)F)s1,3,4.467946364073247,0.011856105124247408,0.02515059699544775
eps,*Cc1ccc(C(=S)c2ccc(*)s2)cc1,3,4.591612756724344,0.06588560181486464,0.13976446747754245
eps,*Cc1ccc(-c2ccc(-c3ccc(*)s3)cc2)s1,3,4.3126438462070045,0.227580589128501,0.4827713335175776
eps,*CC(=O)C(=S)O*,4,4.624354472973732,0.2195695887264868,0.5335149785866875
eps,*Nc1ccc(C(=O)c2ccc(*)s2)s1,3,6.675651176433976,1.30071709438477,2.7592376335342
eps,*OC(=O)C(F)(F)C(*)(F)F,3,3.8104574010236996,0.34084368323731973,0.7230386392251251
eps,*C(=O)NC(F)(F)C(*)(F)F,3,3.832869326377072,0.365322101418967,0.7749652056920135
eps,*CC(=O)c1ccc(-c2ccc(*)cc2)cc1,3,4.122199480562533,0.20208510570908658,0.4286872458710862
eps,*NOc1ccc(O*)cc1,3,4.2293406687724096,0.17270749705006702,0.36636792697757414
eps,*CCC(=O)OC(=O)Cc1ccc(-c2ccc(*)cc2)cc1,3,3.74821325778367,0.3685993213604288,0.781917239024156
eps,*Nc1ccc(Nc2ccc(*)s2)cc1,3,4.891406194444941,0.16451795971783637,0.34899529483037206
eps,*Cc1ccc(-c2ccc(-c3ccc(*)cc3)cc2)cc1,3,3.8515369895903304,0.3026814864441141,0.6420843948127715
eps,*CCOCCOC(=O)O*,4,3.647558140666684,0.40596530095339717,0.9887331539448025
eps,*Nc1ccc(C(=O)C(*)=S)cc1,3,5.277126778313559,0.33417868053229416,0.7089000333970743
eps,*C(=S)C(F)(F)NC(*)(F)F,3,4.473636875408381,0.03792497439962133,0.08045101972289537
eps,*CNc1ccc(C(*)=O)cc1,3,4.366802768972786,0.07754091530695253,0.1644891210988737
eps,*CCC(=S)O*,4,4.0897825205455485,0.20996554222782363,0.4900558240698065
eps,*NC(=S)c1ccc(O*)cc1,3,4.791588250098511,0.04471598332873675,0.09485692511752308
eps,*Nc1ccc(-c2ccc(O*)cc2)cc1,3,4.449380843919051,0.09285595863090498,0.19697723406447132
eps,*NC(=O)C(=S)O*,4,5.678417063888206,0.6068815695657387,1.2767554817051812
eps,*CC(=S)CO*,4,4.253468315494704,0.11455583485704413,0.25270348669652076
eps,*OCCCCONC(*)=O,3,4.12084413363069,0.2097357022775412,0.44491661201211663
eps,*CCCCCCC(=O)N*,4,3.7116952204825466,0.40911289387012245,0.9660337142930722
eps,*CNC(=O)C(*)=S,3,4.957081464923321,0.28246402954096894,0.5991966921890892
eps,*Nc1ccc(-c2ccc(-c3ccc(*)s3)s2)s1,3,6.109152207519163,0.6299359962226339,1.3362960439275833
eps,*c1ccc(C(=O)C(F)(F)C(*)(F)F)cc1,3,4.025643532602602,0.2517174907439655,0.53397343394496
eps,*Cc1ccc(C(=O)O*)s1,3,4.359546845454884,0.05057936955285318,0.10729504559688863
eps,*NC(=O)Oc1ccc(*)s1,3,4.646283152474968,0.018123612491204026,0.03844598787638276
eps,*CC(=O)CC(*)=S,3,4.401120871441818,0.022106898486298144,0.04689581349199212
eps,*CC(=S)c1ccc(O*)s1,3,5.187760987848427,0.3972284477379862,0.8426487872272084
eps,*CNOc1ccc(*)cc1,3,3.9993710146972155,0.2245215584413532,0.47628214948935765
