target,monomer_smiles,dimer_smiles,pred_monomer,pred_dimer,delta,delta_sigma
tg,*OC(=O)CCCCCCCCC(=O)OCC*,*CCOC(=O)CCCCCCCCC(=O)OCCOC(=O)CCCCCCCCC(=O)O*,-41.02069504821932,-39.167288607573866,1.8534064406454505,0.01699069571116633
tg,*Oc1ccc(cc1)C(=O)OCCOCCOCCOCCOC(=O)c1ccc(cc1)OC(=O)c1ccc(cc1)C(=O)*,*Oc1ccc(C(=O)OCCOCCOCCOCCOC(=O)c2ccc(OC(=O)c3ccc(C(=O)Oc4ccc(C(=O)OCCOCCOCCOCCOC(=O)c5ccc(OC(=O)c6ccc(C(*)=O)cc6)cc5)cc4)cc3)cc2)cc1,34.834221368226196,57.416464734244585,22.58224336601839,0.20701774694054872
tg,*N=Nc1ccc(cc1)NC(=O)CCC(=O)Nc1ccc(cc1)*,*N=Nc1ccc(NC(=O)CCC(=O)Nc2ccc(N=Nc3ccc(NC(=O)CCC(=O)Nc4ccc(*)cc4)cc3)cc2)cc1,221.15348269350807,225.3409035235951,4.187420830087035,0.038387259037381605
tg,*c1nc2c(cc1)cc(cc2)C(=O)c1ccc(cc1)Oc1ccc(cc1)c1ccc(cc1)Oc1ccc(cc1)C(=O)*,*C(=O)c1ccc(Oc2ccc(-c3ccc(Oc4ccc(C(=O)c5ccc6nc(C(=O)c7ccc(Oc8ccc(-c9ccc(Oc%10ccc(C(=O)c%11ccc%12nc(*)ccc%12c%11)cc%10)cc9)cc8)cc7)ccc6c5)cc4)cc3)cc2)cc1,234.50667566638936,261.6953331218973,27.18865745550795,0.24924603448598867
tg,*OC(=O)CC(=O)OCCOCC*,*CCOCCOC(=O)CC(=O)OCCOCCOC(=O)CC(=O)O*,-42.59689900191157,-47.64526441566794,-5.048365413756372,-0.04627977906132641
tg,*OC(=O)Nc1ccc(cc1)Cc1ccc(cc1)NC(=O)OCCCCCCCCC*,*CCCCCCCCCOC(=O)Nc1ccc(Cc2ccc(NC(=O)OCCCCCCCCCOC(=O)Nc3ccc(Cc4ccc(NC(=O)O*)cc4)cc3)cc2)cc1,70.61869451739275,84.30096637978312,13.682271862390365,0.12542921657829645
tg,*Oc1ccc(cc1)N1ON1c1ccc(cc1)OCCCCCCOC(=O)CC(=O)OCCCCCC*,*CCCCCCOC(=O)CC(=O)OCCCCCCOc1ccc(-n2on2-c2ccc(OCCCCCCOC(=O)CC(=O)OCCCCCCOc3ccc(-n4on4-c4ccc(O*)cc4)cc3)cc2)cc1,14.438675434253675,51.483420982183425,37.04474554792975,0.33959955328700775
tg,*Oc1ccc(cc1)N=CC=Nc1ccc(cc1)OC(=O)NCCCCCCNC(=O)*,*Oc1ccc(N=CC=Nc2ccc(OC(=O)NCCCCCCNC(=O)Oc3ccc(N=CC=Nc4ccc(OC(=O)NCCCCCCNC(*)=O)cc4)cc3)cc2)cc1,78.89541806303103,101.1486884099649,22.253270346933874,0.20400195917707134
tg,*Oc1ccc(cc1)Oc1ccc(cc1)OCCCCCCOC(=O)OCCOC(=O)OCCCCCC*,*CCCCCCOC(=O)OCCOC(=O)OCCCCCCOc1ccc(Oc2ccc(OCCCCCCOC(=O)OCCOC(=O)OCCCCCCOc3ccc(Oc4ccc(O*)cc4)cc3)cc2)cc1,1.7832759956207735,18.554892023879,16.771616028258226,0.15375009942310197
egc,*COC(=S)O*,*COC(=S)OCOC(=S)O*,4.790721083241003,4.009606793171447,-0.7811142900695556,-0.49810632013401224
egc,*CCCOC(=O)NCCCCCCNC(=O)O*,*CCCOC(=O)NCCCCCCNC(=O)OCCCOC(=O)NCCCCCCNC(=O)O*,6.28432899705602,5.853555788698905,-0.43077320835711497,-0.27469841527029015
egc,*C=CCCCCCCCCCC(Cl)CCCCCCCCC*,*C=CCCCCCCCCCC(Cl)CCCCCCCCCC=CCCCCCCCCCC(Cl)CCCCCCCCC*,5.979149206654781,5.993485540080383,0.014336333425601921,0.009142091468080718
egc,*CCCCCCCCCO*,*CCCCCCCCCOCCCCCCCCCO*,6.158634566637532,6.068994155158832,-0.08964041147870017,-0.05716251266249148
egc,*C1C2CCC(C2)C1*,*C1C2CCC(C2)C1C1C2CCC(C2)C1*,6.20876921345503,5.9438876586104445,-0.2648815548445853,-0.16891148738715714
egc,*CCCCCCCCCNC(=O)NCCCCCCCNC(=O)N*,*CCCCCCCCCNC(=O)NCCCCCCCNC(=O)NCCCCCCCCCNC(=O)NCCCCCCCNC(=O)N*,5.598375655223599,5.2710196653586046,-0.32735598986499426,-0.20875061378144744
egc,*CCCCCCOC(=O)NCC(F)(F)C(F)(F)C(F)(F)C(F)(F)CNC(=O)O*,*CCCCCCOC(=O)NCC(F)(F)C(F)(F)C(F)(F)C(F)(F)CNC(=O)OCCCCCCOC(=O)NCC(F)(F)C(F)(F)C(F)(F)C(F)(F)CNC(=O)O*,6.67373432516723,6.216740606333568,-0.4569937188336617,-0.2914188903039053
egc,*C=CC(C)(C)CC(C#N)C*,*C=CC(C)(C)CC(C#N)CC=CC(C)(C)CC(C#N)C*,5.6280673145430695,5.2068939285488725,-0.42117338599419707,-0.2685767346763947
egc,*CCCCCCCCCCCCO*,*CCCCCCCCCCCCOCCCCCCCCCCCCO*,6.225175799542441,6.036767230694895,-0.18840856884754587,-0.12014566895455206
egc,*CCCCCCCCCCNC(=O)NCCCCCCNC(=O)N*,*CCCCCCCCCCNC(=O)NCCCCCCNC(=O)NCCCCCCCCCCNC(=O)NCCCCCCNC(=O)N*,5.636341383735424,5.270166482496705,-0.3661749012387183,-0.23350492354353392
egc,*CC#CCOC(=O)CCCCCCCCC(=O)O*,*CC#CCOC(=O)CCCCCCCCC(=O)OCC#CCOC(=O)CCCCCCCCC(=O)O*,6.4576258100798904,6.102966417810023,-0.3546593922698671,-0.2261616347702176
egb,*CCOC(=O)C1C2C=CC(C2)C1C(=O)O*,*CCOC(=O)C1C2C=CC(C2)C1C(=O)OCCOC(=O)C1C2C=CC(C2)C1C(=O)O*,5.39853069357144,4.409364953108037,-0.9891657404634033,-0.4999272013669465
egb,*C1C(=O)OC(=O)C1*,*C1C(=O)OC(=O)C1C1C(=O)OC(=O)C1*,5.963531078022826,4.871684859373478,-1.0918462186493478,-0.5518222094476659
egb,*C=CCCCC*,*C=CCCCCC=CCCCC*,5.910337533528427,5.739269213440129,-0.1710683200882981,-0.0864584194598397
egb,*CCOC(=O)NCCSCCCCSCCNC(=O)O*,*CCOC(=O)NCCSCCCCSCCNC(=O)OCCOC(=O)NCCSCCCCSCCNC(=O)O*,5.109599677453906,5.058228992632432,-0.05137068482147367,-0.025962891398838298
ei,*CNC(=S)O*,*CNC(=S)OCNC(=S)O*,6.242516300680846,6.477858773315462,0.23534247263461605,0.2247562644526431
ei,*CC(=O)CO*,*CC(=O)COCC(=O)CO*,6.9811135662127946,7.296644060977029,0.3155304947642348,0.30133725770021746
ei,*CNCO*,*CNCOCNCO*,6.038685018727871,6.106579249951511,0.06789423122364013,0.06484020337204892
ei,*CC(=O)C(=S)O*,*CC(=O)C(=S)OCC(=O)C(=S)O*,6.737968176842029,6.986653052510615,0.24868487566858555,0.23749849763803332
ei,*CNCCNC(=O)OC*,*CNCCNC(=O)OCCNCCNC(=O)OC*,6.372764705575802,6.735675508822666,0.362910803246864,0.34658629848727035
eea,*CNC(=O)NCOCO*,*CNC(=O)NCOCOCNC(=O)NCOCO*,1.0026166753526262,1.031014907351614,0.028398231998987722,0.02564964343274453
eea,*COC(=S)O*,*COC(=S)OCOC(=S)O*,2.3031284176560924,2.853098172654126,0.5499697549980334,0.49673966023646343
eea,*CNCCNC(=O)OC*,*CNCCNC(=O)OCCNCCNC(=O)OC*,0.8774095530732304,0.7357436922534836,-0.14166586081974686,-0.12795440282158574
eea,*CC(=S)C(=O)O*,*CC(=S)C(=O)OCC(=S)C(=O)O*,3.8706691311508896,4.831996300386685,0.961327169235795,0.8682828957093788
eea,*CCOCCOC(=O)O*,*CCOCCOC(=O)OCCOCCOC(=O)O*,0.499602522544515,0.32078651147669474,-0.17881601106782025,-0.16150888985338174
eea,*CCC(=O)N*,*CCC(=O)NCCC(=O)N*,1.367216117001283,1.3209073474009916,-0.04630876960029151,-0.04182666822705501
eea,*CC(=O)O*,*CC(=O)OCC(=O)O*,1.2497700191415344,1.338217261670331,0.08844724252879654,0.07988667159117428
nc,*CC(=S)C(=O)O*,*CC(=S)C(=O)OCC(=S)C(=O)O*,1.9226448504589246,2.0272530332541248,0.10460818279520012,0.4443162995934629
nc,*NOC(=S)O*,*NOC(=S)ONOC(=S)O*,1.940680786923696,2.203858724318237,0.2631779373945409,1.1178307867818913
nc,*CC(=S)NO*,*CC(=S)NOCC(=S)NO*,1.892511015894746,1.9650747140699245,0.07256369817517849,0.3082094822460829
nc,*CCOC(=O)NCCOCCOCCNC(=O)O*,*CCOC(=O)NCCOCCOCCNC(=O)OCCOC(=O)NCCOCCOCCNC(=O)O*,1.6744006331734813,1.5854887648049756,-0.08891186836850573,-0.37764724792875565
nc,*CC(=O)CO*,*CC(=O)COCC(=O)CO*,1.688225041982518,1.6694260527161144,-0.018798989266403554,-0.0798474567070762
nc,*CCCO*,*CCCOCCCO*,1.6882317878576933,1.646293187173725,-0.041938600683968374,-0.17813141733386187
nc,*CNC(=O)ONC(=O)NO*,*CNC(=O)ONC(=O)NOCNC(=O)ONC(=O)NO*,1.7597333390363534,1.7153328123842275,-0.044400526652125905,-0.18858828415647336
nc,*CNC(=O)NCOCO*,*CNC(=O)NCOCOCNC(=O)NCOCO*,1.6912032517066513,1.6444732580064196,-0.046729993700231676,-0.1984825405251707
nc,*CC(=O)O*,*CC(=O)OCC(=O)O*,1.7338551063597865,1.7039976600812874,-0.029857446278499067,-0.1268175174378617
eps,*CO*,*COCO*,3.6533394713068836,3.6689073862402344,0.015567914933350746,0.014230390404311798
eps,*CCCO*,*CCCOCCCO*,3.0379187146752074,3.097347967574423,0.05942925289921552,0.054323361465747164
eps,*CCC(=O)N*,*CCC(=O)NCCC(=O)N*,3.48867706699845,3.5653069256623904,0.07662985866394045,0.07004616932220098
eps,*CC(=O)C(=S)O*,*CC(=O)C(=S)OCC(=O)C(=S)O*,4.786160551484708,5.679587000564483,0.893426449079775,0.8166673072388602
eps,*CCOCCOC(=O)O*,*CCOCCOC(=O)OCCOCCOC(=O)O*,3.342984537634713,3.3152225079012085,-0.027762029733504612,-0.02537684225634778
eps,*CCC(=S)O*,*CCC(=S)OCCC(=S)O*,3.9632170975780148,4.672759086920288,0.7095419893422732,0.6485813649303747
eps,*NC(=O)C(=S)O*,*NC(=O)C(=S)ONC(=O)C(=S)O*,6.283465448297899,7.016685471115901,0.7332200228180019,0.6702250893346074
eps,*CC(=S)CO*,*CC(=S)COCC(=S)CO*,4.19798484272278,4.68335211277604,0.48536727005325986,0.44366671914016603
eps,*CCCCCCC(=O)N*,*CCCCCCC(=O)NCCCCCCC(=O)N*,3.326870757293918,3.301488896225002,-0.0253818610689156,-0.02320116687077314
